"symbol","month","timestamp","open","high","low","close","volume"
"BTCUSDT","2026-05","1777593600","76346.58","76591.0","76320.42","76458.05","0.0"
"BTCUSDT","2026-05","1777597200","76458.06","76776.21","76449.5","76686.13","0.0"
"BTCUSDT","2026-05","1777600800","76686.12","76744.6","76533.74","76592.54","0.0"
"BTCUSDT","2026-05","1777604400","76592.54","77453.74","76555.06","77131.08","0.0"
"BTCUSDT","2026-05","1777608000","77131.08","77206.38","76653.6","77042.44","0.0"
"BTCUSDT","2026-05","1777611600","77042.44","77184.96","77033.91","77165.98","0.0"
"BTCUSDT","2026-05","1777615200","77165.99","77179.53","76882.0","76993.48","0.0"
"BTCUSDT","2026-05","1777618800","76993.49","77140.36","76957.04","77130.54","0.0"
"BTCUSDT","2026-05","1777622400","77130.54","77500.0","77048.0","77377.47","0.0"
"BTCUSDT","2026-05","1777626000","77377.48","77391.99","77200.15","77268.55","0.0"
"BTCUSDT","2026-05","1777629600","77268.56","77433.72","77146.48","77304.34","0.0"
"BTCUSDT","2026-05","1777633200","77303.8","77600.0","77263.66","77463.98","0.0"
"BTCUSDT","2026-05","1777636800","77463.98","78170.2","77408.73","77896.01","0.0"
"BTCUSDT","2026-05","1777640400","77896.01","78914.12","77896.0","78737.25","0.0"
"BTCUSDT","2026-05","1777644000","78737.26","78871.8","78051.86","78358.75","0.0"
"BTCUSDT","2026-05","1777647600","78358.74","78735.92","78176.06","78445.89","0.0"
"BTCUSDT","2026-05","1777651200","78445.88","78683.23","78167.53","78214.36","0.0"
"BTCUSDT","2026-05","1777654800","78214.36","78584.61","78131.02","78552.94","0.0"
"BTCUSDT","2026-05","1777658400","78552.93","78623.37","78375.53","78423.9","0.0"
"BTCUSDT","2026-05","1777662000","78423.91","78540.0","78313.16","78360.0","0.0"
"BTCUSDT","2026-05","1777665600","78360.01","78422.81","77752.0","77880.18","0.0"
"BTCUSDT","2026-05","1777669200","77880.18","78200.0","77857.97","78199.99","0.0"
"BTCUSDT","2026-05","1777672800","78200.0","78411.13","78144.7","78153.38","0.0"
"BTCUSDT","2026-05","1777676400","78153.37","78249.6","78043.28","78231.13","0.0"
"BTCUSDT","2026-05","1777680000","78231.13","78393.39","78166.48","78341.75","0.0"
"BTCUSDT","2026-05","1777683600","78341.75","78441.31","78294.19","78355.0","0.0"
"BTCUSDT","2026-05","1777687200","78355.0","78513.7","78260.95","78353.93","0.0"
"BTCUSDT","2026-05","1777690800","78353.93","78514.82","78237.25","78400.0","0.0"
"BTCUSDT","2026-05","1777694400","78399.99","78448.99","78123.53","78175.5","0.0"
"BTCUSDT","2026-05","1777698000","78175.5","78235.25","78040.0","78174.0","0.0"
"BTCUSDT","2026-05","1777701600","78174.0","78363.21","78148.24","78327.8","0.0"
"BTCUSDT","2026-05","1777705200","78327.8","78342.18","78207.2","78220.0","0.0"
"BTCUSDT","2026-05","1777708800","78220.0","78356.51","78165.3","78315.37","0.0"
"BTCUSDT","2026-05","1777712400","78315.36","78394.0","78220.0","78293.57","0.0"
"BTCUSDT","2026-05","1777716000","78293.57","78311.97","78225.22","78249.3","0.0"
"BTCUSDT","2026-05","1777719600","78249.31","78249.31","78094.43","78143.08","0.0"
"BTCUSDT","2026-05","1777723200","78143.09","78262.37","78108.41","78211.24","0.0"
"BTCUSDT","2026-05","1777726800","78211.24","78423.85","78211.24","78367.06","0.0"
"BTCUSDT","2026-05","1777730400","78367.06","78484.42","78309.84","78423.98","0.0"
"BTCUSDT","2026-05","1777734000","78423.98","78487.68","78365.96","78487.67","0.0"
"BTCUSDT","2026-05","1777737600","78487.67","78596.61","78430.07","78455.02","0.0"
"BTCUSDT","2026-05","1777741200","78455.02","78485.53","78368.24","78398.02","0.0"
"BTCUSDT","2026-05","1777744800","78398.03","78493.31","78310.54","78466.62","0.0"
"BTCUSDT","2026-05","1777748400","78466.63","78521.68","78440.11","78486.0","0.0"
"BTCUSDT","2026-05","1777752000","78486.23","78491.26","78418.32","78451.38","0.0"
"BTCUSDT","2026-05","1777755600","78451.37","79199.48","78439.51","78719.78","0.0"
"BTCUSDT","2026-05","1777759200","78719.78","78872.39","78610.46","78832.98","0.0"
"BTCUSDT","2026-05","1777762800","78832.98","78832.98","78631.9","78686.85","0.0"
"BTCUSDT","2026-05","1777766400","78686.84","78754.55","78490.61","78542.32","0.0"
"BTCUSDT","2026-05","1777770000","78542.33","78542.33","78152.25","78240.83","0.0"
"BTCUSDT","2026-05","1777773600","78240.84","78309.09","78108.75","78171.85","0.0"
"BTCUSDT","2026-05","1777777200","78171.86","78217.59","78109.94","78203.08","0.0"
"BTCUSDT","2026-05","1777780800","78203.07","78236.45","78120.0","78163.19","0.0"
"BTCUSDT","2026-05","1777784400","78163.19","78260.75","78163.17","78249.42","0.0"
"BTCUSDT","2026-05","1777788000","78249.41","78337.26","78084.08","78288.3","0.0"
"BTCUSDT","2026-05","1777791600","78288.3","78483.67","78288.29","78363.25","0.0"
"BTCUSDT","2026-05","1777795200","78363.24","78505.92","78363.24","78387.86","0.0"
"BTCUSDT","2026-05","1777798800","78387.87","78604.67","78354.53","78529.57","0.0"
"BTCUSDT","2026-05","1777802400","78529.57","78534.4","78406.97","78408.01","0.0"
"BTCUSDT","2026-05","1777806000","78408.01","78849.22","78380.0","78656.01","0.0"
"BTCUSDT","2026-05","1777809600","78656.01","78878.77","78656.0","78747.09","0.0"
"BTCUSDT","2026-05","1777813200","78747.09","78769.63","78586.99","78670.01","0.0"
"BTCUSDT","2026-05","1777816800","78670.01","78786.57","78608.7","78741.0","0.0"
"BTCUSDT","2026-05","1777820400","78741.0","78815.19","78633.4","78668.36","0.0"
"BTCUSDT","2026-05","1777824000","78668.36","78784.56","78600.0","78654.0","0.0"
"BTCUSDT","2026-05","1777827600","78654.01","78822.83","78558.65","78725.76","0.0"
"BTCUSDT","2026-05","1777831200","78725.76","78763.57","78631.61","78739.67","0.0"
"BTCUSDT","2026-05","1777834800","78739.68","78853.32","78676.67","78760.32","0.0"
"BTCUSDT","2026-05","1777838400","78760.32","79268.0","78732.04","78915.99","0.0"
"BTCUSDT","2026-05","1777842000","78915.99","79056.59","78650.0","78831.59","0.0"
"BTCUSDT","2026-05","1777845600","78831.6","79447.0","78831.6","79177.29","0.0"
"BTCUSDT","2026-05","1777849200","79177.29","79287.82","78484.42","78568.57","0.0"
"BTCUSDT","2026-05","1777852800","78568.58","78572.57","78288.88","78547.14","0.0"
"BTCUSDT","2026-05","1777856400","78547.15","79848.84","78412.49","79769.43","0.0"
"BTCUSDT","2026-05","1777860000","79769.43","80420.9","79540.05","80173.3","0.0"
"BTCUSDT","2026-05","1777863600","80173.3","80458.0","79926.9","80316.31","0.0"
"BTCUSDT","2026-05","1777867200","80316.3","80635.51","80233.04","80332.06","0.0"
"BTCUSDT","2026-05","1777870800","80332.06","80395.96","79956.25","80027.26","0.0"
"BTCUSDT","2026-05","1777874400","80027.26","80048.64","79500.0","79877.9","0.0"
"BTCUSDT","2026-05","1777878000","79877.91","79946.33","79672.0","79696.75","0.0"
"BTCUSDT","2026-05","1777881600","79696.75","79800.0","79602.32","79708.3","0.0"
"BTCUSDT","2026-05","1777885200","79708.3","79930.0","79647.87","79838.48","0.0"
"BTCUSDT","2026-05","1777888800","79838.49","79880.0","78202.0","78940.26","0.0"
"BTCUSDT","2026-05","1777892400","78940.27","79124.83","78708.87","78793.67","0.0"
"BTCUSDT","2026-05","1777896000","78793.67","79020.0","78718.55","78857.18","0.0"
"BTCUSDT","2026-05","1777899600","78857.18","79124.83","78581.74","78790.0","0.0"
"BTCUSDT","2026-05","1777903200","78790.01","80545.17","78500.0","80216.16","0.0"
"BTCUSDT","2026-05","1777906800","80216.15","80367.93","79320.28","80028.85","0.0"
"BTCUSDT","2026-05","1777910400","80028.85","80395.68","79619.33","80025.03","0.0"
"BTCUSDT","2026-05","1777914000","80025.03","80776.99","80021.5","80390.81","0.0"
"BTCUSDT","2026-05","1777917600","80390.8","80439.18","80035.32","80114.91","0.0"
"BTCUSDT","2026-05","1777921200","80114.91","80138.0","79900.0","80053.31","0.0"
"BTCUSDT","2026-05","1777924800","80053.31","80154.12","79901.0","79936.7","0.0"
"BTCUSDT","2026-05","1777928400","79936.7","80383.15","79936.7","80259.17","0.0"
"BTCUSDT","2026-05","1777932000","80259.18","80397.19","80042.84","80067.23","0.0"
"BTCUSDT","2026-05","1777935600","80067.22","80067.22","79744.91","79861.01","0.0"
"BTCUSDT","2026-05","1777939200","79861.01","80183.33","79808.72","80170.66","0.0"
"BTCUSDT","2026-05","1777942800","80170.66","80385.06","80080.76","80352.0","0.0"
"BTCUSDT","2026-05","1777946400","80351.99","80900.0","80300.0","80554.68","0.0"
"BTCUSDT","2026-05","1777950000","80554.69","81083.98","80457.93","80893.08","0.0"
"BTCUSDT","2026-05","1777953600","80893.08","80982.59","80725.0","80902.44","0.0"
"BTCUSDT","2026-05","1777957200","80902.44","81323.52","80830.06","80970.0","0.0"
"BTCUSDT","2026-05","1777960800","80969.99","81016.42","80800.0","80976.0","0.0"
"BTCUSDT","2026-05","1777964400","80976.0","81136.59","80826.0","80855.59","0.0"
"BTCUSDT","2026-05","1777968000","80855.59","80895.5","80723.2","80815.24","0.0"
"BTCUSDT","2026-05","1777971600","80815.24","80815.24","80527.76","80586.02","0.0"
"BTCUSDT","2026-05","1777975200","80586.02","80831.87","80530.82","80823.61","0.0"
"BTCUSDT","2026-05","1777978800","80823.61","81095.48","80780.0","81014.05","0.0"
"BTCUSDT","2026-05","1777982400","81014.05","81329.61","80932.54","81279.41","0.0"
"BTCUSDT","2026-05","1777986000","81279.4","81712.32","81196.0","81330.0","0.0"
"BTCUSDT","2026-05","1777989600","81330.0","81500.0","80939.87","81336.59","0.0"
"BTCUSDT","2026-05","1777993200","81336.59","81689.2","81235.0","81525.19","0.0"
"BTCUSDT","2026-05","1777996800","81525.19","81615.33","81050.04","81285.75","0.0"
"BTCUSDT","2026-05","1778000400","81285.75","81458.26","81185.02","81270.6","0.0"
"BTCUSDT","2026-05","1778004000","81270.61","81599.0","81270.61","81515.0","0.0"
"BTCUSDT","2026-05","1778007600","81515.0","81680.0","81407.58","81606.35","0.0"
"BTCUSDT","2026-05","1778011200","81606.35","81770.0","81510.13","81646.38","0.0"
"BTCUSDT","2026-05","1778014800","81646.39","81791.48","81305.27","81407.11","0.0"
"BTCUSDT","2026-05","1778018400","81407.11","81600.0","80817.72","81111.27","0.0"
"BTCUSDT","2026-05","1778022000","81111.27","81222.03","80790.0","80905.52","0.0"
"BTCUSDT","2026-05","1778025600","80905.53","81262.28","80731.14","81030.01","0.0"
"BTCUSDT","2026-05","1778029200","81030.0","81534.23","80996.0","81439.34","0.0"
"BTCUSDT","2026-05","1778032800","81439.34","81449.04","81047.01","81363.54","0.0"
"BTCUSDT","2026-05","1778036400","81363.54","81760.84","81358.17","81581.69","0.0"
"BTCUSDT","2026-05","1778040000","81581.7","81649.99","81270.0","81331.1","0.0"
"BTCUSDT","2026-05","1778043600","81331.1","81360.3","81060.0","81333.0","0.0"
"BTCUSDT","2026-05","1778047200","81333.0","81516.9","81211.34","81476.71","0.0"
"BTCUSDT","2026-05","1778050800","81476.71","81611.0","81307.81","81359.82","0.0"
"BTCUSDT","2026-05","1778054400","81359.82","81986.0","81328.68","81945.66","0.0"
"BTCUSDT","2026-05","1778058000","81945.66","82060.0","81682.7","81997.0","0.0"
"BTCUSDT","2026-05","1778061600","81997.0","82390.0","81953.25","82290.04","0.0"
"BTCUSDT","2026-05","1778065200","82290.03","82850.0","82261.6","82522.89","0.0"
"BTCUSDT","2026-05","1778068800","82522.88","82539.33","82164.61","82220.47","0.0"
"BTCUSDT","2026-05","1778072400","82220.47","82220.47","81600.0","81670.89","0.0"
"BTCUSDT","2026-05","1778076000","81670.9","81980.72","81136.0","81526.73","0.0"
"BTCUSDT","2026-05","1778079600","81526.74","81823.0","81316.28","81704.25","0.0"
"BTCUSDT","2026-05","1778083200","81704.25","81907.51","81431.16","81630.94","0.0"
"BTCUSDT","2026-05","1778086800","81630.94","81709.32","81394.0","81452.63","0.0"
"BTCUSDT","2026-05","1778090400","81452.63","81559.17","81271.06","81353.14","0.0"
"BTCUSDT","2026-05","1778094000","81353.15","81522.41","81200.0","81464.87","0.0"
"BTCUSDT","2026-05","1778097600","81464.86","81700.0","81302.35","81427.52","0.0"
"BTCUSDT","2026-05","1778101200","81427.52","81618.77","81294.64","81539.16","0.0"
"BTCUSDT","2026-05","1778104800","81539.16","81540.91","81240.0","81342.39","0.0"
"BTCUSDT","2026-05","1778108400","81342.39","81447.3","81000.0","81447.01","0.0"
"BTCUSDT","2026-05","1778112000","81447.01","81490.03","80980.0","81016.96","0.0"
"BTCUSDT","2026-05","1778115600","81016.96","81284.67","80830.23","81167.8","0.0"
"BTCUSDT","2026-05","1778119200","81167.79","81180.74","80883.54","81113.34","0.0"
"BTCUSDT","2026-05","1778122800","81113.35","81113.35","80834.61","80834.91","0.0"
"BTCUSDT","2026-05","1778126400","80834.92","80989.59","80725.09","80979.19","0.0"
"BTCUSDT","2026-05","1778130000","80979.19","81172.27","80974.06","81088.0","0.0"
"BTCUSDT","2026-05","1778133600","81088.0","81443.21","80874.41","81438.61","0.0"
"BTCUSDT","2026-05","1778137200","81438.62","81708.32","81390.3","81518.58","0.0"
"BTCUSDT","2026-05","1778140800","81518.57","81590.0","81194.74","81231.24","0.0"
"BTCUSDT","2026-05","1778144400","81231.25","81231.25","80852.33","80929.0","0.0"
"BTCUSDT","2026-05","1778148000","80929.0","80997.0","80572.4","80850.75","0.0"
"BTCUSDT","2026-05","1778151600","80850.76","81041.15","80786.5","80866.65","0.0"
"BTCUSDT","2026-05","1778155200","80866.65","81180.0","80846.87","81162.01","0.0"
"BTCUSDT","2026-05","1778158800","81162.0","81162.01","80260.98","80503.68","0.0"
"BTCUSDT","2026-05","1778162400","80503.69","80685.7","80046.0","80171.38","0.0"
"BTCUSDT","2026-05","1778166000","80171.37","80271.42","79699.52","79890.63","0.0"
"BTCUSDT","2026-05","1778169600","79890.0","80020.0","79646.79","79801.08","0.0"
"BTCUSDT","2026-05","1778173200","79801.08","80135.17","79500.0","80094.52","0.0"
"BTCUSDT","2026-05","1778176800","80094.52","80269.06","80004.4","80200.59","0.0"
"BTCUSDT","2026-05","1778180400","80200.6","80224.0","79934.3","80146.11","0.0"
"BTCUSDT","2026-05","1778184000","80146.77","80371.23","79859.51","79879.99","0.0"
"BTCUSDT","2026-05","1778187600","79880.0","79934.92","79660.0","79735.01","0.0"
"BTCUSDT","2026-05","1778191200","79735.0","79990.0","79582.95","79919.01","0.0"
"BTCUSDT","2026-05","1778194800","79919.0","80068.03","79871.98","80006.0","0.0"
"BTCUSDT","2026-05","1778198400","80006.0","80142.84","79729.72","79831.99","0.0"
"BTCUSDT","2026-05","1778202000","79831.98","79900.11","79612.63","79740.01","0.0"
"BTCUSDT","2026-05","1778205600","79740.01","79761.61","79316.99","79488.46","0.0"
"BTCUSDT","2026-05","1778209200","79488.47","79666.66","79181.48","79578.85","0.0"
"BTCUSDT","2026-05","1778212800","79578.84","79748.0","79551.26","79655.23","0.0"
"BTCUSDT","2026-05","1778216400","79655.22","79778.95","79600.0","79600.01","0.0"
"BTCUSDT","2026-05","1778220000","79600.01","79654.0","79411.0","79525.76","0.0"
"BTCUSDT","2026-05","1778223600","79525.77","79727.0","79248.58","79682.4","0.0"
"BTCUSDT","2026-05","1778227200","79682.4","79987.27","79666.05","79886.01","0.0"
"BTCUSDT","2026-05","1778230800","79886.0","80061.17","79794.88","79872.72","0.0"
"BTCUSDT","2026-05","1778234400","79872.72","80278.92","79788.01","80212.56","0.0"
"BTCUSDT","2026-05","1778238000","80212.55","80340.94","80127.54","80231.22","0.0"
"BTCUSDT","2026-05","1778241600","80231.22","80500.0","79966.14","80025.82","0.0"
"BTCUSDT","2026-05","1778245200","80025.81","80095.99","79549.54","79647.8","0.0"
"BTCUSDT","2026-05","1778248800","79647.81","80441.79","79647.8","80150.97","0.0"
"BTCUSDT","2026-05","1778252400","80150.97","80200.0","79625.0","80142.14","0.0"
"BTCUSDT","2026-05","1778256000","80142.13","80182.18","79741.3","79802.34","0.0"
"BTCUSDT","2026-05","1778259600","79802.35","80261.87","79738.75","80060.0","0.0"
"BTCUSDT","2026-05","1778263200","80060.0","80299.99","80059.99","80078.4","0.0"
"BTCUSDT","2026-05","1778266800","80078.39","80181.66","79954.54","80179.94","0.0"
"BTCUSDT","2026-05","1778270400","80180.0","80299.93","80089.76","80133.09","0.0"
"BTCUSDT","2026-05","1778274000","80133.08","80264.0","80116.32","80263.99","0.0"
"BTCUSDT","2026-05","1778277600","80264.0","80409.09","80238.42","80262.0","0.0"
"BTCUSDT","2026-05","1778281200","80262.0","80299.27","80111.02","80193.17","0.0"
"BTCUSDT","2026-05","1778284800","80193.18","80240.87","80129.85","80238.76","0.0"
"BTCUSDT","2026-05","1778288400","80238.75","80446.58","80217.46","80327.75","0.0"
"BTCUSDT","2026-05","1778292000","80327.75","80477.47","80327.75","80417.87","0.0"
"BTCUSDT","2026-05","1778295600","80417.88","80550.67","80307.76","80383.95","0.0"
"BTCUSDT","2026-05","1778299200","80383.96","80666.66","80373.55","80379.9","0.0"
"BTCUSDT","2026-05","1778302800","80379.9","80480.49","80343.0","80379.49","0.0"
"BTCUSDT","2026-05","1778306400","80379.5","80428.01","80201.6","80263.92","0.0"
"BTCUSDT","2026-05","1778310000","80263.93","80309.05","80135.0","80228.89","0.0"
"BTCUSDT","2026-05","1778313600","80228.88","80452.44","80220.0","80407.12","0.0"
"BTCUSDT","2026-05","1778317200","80407.12","80415.83","80214.0","80242.53","0.0"
"BTCUSDT","2026-05","1778320800","80242.54","80346.94","80166.26","80264.02","0.0"
"BTCUSDT","2026-05","1778324400","80264.01","80366.07","80256.95","80345.46","0.0"
"BTCUSDT","2026-05","1778328000","80345.47","80416.21","80274.03","80397.97","0.0"
"BTCUSDT","2026-05","1778331600","80397.97","80422.0","80318.7","80391.18","0.0"
"BTCUSDT","2026-05","1778335200","80391.18","80426.9","80254.71","80332.22","0.0"
"BTCUSDT","2026-05","1778338800","80332.23","80600.0","80234.0","80527.92","0.0"
"BTCUSDT","2026-05","1778342400","80527.92","80777.0","80487.4","80625.01","0.0"
"BTCUSDT","2026-05","1778346000","80625.0","80928.56","80625.0","80812.7","0.0"
"BTCUSDT","2026-05","1778349600","80812.69","81080.0","80787.39","80907.65","0.0"
"BTCUSDT","2026-05","1778353200","80907.66","80958.0","80776.99","80938.53","0.0"
"BTCUSDT","2026-05","1778356800","80938.53","80938.53","80744.98","80805.5","0.0"
"BTCUSDT","2026-05","1778360400","80805.51","80896.0","80744.98","80780.83","0.0"
"BTCUSDT","2026-05","1778364000","80780.83","80823.24","80670.01","80782.38","0.0"
"BTCUSDT","2026-05","1778367600","80782.38","80850.0","80621.88","80678.4","0.0"
"BTCUSDT","2026-05","1778371200","80678.41","80770.51","80610.64","80680.04","0.0"
"BTCUSDT","2026-05","1778374800","80680.03","80690.73","80572.77","80685.56","0.0"
"BTCUSDT","2026-05","1778378400","80685.55","80790.0","80611.0","80777.42","0.0"
"BTCUSDT","2026-05","1778382000","80777.42","80887.15","80709.59","80775.0","0.0"
"BTCUSDT","2026-05","1778385600","80774.99","80840.0","80722.78","80759.93","0.0"
"BTCUSDT","2026-05","1778389200","80759.93","80816.52","80682.0","80700.77","0.0"
"BTCUSDT","2026-05","1778392800","80700.76","80753.04","80658.97","80733.75","0.0"
"BTCUSDT","2026-05","1778396400","80733.75","80827.14","80720.1","80736.03","0.0"
"BTCUSDT","2026-05","1778400000","80736.03","80909.65","80715.33","80830.33","0.0"
"BTCUSDT","2026-05","1778403600","80830.34","80913.8","80756.53","80807.96","0.0"
"BTCUSDT","2026-05","1778407200","80807.95","80883.48","80691.0","80873.79","0.0"
"BTCUSDT","2026-05","1778410800","80873.8","80975.4","80750.0","80821.21","0.0"
"BTCUSDT","2026-05","1778414400","80821.21","80950.0","80784.2","80927.72","0.0"
"BTCUSDT","2026-05","1778418000","80927.71","81000.01","80865.44","80971.67","0.0"
"BTCUSDT","2026-05","1778421600","80971.66","80999.36","80816.22","80990.11","0.0"
"BTCUSDT","2026-05","1778425200","80990.11","81442.81","80936.0","81418.01","0.0"
"BTCUSDT","2026-05","1778428800","81418.01","81500.0","81200.0","81378.25","0.0"
"BTCUSDT","2026-05","1778432400","81378.25","81583.11","81220.0","81476.18","0.0"
"BTCUSDT","2026-05","1778436000","81476.18","81493.11","81231.14","81271.96","0.0"
"BTCUSDT","2026-05","1778439600","81271.96","81481.92","81148.0","81437.83","0.0"
"BTCUSDT","2026-05","1778443200","81437.83","81459.66","80279.77","80734.88","0.0"
"BTCUSDT","2026-05","1778446800","80734.88","80944.44","80571.97","80720.47","0.0"
"BTCUSDT","2026-05","1778450400","80720.47","82171.96","80666.66","82044.49","0.0"
"BTCUSDT","2026-05","1778454000","82044.49","82479.32","82044.49","82210.07","0.0"
"BTCUSDT","2026-05","1778457600","82210.07","82380.0","81280.0","81471.13","0.0"
"BTCUSDT","2026-05","1778461200","81471.13","81744.85","81291.23","81501.72","0.0"
"BTCUSDT","2026-05","1778464800","81501.73","81572.4","81117.64","81169.08","0.0"
"BTCUSDT","2026-05","1778468400","81169.09","81188.97","80525.0","80736.01","0.0"
"BTCUSDT","2026-05","1778472000","80736.0","80879.12","80639.99","80824.61","0.0"
"BTCUSDT","2026-05","1778475600","80824.61","80981.8","80761.73","80832.33","0.0"
"BTCUSDT","2026-05","1778479200","80832.34","81049.51","80762.0","80822.86","0.0"
"BTCUSDT","2026-05","1778482800","80822.86","80840.3","80663.11","80740.4","0.0"
"BTCUSDT","2026-05","1778486400","80740.4","80863.42","80621.87","80767.97","0.0"
"BTCUSDT","2026-05","1778490000","80767.97","80997.63","80758.3","80966.57","0.0"
"BTCUSDT","2026-05","1778493600","80966.58","81200.0","80940.0","80940.0","0.0"
"BTCUSDT","2026-05","1778497200","80940.0","81196.95","80900.0","81196.94","0.0"
"BTCUSDT","2026-05","1778500800","81196.95","81356.46","81029.77","81054.65","0.0"
"BTCUSDT","2026-05","1778504400","81054.65","81332.29","80739.63","81072.0","0.0"
"BTCUSDT","2026-05","1778508000","81072.01","81252.72","80462.97","80953.38","0.0"
"BTCUSDT","2026-05","1778511600","80953.39","81458.0","80826.02","81445.9","0.0"
"BTCUSDT","2026-05","1778515200","81445.89","81910.35","81344.72","81575.85","0.0"
"BTCUSDT","2026-05","1778518800","81575.84","82071.77","81369.42","81941.09","0.0"
"BTCUSDT","2026-05","1778522400","81941.09","82137.26","81836.15","81858.96","0.0"
"BTCUSDT","2026-05","1778526000","81858.97","82091.11","81739.09","81961.99","0.0"
"BTCUSDT","2026-05","1778529600","81961.99","82078.91","81758.5","81821.02","0.0"
"BTCUSDT","2026-05","1778533200","81821.03","81906.35","81600.0","81821.18","0.0"
"BTCUSDT","2026-05","1778536800","81821.18","81969.99","81729.99","81833.92","0.0"
"BTCUSDT","2026-05","1778540400","81833.92","81833.92","81596.31","81745.65","0.0"
"BTCUSDT","2026-05","1778544000","81745.66","81788.0","81478.75","81545.2","0.0"
"BTCUSDT","2026-05","1778547600","81545.2","81615.67","80714.28","81199.18","0.0"
"BTCUSDT","2026-05","1778551200","81199.18","81332.29","81087.63","81249.93","0.0"
"BTCUSDT","2026-05","1778554800","81249.93","81294.42","81024.41","81058.8","0.0"
"BTCUSDT","2026-05","1778558400","81058.79","81303.99","81000.0","81240.01","0.0"
"BTCUSDT","2026-05","1778562000","81240.01","81305.24","81181.56","81224.03","0.0"
"BTCUSDT","2026-05","1778565600","81224.04","81300.0","81010.01","81022.44","0.0"
"BTCUSDT","2026-05","1778569200","81022.44","81137.27","80800.77","80865.4","0.0"
"BTCUSDT","2026-05","1778572800","80865.4","80964.13","80760.53","80843.31","0.0"
"BTCUSDT","2026-05","1778576400","80843.3","80963.35","80720.0","80837.15","0.0"
"BTCUSDT","2026-05","1778580000","80837.15","80848.27","80601.27","80666.37","0.0"
"BTCUSDT","2026-05","1778583600","80666.38","80785.38","80496.57","80784.87","0.0"
"BTCUSDT","2026-05","1778587200","80784.86","80999.0","80619.19","80881.26","0.0"
"BTCUSDT","2026-05","1778590800","80881.25","80928.26","80397.07","80466.91","0.0"
"BTCUSDT","2026-05","1778594400","80466.91","80888.01","80397.88","80540.0","0.0"
"BTCUSDT","2026-05","1778598000","80540.0","80676.78","80188.65","80336.01","0.0"
"BTCUSDT","2026-05","1778601600","80336.01","80435.99","79843.59","80000.01","0.0"
"BTCUSDT","2026-05","1778605200","80000.01","80593.06","79951.05","80527.69","0.0"
"BTCUSDT","2026-05","1778608800","80527.69","80763.81","80430.0","80679.12","0.0"
"BTCUSDT","2026-05","1778612400","80679.11","80874.42","80679.11","80834.64","0.0"
"BTCUSDT","2026-05","1778616000","80835.3","80896.25","80642.85","80696.87","0.0"
"BTCUSDT","2026-05","1778619600","80696.87","80738.0","80497.0","80587.44","0.0"
"BTCUSDT","2026-05","1778623200","80587.45","80791.94","80587.45","80656.43","0.0"
"BTCUSDT","2026-05","1778626800","80656.44","80714.0","80439.91","80504.47","0.0"
"BTCUSDT","2026-05","1778630400","80504.47","80768.95","80412.15","80718.0","0.0"
"BTCUSDT","2026-05","1778634000","80718.0","81195.69","80683.12","81006.0","0.0"
"BTCUSDT","2026-05","1778637600","81005.99","81281.66","80934.69","81050.0","0.0"
"BTCUSDT","2026-05","1778641200","81050.0","81299.99","80976.27","81249.99","0.0"
"BTCUSDT","2026-05","1778644800","81249.99","81281.07","81124.87","81231.96","0.0"
"BTCUSDT","2026-05","1778648400","81231.96","81247.22","80999.99","81019.99","0.0"
"BTCUSDT","2026-05","1778652000","81020.0","81160.36","80972.94","80980.05","0.0"
"BTCUSDT","2026-05","1778655600","80980.06","81049.01","80889.12","81026.92","0.0"
"BTCUSDT","2026-05","1778659200","81026.92","81200.0","80943.63","81196.57","0.0"
"BTCUSDT","2026-05","1778662800","81196.57","81324.64","81137.77","81291.38","0.0"
"BTCUSDT","2026-05","1778666400","81291.37","81298.5","80809.01","80809.01","0.0"
"BTCUSDT","2026-05","1778670000","80809.01","80843.87","80494.98","80501.22","0.0"
"BTCUSDT","2026-05","1778673600","80501.22","80592.65","79852.0","80202.78","0.0"
"BTCUSDT","2026-05","1778677200","80202.78","80345.45","79576.47","79656.01","0.0"
"BTCUSDT","2026-05","1778680800","79656.01","79898.0","79481.56","79756.01","0.0"
"BTCUSDT","2026-05","1778684400","79756.02","79856.08","78807.22","78827.21","0.0"
"BTCUSDT","2026-05","1778688000","78827.21","79222.22","78754.65","79108.39","0.0"
"BTCUSDT","2026-05","1778691600","79108.39","79556.36","79100.0","79514.97","0.0"
"BTCUSDT","2026-05","1778695200","79514.97","79800.0","79514.97","79598.15","0.0"
"BTCUSDT","2026-05","1778698800","79598.15","79646.29","79400.0","79642.41","0.0"
"BTCUSDT","2026-05","1778702400","79642.41","79760.0","79622.7","79698.95","0.0"
"BTCUSDT","2026-05","1778706000","79698.95","79705.73","79340.39","79398.54","0.0"
"BTCUSDT","2026-05","1778709600","79398.54","79470.0","79228.0","79428.46","0.0"
"BTCUSDT","2026-05","1778713200","79428.46","79499.01","79233.83","79313.61","0.0"
"BTCUSDT","2026-05","1778716800","79313.61","79681.73","79308.0","79580.0","0.0"
"BTCUSDT","2026-05","1778720400","79580.0","79681.73","79409.42","79604.6","0.0"
"BTCUSDT","2026-05","1778724000","79604.61","79676.11","79222.22","79370.24","0.0"
"BTCUSDT","2026-05","1778727600","79370.24","79460.0","78922.0","79044.85","0.0"
"BTCUSDT","2026-05","1778731200","79044.86","79474.41","78982.06","79451.63","0.0"
"BTCUSDT","2026-05","1778734800","79451.62","79998.0","79359.49","79809.16","0.0"
"BTCUSDT","2026-05","1778738400","79809.15","79953.35","79769.12","79804.71","0.0"
"BTCUSDT","2026-05","1778742000","79804.72","79937.59","79702.05","79745.98","0.0"
"BTCUSDT","2026-05","1778745600","79745.99","79936.98","79644.44","79821.56","0.0"
"BTCUSDT","2026-05","1778749200","79821.55","79905.99","79569.81","79635.52","0.0"
"BTCUSDT","2026-05","1778752800","79635.53","79756.98","79409.42","79570.01","0.0"
"BTCUSDT","2026-05","1778756400","79570.01","79600.0","79234.0","79258.27","0.0"
"BTCUSDT","2026-05","1778760000","79258.27","79775.02","79230.31","79767.11","0.0"
"BTCUSDT","2026-05","1778763600","79767.1","80059.71","79670.88","79701.73","0.0"
"BTCUSDT","2026-05","1778767200","79701.73","81020.0","79561.52","80964.85","0.0"
"BTCUSDT","2026-05","1778770800","80964.84","81332.23","80816.08","81301.23","0.0"
"BTCUSDT","2026-05","1778774400","81301.22","81904.44","81080.25","81888.4","0.0"
"BTCUSDT","2026-05","1778778000","81888.4","82048.13","81271.0","81668.48","0.0"
"BTCUSDT","2026-05","1778781600","81668.49","81949.15","81440.38","81581.99","0.0"
"BTCUSDT","2026-05","1778785200","81582.0","81718.73","81330.12","81419.74","0.0"
"BTCUSDT","2026-05","1778788800","81419.75","81590.19","81166.22","81412.04","0.0"
"BTCUSDT","2026-05","1778792400","81412.05","81526.08","81268.38","81396.61","0.0"
"BTCUSDT","2026-05","1778796000","81396.61","81559.71","81335.48","81456.0","0.0"
"BTCUSDT","2026-05","1778799600","81456.0","81456.0","81059.93","81089.99","0.0"
"BTCUSDT","2026-05","1778803200","81090.0","81664.45","81068.52","81518.67","0.0"
"BTCUSDT","2026-05","1778806800","81518.66","81612.73","81106.2","81131.01","0.0"
"BTCUSDT","2026-05","1778810400","81131.0","81350.0","80750.0","81299.14","0.0"
"BTCUSDT","2026-05","1778814000","81299.14","81340.81","80930.82","81059.15","0.0"
"BTCUSDT","2026-05","1778817600","81059.15","81100.0","80709.09","80724.71","0.0"
"BTCUSDT","2026-05","1778821200","80724.71","80882.45","80314.0","80360.01","0.0"
"BTCUSDT","2026-05","1778824800","80360.01","80644.5","80314.01","80580.0","0.0"
"BTCUSDT","2026-05","1778828400","80580.0","81003.37","80559.88","80814.88","0.0"
"BTCUSDT","2026-05","1778832000","80814.88","80822.95","80415.84","80638.0","0.0"
"BTCUSDT","2026-05","1778835600","80638.0","80670.51","80369.0","80489.8","0.0"
"BTCUSDT","2026-05","1778839200","80489.81","80776.33","80407.6","80716.23","0.0"
"BTCUSDT","2026-05","1778842800","80716.22","80750.56","80590.08","80628.53","0.0"
"BTCUSDT","2026-05","1778846400","80628.52","80635.44","80340.83","80385.11","0.0"
"BTCUSDT","2026-05","1778850000","80385.1","80385.11","78698.69","78758.59","0.0"
"BTCUSDT","2026-05","1778853600","78758.59","79353.32","78659.0","79150.37","0.0"
"BTCUSDT","2026-05","1778857200","79150.36","79369.36","79013.81","79150.27","0.0"
"BTCUSDT","2026-05","1778860800","79150.26","79382.3","79131.01","79294.31","0.0"
"BTCUSDT","2026-05","1778864400","79294.31","79504.83","79224.0","79460.0","0.0"
"BTCUSDT","2026-05","1778868000","79460.0","79561.94","79170.47","79284.0","0.0"
"BTCUSDT","2026-05","1778871600","79284.01","79290.0","79051.0","79146.5","0.0"
"BTCUSDT","2026-05","1778875200","79146.5","79217.07","79000.0","79123.12","0.0"
"BTCUSDT","2026-05","1778878800","79123.13","79200.0","78911.42","78973.5","0.0"
"BTCUSDT","2026-05","1778882400","78973.5","79145.44","78973.49","79107.38","0.0"
"BTCUSDT","2026-05","1778886000","79107.38","79161.86","79077.96","79113.21","0.0"
"BTCUSDT","2026-05","1778889600","79113.2","79227.77","79075.09","79111.92","0.0"
"BTCUSDT","2026-05","1778893200","79111.92","79186.05","79010.0","79168.0","0.0"
"BTCUSDT","2026-05","1778896800","79168.0","79211.77","79080.1","79155.54","0.0"
"BTCUSDT","2026-05","1778900400","79155.55","79187.71","79059.77","79083.18","0.0"
"BTCUSDT","2026-05","1778904000","79083.19","79129.71","78860.0","79035.26","0.0"
"BTCUSDT","2026-05","1778907600","79035.25","79039.49","78933.63","79027.37","0.0"
"BTCUSDT","2026-05","1778911200","79027.36","79047.94","78459.87","78648.0","0.0"
"BTCUSDT","2026-05","1778914800","78648.0","78651.63","78066.0","78369.77","0.0"
"BTCUSDT","2026-05","1778918400","78369.78","78530.52","78334.21","78426.56","0.0"
"BTCUSDT","2026-05","1778922000","78426.55","78440.81","77906.1","78083.48","0.0"
"BTCUSDT","2026-05","1778925600","78083.47","78101.43","77640.0","77960.0","0.0"
"BTCUSDT","2026-05","1778929200","77959.99","78193.88","77959.99","78081.71","0.0"
"BTCUSDT","2026-05","1778932800","78080.46","78133.38","77918.62","78007.23","0.0"
"BTCUSDT","2026-05","1778936400","78007.24","78014.6","77833.4","78014.6","0.0"
"BTCUSDT","2026-05","1778940000","78014.6","78346.0","77895.2","78130.55","0.0"
"BTCUSDT","2026-05","1778943600","78130.55","78285.0","78078.22","78238.67","0.0"
"BTCUSDT","2026-05","1778947200","78238.68","78364.65","78119.72","78205.96","0.0"
"BTCUSDT","2026-05","1778950800","78205.96","78320.41","78199.0","78201.5","0.0"
"BTCUSDT","2026-05","1778954400","78201.5","78327.75","78142.99","78229.81","0.0"
"BTCUSDT","2026-05","1778958000","78229.82","78314.69","78204.22","78259.66","0.0"
"BTCUSDT","2026-05","1778961600","78259.67","78318.94","78201.42","78261.0","0.0"
"BTCUSDT","2026-05","1778965200","78261.0","78308.33","78206.85","78265.73","0.0"
"BTCUSDT","2026-05","1778968800","78265.73","78279.28","78171.02","78186.25","0.0"
"BTCUSDT","2026-05","1778972400","78186.25","78267.46","78125.32","78148.05","0.0"
"BTCUSDT","2026-05","1778976000","78148.05","78243.19","77812.0","77945.85","0.0"
"BTCUSDT","2026-05","1778979600","77945.85","78114.0","77721.19","77725.71","0.0"
"BTCUSDT","2026-05","1778983200","77725.72","77938.0","77725.71","77895.51","0.0"
"BTCUSDT","2026-05","1778986800","77895.5","78079.3","77888.0","78028.88","0.0"
"BTCUSDT","2026-05","1778990400","78028.88","78203.93","78003.35","78158.09","0.0"
"BTCUSDT","2026-05","1778994000","78158.08","78323.96","78102.42","78121.41","0.0"
"BTCUSDT","2026-05","1778997600","78121.41","78204.01","78017.0","78104.8","0.0"
"BTCUSDT","2026-05","1779001200","78104.79","78208.69","78053.79","78180.01","0.0"
"BTCUSDT","2026-05","1779004800","78180.0","78200.91","78033.01","78089.8","0.0"
"BTCUSDT","2026-05","1779008400","78089.8","78293.97","78073.52","78249.33","0.0"
"BTCUSDT","2026-05","1779012000","78249.33","78599.99","78249.03","78465.99","0.0"
"BTCUSDT","2026-05","1779015600","78465.99","78473.82","78289.0","78415.99","0.0"
"BTCUSDT","2026-05","1779019200","78415.99","78550.0","78333.8","78364.83","0.0"
"BTCUSDT","2026-05","1779022800","78364.83","78364.83","78173.15","78202.91","0.0"
"BTCUSDT","2026-05","1779026400","78202.91","78217.33","77850.0","78051.51","0.0"
"BTCUSDT","2026-05","1779030000","78051.51","78119.42","77920.76","78051.41","0.0"
"BTCUSDT","2026-05","1779033600","78051.42","78193.66","78025.23","78034.36","0.0"
"BTCUSDT","2026-05","1779037200","78034.37","78092.44","77856.69","78089.98","0.0"
"BTCUSDT","2026-05","1779040800","78089.99","78271.59","78014.33","78268.05","0.0"
"BTCUSDT","2026-05","1779044400","78268.04","78468.46","78209.96","78415.3","0.0"
"BTCUSDT","2026-05","1779048000","78415.29","78435.32","78248.8","78277.36","0.0"
"BTCUSDT","2026-05","1779051600","78277.36","78485.36","78243.5","78405.72","0.0"
"BTCUSDT","2026-05","1779055200","78405.72","78414.16","77830.0","77997.24","0.0"
"BTCUSDT","2026-05","1779058800","77997.24","78008.18","76735.16","77457.67","0.0"
"BTCUSDT","2026-05","1779062400","77457.67","77477.99","76916.6","77209.95","0.0"
"BTCUSDT","2026-05","1779066000","77209.95","77291.54","76744.95","77109.22","0.0"
"BTCUSDT","2026-05","1779069600","77109.21","77222.03","76707.61","76835.41","0.0"
"BTCUSDT","2026-05","1779073200","76835.41","77030.42","76817.14","76924.65","0.0"
"BTCUSDT","2026-05","1779076800","76924.66","77069.77","76772.01","77038.49","0.0"
"BTCUSDT","2026-05","1779080400","77038.49","77080.93","76884.33","76931.4","0.0"
"BTCUSDT","2026-05","1779084000","76931.4","76967.8","76583.33","76912.52","0.0"
"BTCUSDT","2026-05","1779087600","76912.53","77089.29","76771.53","77073.69","0.0"
"BTCUSDT","2026-05","1779091200","77073.69","77181.88","76890.34","77040.42","0.0"
"BTCUSDT","2026-05","1779094800","77040.43","77048.14","76877.17","76933.16","0.0"
"BTCUSDT","2026-05","1779098400","76933.17","76957.35","76716.99","76764.74","0.0"
"BTCUSDT","2026-05","1779102000","76764.75","77403.48","76668.58","77285.83","0.0"
"BTCUSDT","2026-05","1779105600","77285.83","77800.0","77275.96","77639.98","0.0"
"BTCUSDT","2026-05","1779109200","77639.99","77639.99","76695.31","76937.7","0.0"
"BTCUSDT","2026-05","1779112800","76937.7","76954.25","76230.02","76393.65","0.0"
"BTCUSDT","2026-05","1779116400","76393.66","76485.29","76051.0","76409.46","0.0"
"BTCUSDT","2026-05","1779120000","76409.46","76665.68","76218.0","76410.01","0.0"
"BTCUSDT","2026-05","1779123600","76410.0","76757.21","76366.13","76706.39","0.0"
"BTCUSDT","2026-05","1779127200","76706.38","76706.38","76144.24","76252.5","0.0"
"BTCUSDT","2026-05","1779130800","76252.01","76995.0","76235.0","76928.0","0.0"
"BTCUSDT","2026-05","1779134400","76928.0","77182.14","76874.73","76909.92","0.0"
"BTCUSDT","2026-05","1779138000","76909.92","77174.23","76800.0","77103.05","0.0"
"BTCUSDT","2026-05","1779141600","77103.04","77222.79","76937.19","77078.22","0.0"
"BTCUSDT","2026-05","1779145200","77078.22","77160.79","76948.8","77001.87","0.0"
"BTCUSDT","2026-05","1779148800","77001.88","77414.62","76955.99","77140.87","0.0"
"BTCUSDT","2026-05","1779152400","77140.86","77156.2","76667.0","76667.01","0.0"
"BTCUSDT","2026-05","1779156000","76667.01","76997.33","76487.83","76617.47","0.0"
"BTCUSDT","2026-05","1779159600","76617.46","76867.23","76586.11","76787.11","0.0"
"BTCUSDT","2026-05","1779163200","76787.1","76943.75","76700.0","76927.25","0.0"
"BTCUSDT","2026-05","1779166800","76927.25","77000.0","76644.98","76911.24","0.0"
"BTCUSDT","2026-05","1779170400","76911.25","77108.68","76886.13","77029.4","0.0"
"BTCUSDT","2026-05","1779174000","77029.41","77278.57","76974.72","77233.69","0.0"
"BTCUSDT","2026-05","1779177600","77233.68","77317.02","76972.96","77048.71","0.0"
"BTCUSDT","2026-05","1779181200","77048.72","77074.05","76709.29","76818.8","0.0"
"BTCUSDT","2026-05","1779184800","76818.8","77103.97","76704.0","77041.87","0.0"
"BTCUSDT","2026-05","1779188400","77041.87","77076.53","76633.83","76714.62","0.0"
"BTCUSDT","2026-05","1779192000","76714.61","76982.89","76650.06","76940.21","0.0"
"BTCUSDT","2026-05","1779195600","76940.2","77048.72","76596.0","76872.75","0.0"
"BTCUSDT","2026-05","1779199200","76872.74","77023.75","76144.71","76392.43","0.0"
"BTCUSDT","2026-05","1779202800","76392.43","76675.76","76337.97","76521.23","0.0"
"BTCUSDT","2026-05","1779206400","76521.24","76911.0","76407.72","76894.59","0.0"
"BTCUSDT","2026-05","1779210000","76894.59","77015.41","76759.39","76856.76","0.0"
"BTCUSDT","2026-05","1779213600","76856.76","76947.2","76744.8","76803.28","0.0"
"BTCUSDT","2026-05","1779217200","76803.28","77065.8","76765.14","76818.74","0.0"
"BTCUSDT","2026-05","1779220800","76818.73","77040.24","76818.73","77022.23","0.0"
"BTCUSDT","2026-05","1779224400","77022.22","77040.83","76973.76","76982.34","0.0"
"BTCUSDT","2026-05","1779228000","76982.34","76982.34","76642.95","76712.21","0.0"
"BTCUSDT","2026-05","1779231600","76712.22","76980.07","76670.52","76834.36","0.0"
"BTCUSDT","2026-05","1779235200","76834.36","76896.5","76516.74","76788.83","0.0"
"BTCUSDT","2026-05","1779238800","76788.83","76922.46","76536.59","76820.98","0.0"
"BTCUSDT","2026-05","1779242400","76820.98","76909.62","76600.0","76690.42","0.0"
"BTCUSDT","2026-05","1779246000","76690.42","76829.61","76604.99","76723.54","0.0"
"BTCUSDT","2026-05","1779249600","76723.55","76836.82","76692.0","76780.37","0.0"
"BTCUSDT","2026-05","1779253200","76780.37","77320.0","76780.37","77196.99","0.0"
"BTCUSDT","2026-05","1779256800","77196.99","77422.0","77179.93","77414.11","0.0"
"BTCUSDT","2026-05","1779260400","77414.1","77472.21","77241.13","77282.64","0.0"
"BTCUSDT","2026-05","1779264000","77282.65","77635.52","77210.33","77458.04","0.0"
"BTCUSDT","2026-05","1779267600","77458.05","77543.59","77365.94","77485.13","0.0"
"BTCUSDT","2026-05","1779271200","77485.14","77663.0","77485.14","77517.45","0.0"
"BTCUSDT","2026-05","1779274800","77517.46","77569.1","77328.2","77382.49","0.0"
"BTCUSDT","2026-05","1779278400","77382.5","77748.05","77365.52","77617.26","0.0"
"BTCUSDT","2026-05","1779282000","77617.26","77650.62","76968.05","77204.61","0.0"
"BTCUSDT","2026-05","1779285600","77204.61","77574.29","76891.61","77446.08","0.0"
"BTCUSDT","2026-05","1779289200","77446.01","77853.04","77300.0","77455.46","0.0"
"BTCUSDT","2026-05","1779292800","77455.45","77557.0","77018.38","77338.6","0.0"
"BTCUSDT","2026-05","1779296400","77338.6","77713.66","77230.86","77568.95","0.0"
"BTCUSDT","2026-05","1779300000","77568.95","77634.52","77398.63","77415.09","0.0"
"BTCUSDT","2026-05","1779303600","77415.09","77709.68","77350.71","77667.49","0.0"
"BTCUSDT","2026-05","1779307200","77667.49","77760.0","77476.19","77720.01","0.0"
"BTCUSDT","2026-05","1779310800","77720.01","77766.6","77500.0","77500.01","0.0"
"BTCUSDT","2026-05","1779314400","77500.01","77504.69","77226.61","77504.69","0.0"
"BTCUSDT","2026-05","1779318000","77504.69","77559.34","77386.93","77552.23","0.0"
"BTCUSDT","2026-05","1779321600","77552.24","78071.42","77525.0","77967.09","0.0"
"BTCUSDT","2026-05","1779325200","77967.09","78173.15","77800.0","77863.85","0.0"
"BTCUSDT","2026-05","1779328800","77863.85","78100.0","77820.1","77955.78","0.0"
"BTCUSDT","2026-05","1779332400","77955.78","78098.85","77908.0","78078.72","0.0"
"BTCUSDT","2026-05","1779336000","78078.72","78180.01","77965.36","78035.8","0.0"
"BTCUSDT","2026-05","1779339600","78035.8","78147.07","77714.94","77828.0","0.0"
"BTCUSDT","2026-05","1779343200","77828.0","77873.15","77533.45","77622.14","0.0"
"BTCUSDT","2026-05","1779346800","77622.14","77901.06","77521.0","77889.01","0.0"
"BTCUSDT","2026-05","1779350400","77889.01","78200.0","77885.53","77924.63","0.0"
"BTCUSDT","2026-05","1779354000","77924.63","77977.53","77633.02","77633.02","0.0"
"BTCUSDT","2026-05","1779357600","77633.03","77678.01","77190.09","77198.08","0.0"
"BTCUSDT","2026-05","1779361200","77198.09","77372.0","77147.15","77189.1","0.0"
"BTCUSDT","2026-05","1779364800","77189.1","77363.32","77080.72","77278.53","0.0"
"BTCUSDT","2026-05","1779368400","77278.52","77358.05","76719.47","77122.68","0.0"
"BTCUSDT","2026-05","1779372000","77122.67","77240.82","76788.8","76984.61","0.0"
"BTCUSDT","2026-05","1779375600","76984.61","77402.12","76900.0","77259.46","0.0"
"BTCUSDT","2026-05","1779379200","77259.45","77344.01","77008.75","77207.93","0.0"
"BTCUSDT","2026-05","1779382800","77207.92","78098.16","77181.83","77869.38","0.0"
"BTCUSDT","2026-05","1779386400","77869.38","77922.01","77230.0","77387.74","0.0"
"BTCUSDT","2026-05","1779390000","77387.74","77802.51","77365.97","77690.56","0.0"
"BTCUSDT","2026-05","1779393600","77690.56","77804.75","77647.75","77705.81","0.0"
"BTCUSDT","2026-05","1779397200","77705.8","77813.35","77645.4","77672.29","0.0"
"BTCUSDT","2026-05","1779400800","77672.3","77750.61","77555.33","77628.0","0.0"
"BTCUSDT","2026-05","1779404400","77628.01","77745.39","77534.43","77615.52","0.0"
"BTCUSDT","2026-05","1779408000","77615.52","77628.38","77369.49","77373.57","0.0"
"BTCUSDT","2026-05","1779411600","77373.57","77673.5","77327.28","77616.0","0.0"
"BTCUSDT","2026-05","1779415200","77616.0","77728.01","77593.16","77673.36","0.0"
"BTCUSDT","2026-05","1779418800","77673.37","77817.8","77673.36","77779.98","0.0"
"BTCUSDT","2026-05","1779422400","77779.98","77900.0","77637.99","77655.42","0.0"
"BTCUSDT","2026-05","1779426000","77655.43","77726.0","77454.56","77489.0","0.0"
"BTCUSDT","2026-05","1779429600","77489.0","77525.85","77370.4","77423.41","0.0"
"BTCUSDT","2026-05","1779433200","77423.41","77543.38","77288.77","77408.06","0.0"
"BTCUSDT","2026-05","1779436800","77408.07","77535.0","77216.0","77267.38","0.0"
"BTCUSDT","2026-05","1779440400","77267.39","77360.0","77200.0","77307.11","0.0"
"BTCUSDT","2026-05","1779444000","77307.12","77363.01","77261.73","77312.0","0.0"
"BTCUSDT","2026-05","1779447600","77311.99","77430.55","77184.45","77428.84","0.0"
"BTCUSDT","2026-05","1779451200","77428.83","77584.94","77395.45","77533.9","0.0"
"BTCUSDT","2026-05","1779454800","77533.91","77547.56","77130.99","77290.01","0.0"
"BTCUSDT","2026-05","1779458400","77290.0","77290.0","76751.0","76774.23","0.0"
"BTCUSDT","2026-05","1779462000","76774.23","77030.64","76570.0","76790.59","0.0"
"BTCUSDT","2026-05","1779465600","76790.6","77006.69","76767.0","76950.68","0.0"
"BTCUSDT","2026-05","1779469200","76950.67","77093.72","76750.0","76750.0","0.0"
"BTCUSDT","2026-05","1779472800","76750.01","76898.0","76101.0","76537.47","0.0"
"BTCUSDT","2026-05","1779476400","76537.47","76590.68","75668.76","75860.44","0.0"
"BTCUSDT","2026-05","1779480000","75860.44","76080.95","75826.0","75984.47","0.0"
"BTCUSDT","2026-05","1779483600","75984.47","76087.85","75926.2","75978.83","0.0"
"BTCUSDT","2026-05","1779487200","75978.83","75978.84","75558.28","75737.52","0.0"
"BTCUSDT","2026-05","1779490800","75737.53","75881.18","75359.18","75539.5","0.0"
"BTCUSDT","2026-05","1779494400","75539.5","75635.59","75220.0","75352.64","0.0"
"BTCUSDT","2026-05","1779498000","75352.64","75500.0","75350.0","75489.84","0.0"
"BTCUSDT","2026-05","1779501600","75489.83","75581.27","75417.56","75572.07","0.0"
"BTCUSDT","2026-05","1779505200","75572.07","75664.62","75563.33","75635.22","0.0"
"BTCUSDT","2026-05","1779508800","75635.22","75650.63","75507.01","75539.77","0.0"
"BTCUSDT","2026-05","1779512400","75539.77","75562.4","75469.89","75482.68","0.0"
"BTCUSDT","2026-05","1779516000","75482.68","75501.09","75394.54","75398.33","0.0"
"BTCUSDT","2026-05","1779519600","75398.33","75443.44","74289.6","74609.36","0.0"
"BTCUSDT","2026-05","1779523200","74609.37","74746.67","74303.56","74684.3","0.0"
"BTCUSDT","2026-05","1779526800","74684.29","74752.45","74624.5","74656.91","0.0"
"BTCUSDT","2026-05","1779530400","74656.91","74797.01","74656.91","74705.0","0.0"
"BTCUSDT","2026-05","1779534000","74705.0","74873.55","74704.99","74789.99","0.0"
"BTCUSDT","2026-05","1779537600","74789.99","74798.41","74660.05","74753.93","0.0"
"BTCUSDT","2026-05","1779541200","74753.94","75262.86","74753.93","75213.9","0.0"
"BTCUSDT","2026-05","1779544800","75213.9","75726.3","75108.15","75537.72","0.0"
"BTCUSDT","2026-05","1779548400","75537.73","75676.0","75405.4","75520.0","0.0"
"BTCUSDT","2026-05","1779552000","75519.99","75638.62","75415.17","75444.7","0.0"
"BTCUSDT","2026-05","1779555600","75444.71","75522.0","75371.72","75488.18","0.0"
"BTCUSDT","2026-05","1779559200","75488.17","75986.24","75472.04","75845.82","0.0"
"BTCUSDT","2026-05","1779562800","75845.82","76012.22","75780.9","75983.45","0.0"
"BTCUSDT","2026-05","1779566400","75983.45","77300.0","75953.94","77287.58","0.0"
"BTCUSDT","2026-05","1779570000","77286.08","77404.18","76538.04","76804.99","0.0"
"BTCUSDT","2026-05","1779573600","76805.0","76885.0","76396.06","76584.45","0.0"
"BTCUSDT","2026-05","1779577200","76584.45","76822.0","76538.36","76752.01","0.0"
"BTCUSDT","2026-05","1779580800","76752.0","76930.65","76629.02","76835.16","0.0"
"BTCUSDT","2026-05","1779584400","76835.16","76921.45","76754.53","76890.04","0.0"
"BTCUSDT","2026-05","1779588000","76890.04","76968.04","76704.32","76830.0","0.0"
"BTCUSDT","2026-05","1779591600","76830.01","77011.62","76738.5","76750.0","0.0"
"BTCUSDT","2026-05","1779595200","76750.01","76858.26","76730.0","76786.5","0.0"
"BTCUSDT","2026-05","1779598800","76786.5","76861.78","76651.59","76822.23","0.0"
"BTCUSDT","2026-05","1779602400","76822.23","77065.94","76716.02","76987.58","0.0"
"BTCUSDT","2026-05","1779606000","76987.58","77014.24","76786.2","76799.99","0.0"
"BTCUSDT","2026-05","1779609600","76799.99","76861.77","76734.42","76830.69","0.0"
"BTCUSDT","2026-05","1779613200","76830.69","77046.67","76821.86","77020.53","0.0"
"BTCUSDT","2026-05","1779616800","77020.54","77543.15","76927.04","77190.74","0.0"
"BTCUSDT","2026-05","1779620400","77190.73","77356.62","77190.73","77320.06","0.0"
"BTCUSDT","2026-05","1779624000","77320.06","77325.72","77044.73","77118.73","0.0"
"BTCUSDT","2026-05","1779627600","77118.72","77127.54","76688.89","76802.23","0.0"
"BTCUSDT","2026-05","1779631200","76802.23","76840.01","76195.36","76465.16","0.0"
"BTCUSDT","2026-05","1779634800","76465.15","76539.38","76362.78","76371.59","0.0"
"BTCUSDT","2026-05","1779638400","76371.59","76734.3","76371.59","76671.7","0.0"
"BTCUSDT","2026-05","1779642000","76671.69","76799.99","76566.15","76693.34","0.0"
"BTCUSDT","2026-05","1779645600","76693.34","76788.01","76596.0","76665.73","0.0"
"BTCUSDT","2026-05","1779649200","76665.72","76783.51","76611.17","76773.34","0.0"
"BTCUSDT","2026-05","1779652800","76773.33","76796.18","76596.37","76668.4","0.0"
"BTCUSDT","2026-05","1779656400","76668.41","76748.12","76108.0","76151.14","0.0"
"BTCUSDT","2026-05","1779660000","76151.14","77012.01","76132.0","76803.99","0.0"
"BTCUSDT","2026-05","1779663600","76803.99","77225.97","76803.99","77064.96","0.0"
"BTCUSDT","2026-05","1779667200","77064.96","77288.0","77064.95","77153.01","0.0"
"BTCUSDT","2026-05","1779670800","77153.01","77245.67","76914.25","76945.27","0.0"
"BTCUSDT","2026-05","1779674400","76945.28","77485.0","76945.28","77108.77","0.0"
"BTCUSDT","2026-05","1779678000","77108.77","77169.88","77002.3","77026.67","0.0"
"BTCUSDT","2026-05","1779681600","77026.68","77450.0","76990.78","77391.07","0.0"
"BTCUSDT","2026-05","1779685200","77391.07","77498.0","77324.0","77407.0","0.0"
"BTCUSDT","2026-05","1779688800","77406.99","77650.0","77222.22","77419.87","0.0"
"BTCUSDT","2026-05","1779692400","77419.87","77520.0","77184.62","77401.12","0.0"
"BTCUSDT","2026-05","1779696000","77401.11","77469.64","77280.32","77456.94","0.0"
"BTCUSDT","2026-05","1779699600","77456.94","77699.97","77425.17","77604.56","0.0"
"BTCUSDT","2026-05","1779703200","77604.56","77681.37","77490.37","77545.65","0.0"
"BTCUSDT","2026-05","1779706800","77545.65","77545.65","77333.33","77357.5","0.0"
"BTCUSDT","2026-05","1779710400","77357.5","77440.46","77286.5","77367.98","0.0"
"BTCUSDT","2026-05","1779714000","77367.98","77450.0","77286.5","77341.05","0.0"
"BTCUSDT","2026-05","1779717600","77341.05","77773.69","77304.84","77714.0","0.0"
"BTCUSDT","2026-05","1779721200","77713.99","77905.52","77557.0","77628.82","0.0"
"BTCUSDT","2026-05","1779724800","77628.82","77807.29","77508.88","77735.69","0.0"
"BTCUSDT","2026-05","1779728400","77735.69","77804.48","77550.39","77564.01","0.0"
"BTCUSDT","2026-05","1779732000","77564.0","77658.01","77543.38","77543.39","0.0"
"BTCUSDT","2026-05","1779735600","77543.39","77543.39","77343.61","77441.86","0.0"
"BTCUSDT","2026-05","1779739200","77441.85","77500.0","77220.0","77273.06","0.0"
"BTCUSDT","2026-05","1779742800","77273.06","77396.08","77273.05","77367.03","0.0"
"BTCUSDT","2026-05","1779746400","77367.03","77449.94","77019.82","77116.21","0.0"
"BTCUSDT","2026-05","1779750000","77116.21","77367.44","77072.36","77322.01","0.0"
"BTCUSDT","2026-05","1779753600","77322.01","77345.0","76575.49","76792.71","0.0"
"BTCUSDT","2026-05","1779757200","76792.24","76888.01","76590.9","76756.98","0.0"
"BTCUSDT","2026-05","1779760800","76756.98","76810.0","76512.98","76660.0","0.0"
"BTCUSDT","2026-05","1779764400","76660.0","76705.71","76475.59","76664.01","0.0"
"BTCUSDT","2026-05","1779768000","76664.0","76817.28","76606.79","76749.5","0.0"
"BTCUSDT","2026-05","1779771600","76749.51","76989.23","76704.8","76930.01","0.0"
"BTCUSDT","2026-05","1779775200","76930.0","77059.74","76775.0","76908.01","0.0"
"BTCUSDT","2026-05","1779778800","76908.0","76924.55","76603.73","76730.84","0.0"
"BTCUSDT","2026-05","1779782400","76730.84","76852.01","76693.21","76726.37","0.0"
"BTCUSDT","2026-05","1779786000","76726.37","76804.0","76649.79","76672.19","0.0"
"BTCUSDT","2026-05","1779789600","76672.2","77621.75","76586.94","77430.0","0.0"
"BTCUSDT","2026-05","1779793200","77430.0","77516.93","77174.94","77183.55","0.0"
"BTCUSDT","2026-05","1779796800","77183.56","77232.52","76877.94","77132.5","0.0"
"BTCUSDT","2026-05","1779800400","77132.51","77464.01","76691.88","77231.56","0.0"
"BTCUSDT","2026-05","1779804000","77231.56","78080.0","76724.63","76908.01","0.0"
"BTCUSDT","2026-05","1779807600","76908.01","77012.0","76272.63","76518.1","0.0"
"BTCUSDT","2026-05","1779811200","76518.1","76710.01","76209.58","76558.0","0.0"
"BTCUSDT","2026-05","1779814800","76558.0","76649.91","75850.0","75935.08","0.0"
"BTCUSDT","2026-05","1779818400","75935.09","76273.66","75779.3","75840.55","0.0"
"BTCUSDT","2026-05","1779822000","75840.55","76104.49","75805.23","76052.0","0.0"
"BTCUSDT","2026-05","1779825600","76052.0","76180.0","75982.64","76106.86","0.0"
"BTCUSDT","2026-05","1779829200","76106.86","76117.31","75850.0","75890.0","0.0"
"BTCUSDT","2026-05","1779832800","75890.0","75998.94","75677.97","75749.02","0.0"
"BTCUSDT","2026-05","1779836400","75749.02","75986.45","75749.02","75930.01","0.0"
"BTCUSDT","2026-05","1779840000","75930.01","76089.7","75872.71","76085.01","0.0"
"BTCUSDT","2026-05","1779843600","76085.0","76104.02","75824.0","75877.44","0.0"
"BTCUSDT","2026-05","1779847200","75877.44","75890.59","75682.99","75879.0","0.0"
"BTCUSDT","2026-05","1779850800","75879.01","75966.91","75607.62","75683.0","0.0"
"BTCUSDT","2026-05","1779854400","75683.0","75706.77","75310.9","75579.01","0.0"
"BTCUSDT","2026-05","1779858000","75579.01","75739.36","75579.0","75697.99","0.0"
"BTCUSDT","2026-05","1779861600","75697.99","75900.0","75690.01","75838.65","0.0"
"BTCUSDT","2026-05","1779865200","75838.65","75980.0","75764.0","75977.17","0.0"
"BTCUSDT","2026-05","1779868800","75977.16","76071.41","75843.02","75873.24","0.0"
"BTCUSDT","2026-05","1779872400","75873.25","75978.01","75710.76","75912.6","0.0"
"BTCUSDT","2026-05","1779876000","75912.61","76043.94","75880.0","75909.82","0.0"
"BTCUSDT","2026-05","1779879600","75909.82","76029.24","75754.1","75769.18","0.0"
"BTCUSDT","2026-05","1779883200","75769.18","76174.15","75575.75","75688.0","0.0"
"BTCUSDT","2026-05","1779886800","75688.01","75760.0","74866.18","75073.4","0.0"
"BTCUSDT","2026-05","1779890400","75073.4","75274.11","74758.33","75031.92","0.0"
"BTCUSDT","2026-05","1779894000","75031.92","75502.29","74983.77","75326.01","0.0"
"BTCUSDT","2026-05","1779897600","75326.02","75408.01","75000.0","75304.01","0.0"
"BTCUSDT","2026-05","1779901200","75304.01","75344.01","74685.58","74860.42","0.0"
"BTCUSDT","2026-05","1779904800","74860.42","75032.01","74663.45","75026.67","0.0"
"BTCUSDT","2026-05","1779908400","75026.67","75105.17","74952.36","75066.08","0.0"
"BTCUSDT","2026-05","1779912000","75066.09","75415.81","75056.25","75274.58","0.0"
"BTCUSDT","2026-05","1779915600","75274.58","75274.58","74341.76","74473.01","0.0"
"BTCUSDT","2026-05","1779919200","74473.01","74775.5","74260.91","74418.13","0.0"
"BTCUSDT","2026-05","1779922800","74418.12","74572.0","74243.99","74449.3","0.0"
"BTCUSDT","2026-05","1779926400","74449.31","74580.0","74366.89","74570.66","0.0"
"BTCUSDT","2026-05","1779930000","74570.67","74590.77","74156.0","74344.08","0.0"
"BTCUSDT","2026-05","1779933600","74344.07","74400.0","74127.57","74287.42","0.0"
"BTCUSDT","2026-05","1779937200","74287.43","74380.39","73060.59","73258.01","0.0"
"BTCUSDT","2026-05","1779940800","73258.0","73260.01","72728.85","73181.95","0.0"
"BTCUSDT","2026-05","1779944400","73181.95","73181.95","72908.67","72990.87","0.0"
"BTCUSDT","2026-05","1779948000","72990.87","73213.11","72761.11","73202.7","0.0"
"BTCUSDT","2026-05","1779951600","73202.71","73512.14","73158.0","73498.0","0.0"
"BTCUSDT","2026-05","1779955200","73498.0","73500.0","73193.13","73325.88","0.0"
"BTCUSDT","2026-05","1779958800","73325.88","73560.0","73261.6","73541.24","0.0"
"BTCUSDT","2026-05","1779962400","73541.25","73616.0","73349.91","73400.01","0.0"
"BTCUSDT","2026-05","1779966000","73400.01","73532.01","73319.36","73505.66","0.0"
"BTCUSDT","2026-05","1779969600","73505.65","73580.75","73245.56","73518.01","0.0"
"BTCUSDT","2026-05","1779973200","73518.01","73574.6","72771.64","73022.02","0.0"
"BTCUSDT","2026-05","1779976800","73022.01","73573.21","72582.82","73033.06","0.0"
"BTCUSDT","2026-05","1779980400","73033.06","73180.01","72700.0","72928.73","0.0"
"BTCUSDT","2026-05","1779984000","72928.73","73440.67","72741.4","73440.67","0.0"
"BTCUSDT","2026-05","1779987600","73440.66","73734.72","73316.31","73554.82","0.0"
"BTCUSDT","2026-05","1779991200","73554.81","73749.69","73514.57","73652.88","0.0"
"BTCUSDT","2026-05","1779994800","73652.87","73652.88","73381.81","73419.32","0.0"
"BTCUSDT","2026-05","1779998400","73419.31","73721.45","73241.48","73579.99","0.0"
"BTCUSDT","2026-05","1780002000","73580.0","73926.22","73560.45","73817.31","0.0"
"BTCUSDT","2026-05","1780005600","73817.31","73949.22","73448.55","73464.8","0.0"
"BTCUSDT","2026-05","1780009200","73464.8","73714.9","73464.79","73617.51","0.0"
"BTCUSDT","2026-05","1780012800","73617.52","73854.77","73617.51","73716.37","0.0"
"BTCUSDT","2026-05","1780016400","73716.37","73868.33","73463.52","73586.83","0.0"
"BTCUSDT","2026-05","1780020000","73586.83","73646.68","73189.11","73225.06","0.0"
"BTCUSDT","2026-05","1780023600","73225.07","73456.63","73225.07","73301.52","0.0"
"BTCUSDT","2026-05","1780027200","73301.53","73508.97","73210.21","73507.69","0.0"
"BTCUSDT","2026-05","1780030800","73507.68","73719.39","73500.0","73706.0","0.0"
"BTCUSDT","2026-05","1780034400","73706.0","73939.19","73641.05","73786.32","0.0"
"BTCUSDT","2026-05","1780038000","73786.32","73830.01","73373.37","73528.56","0.0"
"BTCUSDT","2026-05","1780041600","73528.55","73835.58","73524.0","73653.4","0.0"
"BTCUSDT","2026-05","1780045200","73653.4","73902.85","73649.58","73744.96","0.0"
"BTCUSDT","2026-05","1780048800","73744.96","73749.53","73588.13","73634.64","0.0"
"BTCUSDT","2026-05","1780052400","73634.64","73700.41","73341.85","73487.98","0.0"
"BTCUSDT","2026-05","1780056000","73487.98","73487.98","73202.0","73295.73","0.0"
"BTCUSDT","2026-05","1780059600","73295.73","73346.04","72900.46","73135.7","0.0"
"BTCUSDT","2026-05","1780063200","73135.7","73198.17","72512.49","73096.85","0.0"
"BTCUSDT","2026-05","1780066800","73096.84","74200.0","73008.98","73808.26","0.0"
"BTCUSDT","2026-05","1780070400","73808.25","74124.73","73565.73","74056.5","0.0"
"BTCUSDT","2026-05","1780074000","74056.49","74514.1","73925.33","73980.94","0.0"
"BTCUSDT","2026-05","1780077600","73980.94","74065.29","73187.25","73374.52","0.0"
"BTCUSDT","2026-05","1780081200","73374.51","73727.95","73239.36","73520.28","0.0"
"BTCUSDT","2026-05","1780084800","73520.29","73760.0","73514.0","73673.61","0.0"
"BTCUSDT","2026-05","1780088400","73673.62","73844.0","73408.8","73409.27","0.0"
"BTCUSDT","2026-05","1780092000","73409.27","73571.81","73379.79","73483.52","0.0"
"BTCUSDT","2026-05","1780095600","73483.51","73510.0","73320.0","73460.78","0.0"
"BTCUSDT","2026-05","1780099200","73460.78","73579.82","73408.62","73498.8","0.0"
"BTCUSDT","2026-05","1780102800","73498.8","73663.08","73472.8","73657.9","0.0"
"BTCUSDT","2026-05","1780106400","73657.9","73786.7","73613.85","73786.69","0.0"
"BTCUSDT","2026-05","1780110000","73786.7","73796.43","73524.01","73524.01","0.0"
"BTCUSDT","2026-05","1780113600","73524.01","73575.0","73216.0","73402.84","0.0"
"BTCUSDT","2026-05","1780117200","73402.85","73635.0","73346.85","73604.99","0.0"
"BTCUSDT","2026-05","1780120800","73604.99","73709.91","73530.0","73584.99","0.0"
"BTCUSDT","2026-05","1780124400","73584.99","73588.2","73486.0","73548.6","0.0"
"BTCUSDT","2026-05","1780128000","73548.6","73567.59","73500.02","73530.07","0.0"
"BTCUSDT","2026-05","1780131600","73530.07","73615.47","73503.07","73615.46","0.0"
"BTCUSDT","2026-05","1780135200","73615.46","73680.75","73592.57","73655.85","0.0"
"BTCUSDT","2026-05","1780138800","73655.85","73655.86","73564.62","73602.02","0.0"
"BTCUSDT","2026-05","1780142400","73602.01","73717.07","73594.4","73698.18","0.0"
"BTCUSDT","2026-05","1780146000","73698.17","73837.06","73676.1","73829.31","0.0"
"BTCUSDT","2026-05","1780149600","73829.31","74100.0","73820.91","73929.11","0.0"
"BTCUSDT","2026-05","1780153200","73929.11","74042.88","73836.7","73930.14","0.0"
"BTCUSDT","2026-05","1780156800","73930.13","73985.84","73880.1","73934.99","0.0"
"BTCUSDT","2026-05","1780160400","73935.0","74047.26","73811.3","74020.07","0.0"
"BTCUSDT","2026-05","1780164000","74020.06","74143.76","73945.0","74043.38","0.0"
"BTCUSDT","2026-05","1780167600","74043.39","74072.0","73971.3","74016.65","0.0"
"BTCUSDT","2026-05","1780171200","74016.64","74016.65","73926.68","73979.84","0.0"
"BTCUSDT","2026-05","1780174800","73979.85","74054.0","73929.07","73981.99","0.0"
"BTCUSDT","2026-05","1780178400","73981.99","73982.0","73796.01","73883.3","0.0"
"BTCUSDT","2026-05","1780182000","73883.3","73995.98","73781.3","73884.38","0.0"
"BTCUSDT","2026-05","1780185600","73884.38","74041.72","73858.56","74038.2","0.0"
"BTCUSDT","2026-05","1780189200","74038.2","74275.66","74028.64","74058.01","0.0"
"BTCUSDT","2026-05","1780192800","74058.01","74243.94","73890.49","74090.84","0.0"
"BTCUSDT","2026-05","1780196400","74090.84","74226.78","74074.05","74150.64","0.0"
"BTCUSDT","2026-05","1780200000","74150.64","74221.33","74109.0","74178.4","0.0"
"BTCUSDT","2026-05","1780203600","74178.41","74207.2","74055.16","74055.98","0.0"
"BTCUSDT","2026-05","1780207200","74055.99","74109.39","73985.34","74054.87","0.0"
"BTCUSDT","2026-05","1780210800","74054.86","74054.87","73836.0","73871.24","0.0"
"BTCUSDT","2026-05","1780214400","73871.25","73980.0","73850.05","73937.61","0.0"
"BTCUSDT","2026-05","1780218000","73937.62","74024.0","73813.44","73841.79","0.0"
"BTCUSDT","2026-05","1780221600","73841.79","73900.0","73699.2","73900.0","0.0"
"BTCUSDT","2026-05","1780225200","73900.0","73972.0","73899.99","73937.79","0.0"
"BTCUSDT","2026-05","1780228800","73937.63","73995.88","73874.0","73920.0","0.0"
"BTCUSDT","2026-05","1780232400","73920.0","74023.99","73807.43","73872.8","0.0"
"BTCUSDT","2026-05","1780236000","73872.8","73872.8","73483.05","73602.17","0.0"
"BTCUSDT","2026-05","1780239600","73602.18","73775.79","73588.8","73655.21","0.0"
"BTCUSDT","2026-05","1780243200","73655.2","73730.0","73400.0","73526.14","0.0"
"BTCUSDT","2026-05","1780246800","73526.15","73734.0","73466.67","73709.44","0.0"
"BTCUSDT","2026-05","1780250400","73709.43","73713.34","73585.49","73603.69","0.0"
"BTCUSDT","2026-05","1780254000","73603.68","73649.93","73456.48","73563.42","0.0"
"BTCUSDT","2026-05","1780257600","73563.41","73760.0","73563.41","73739.66","0.0"
"BTCUSDT","2026-05","1780261200","73739.67","73924.0","73626.67","73892.52","0.0"
"BTCUSDT","2026-05","1780264800","73892.52","73997.56","73686.0","73944.62","0.0"
"BTCUSDT","2026-05","1780268400","73944.62","74198.0","73500.0","73674.39","0.0"
"BTCUSDT","2026-06","1780272000","73674.39","74092.0","73654.06","73885.0","0.0"
"BTCUSDT","2026-06","1780275600","73885.01","73916.01","73278.02","73292.92","0.0"
"BTCUSDT","2026-06","1780279200","73292.92","73892.52","73222.0","73790.0","0.0"
"BTCUSDT","2026-06","1780282800","73789.99","74019.58","73735.47","73769.06","0.0"
"BTCUSDT","2026-06","1780286400","73769.06","73841.37","73348.74","73536.01","0.0"
"BTCUSDT","2026-06","1780290000","73536.01","73541.48","73328.32","73350.0","0.0"
"BTCUSDT","2026-06","1780293600","73349.99","73368.0","72950.01","73135.74","0.0"
"BTCUSDT","2026-06","1780297200","73135.75","73203.85","72704.0","72818.0","0.0"
"BTCUSDT","2026-06","1780300800","72818.0","72921.38","72610.03","72902.65","0.0"
"BTCUSDT","2026-06","1780304400","72902.64","73095.64","72600.0","72880.0","0.0"
"BTCUSDT","2026-06","1780308000","72880.0","72900.73","72592.27","72748.88","0.0"
"BTCUSDT","2026-06","1780311600","72748.88","72768.11","72290.0","72479.99","0.0"
"BTCUSDT","2026-06","1780315200","72480.0","72610.0","71902.98","72221.73","0.0"
"BTCUSDT","2026-06","1780318800","72221.74","72243.52","71389.88","71711.89","0.0"
"BTCUSDT","2026-06","1780322400","71711.89","71887.6","71363.43","71567.91","0.0"
"BTCUSDT","2026-06","1780326000","71567.91","71677.55","71066.33","71129.62","0.0"
"BTCUSDT","2026-06","1780329600","71129.62","71599.95","70686.68","71564.01","0.0"
"BTCUSDT","2026-06","1780333200","71564.01","71800.73","71469.64","71646.01","0.0"
"BTCUSDT","2026-06","1780336800","71646.0","71687.28","71382.0","71498.64","0.0"
"BTCUSDT","2026-06","1780340400","71498.64","71666.0","71386.0","71595.24","0.0"
"BTCUSDT","2026-06","1780344000","71595.24","71690.0","71419.64","71446.0","0.0"
"BTCUSDT","2026-06","1780347600","71445.99","71449.98","70941.95","71038.01","0.0"
"BTCUSDT","2026-06","1780351200","71038.01","71460.0","70840.9","71408.0","0.0"
"BTCUSDT","2026-06","1780354800","71407.99","71583.29","71225.29","71408.9","0.0"
"BTCUSDT","2026-06","1780358400","71408.9","71408.9","71100.0","71289.23","0.0"
"BTCUSDT","2026-06","1780362000","71289.24","71372.0","70607.57","70652.47","0.0"
"BTCUSDT","2026-06","1780365600","70652.47","70880.63","70111.0","70846.49","0.0"
"BTCUSDT","2026-06","1780369200","70846.48","71041.04","70806.0","70953.69","0.0"
"BTCUSDT","2026-06","1780372800","70953.7","71048.0","70713.54","70810.0","0.0"
"BTCUSDT","2026-06","1780376400","70810.0","70847.66","70267.79","70268.96","0.0"
"BTCUSDT","2026-06","1780380000","70268.97","70442.0","69958.49","70106.31","0.0"
"BTCUSDT","2026-06","1780383600","70106.31","70275.86","69733.0","70118.42","0.0"
"BTCUSDT","2026-06","1780387200","70118.42","70172.0","69705.3","69821.99","0.0"
"BTCUSDT","2026-06","1780390800","69822.0","69849.0","69324.65","69426.01","0.0"
"BTCUSDT","2026-06","1780394400","69426.01","69756.0","69336.98","69652.19","0.0"
"BTCUSDT","2026-06","1780398000","69652.18","69659.47","69397.83","69461.72","0.0"
"BTCUSDT","2026-06","1780401600","69461.73","69548.13","68989.61","69010.42","0.0"
"BTCUSDT","2026-06","1780405200","69010.41","69180.0","68757.03","68811.91","0.0"
"BTCUSDT","2026-06","1780408800","68809.93","68836.0","67617.85","68019.3","0.0"
"BTCUSDT","2026-06","1780412400","68019.3","68094.6","67076.0","67304.28","0.0"
"BTCUSDT","2026-06","1780416000","67304.29","68146.3","67228.45","67413.44","0.0"
"BTCUSDT","2026-06","1780419600","67413.44","67837.53","67378.0","67492.34","0.0"
"BTCUSDT","2026-06","1780423200","67492.34","67661.7","67124.2","67341.99","0.0"
"BTCUSDT","2026-06","1780426800","67341.99","67498.0","66432.0","67315.14","0.0"
"BTCUSDT","2026-06","1780430400","67315.14","67689.65","66911.2","67587.77","0.0"
"BTCUSDT","2026-06","1780434000","67587.78","67923.24","67412.0","67566.01","0.0"
"BTCUSDT","2026-06","1780437600","67566.01","67566.01","66244.02","66385.2","0.0"
"BTCUSDT","2026-06","1780441200","66385.2","66868.62","66193.0","66760.83","0.0"
"BTCUSDT","2026-06","1780444800","66760.84","67204.15","66654.0","66938.01","0.0"
"BTCUSDT","2026-06","1780448400","66938.01","67050.0","66472.65","66920.0","0.0"
"BTCUSDT","2026-06","1780452000","66920.0","66920.01","66586.17","66620.01","0.0"
"BTCUSDT","2026-06","1780455600","66620.0","66653.67","65426.34","65849.9","0.0"
"BTCUSDT","2026-06","1780459200","65849.9","66623.44","65834.0","66465.98","0.0"
"BTCUSDT","2026-06","1780462800","66465.99","67398.28","66465.99","67330.01","0.0"
"BTCUSDT","2026-06","1780466400","67330.0","67516.0","66962.95","66983.27","0.0"
"BTCUSDT","2026-06","1780470000","66983.27","67334.4","66872.01","67220.03","0.0"
"BTCUSDT","2026-06","1780473600","67220.03","67264.34","66974.0","67028.0","0.0"
"BTCUSDT","2026-06","1780477200","67028.01","67322.0","66656.48","67075.17","0.0"
"BTCUSDT","2026-06","1780480800","67075.18","67476.69","67068.51","67294.52","0.0"
"BTCUSDT","2026-06","1780484400","67294.51","67366.82","67056.58","67067.37","0.0"
"BTCUSDT","2026-06","1780488000","67067.37","67163.82","66782.65","67078.72","0.0"
"BTCUSDT","2026-06","1780491600","67078.72","67244.62","66635.0","66906.01","0.0"
"BTCUSDT","2026-06","1780495200","66906.0","66990.66","66643.96","66864.95","0.0"
"BTCUSDT","2026-06","1780498800","66864.95","66898.0","66076.0","66076.01","0.0"
"BTCUSDT","2026-06","1780502400","66076.01","66373.18","65555.0","66061.83","0.0"
"BTCUSDT","2026-06","1780506000","66061.83","66189.8","65704.8","65964.08","0.0"
"BTCUSDT","2026-06","1780509600","65964.08","66161.24","65744.01","66036.57","0.0"
"BTCUSDT","2026-06","1780513200","66036.56","66054.0","65251.0","65462.0","0.0"
"BTCUSDT","2026-06","1780516800","65461.99","65614.74","64766.0","65007.27","0.0"
"BTCUSDT","2026-06","1780520400","65007.27","65860.0","64960.87","65768.88","0.0"
"BTCUSDT","2026-06","1780524000","65768.89","65841.23","64778.15","64912.98","0.0"
"BTCUSDT","2026-06","1780527600","64912.97","64979.99","64092.49","64142.75","0.0"
"BTCUSDT","2026-06","1780531200","64142.75","64428.0","63000.0","63344.97","0.0"
"BTCUSDT","2026-06","1780534800","63344.98","63500.0","62100.01","62178.1","0.0"
"BTCUSDT","2026-06","1780538400","62178.1","63622.7","61383.56","63231.99","0.0"
"BTCUSDT","2026-06","1780542000","63232.0","64540.3","63218.48","64363.49","0.0"
"BTCUSDT","2026-06","1780545600","64363.49","64764.32","64265.73","64399.99","0.0"
"BTCUSDT","2026-06","1780549200","64399.99","64400.0","63648.01","63955.47","0.0"
"BTCUSDT","2026-06","1780552800","63955.48","64481.22","63892.0","64027.99","0.0"
"BTCUSDT","2026-06","1780556400","64027.99","64062.81","63492.89","63603.15","0.0"
"BTCUSDT","2026-06","1780560000","63603.15","63904.63","63245.9","63629.99","0.0"
"BTCUSDT","2026-06","1780563600","63629.99","63644.0","62703.33","63266.0","0.0"
"BTCUSDT","2026-06","1780567200","63266.01","63276.0","62301.21","62420.0","0.0"
"BTCUSDT","2026-06","1780570800","62420.01","62833.82","62205.0","62545.99","0.0"
"BTCUSDT","2026-06","1780574400","62546.0","63966.48","62392.0","63766.82","0.0"
"BTCUSDT","2026-06","1780578000","63766.82","64244.0","63068.41","64230.0","0.0"
"BTCUSDT","2026-06","1780581600","64230.0","64494.92","63785.33","63958.97","0.0"
"BTCUSDT","2026-06","1780585200","63958.97","64404.0","63691.7","63896.17","0.0"
"BTCUSDT","2026-06","1780588800","63896.16","63920.0","63456.0","63563.51","0.0"
"BTCUSDT","2026-06","1780592400","63563.51","63722.0","62944.91","63540.97","0.0"
"BTCUSDT","2026-06","1780596000","63540.96","64110.28","63149.76","63819.62","0.0"
"BTCUSDT","2026-06","1780599600","63819.62","64163.93","63544.0","63629.38","0.0"
"BTCUSDT","2026-06","1780603200","63629.38","63653.2","63182.84","63638.4","0.0"
"BTCUSDT","2026-06","1780606800","63638.4","63876.0","63106.04","63286.21","0.0"
"BTCUSDT","2026-06","1780610400","63286.21","63772.0","63194.0","63735.43","0.0"
"BTCUSDT","2026-06","1780614000","63735.42","63918.0","63376.0","63885.99","0.0"
"BTCUSDT","2026-06","1780617600","63885.99","63978.0","63396.57","63426.72","0.0"
"BTCUSDT","2026-06","1780621200","63426.73","63566.0","63052.0","63374.67","0.0"
"BTCUSDT","2026-06","1780624800","63374.67","63436.0","62588.77","62617.72","0.0"
"BTCUSDT","2026-06","1780628400","62617.72","62888.0","62339.0","62730.0","0.0"
"BTCUSDT","2026-06","1780632000","62730.0","63646.0","62487.24","63615.23","0.0"
"BTCUSDT","2026-06","1780635600","63615.22","63688.0","62278.0","62329.35","0.0"
"BTCUSDT","2026-06","1780639200","62329.36","62634.53","61126.01","61946.57","0.0"
"BTCUSDT","2026-06","1780642800","61946.57","63116.0","61378.38","63115.99","0.0"
"BTCUSDT","2026-06","1780646400","63115.99","63120.98","62288.88","62454.64","0.0"
"BTCUSDT","2026-06","1780650000","62454.64","63259.9","62442.0","62860.09","0.0"
"BTCUSDT","2026-06","1780653600","62860.09","62931.81","62375.0","62536.87","0.0"
"BTCUSDT","2026-06","1780657200","62536.87","62644.48","61964.98","61964.99","0.0"
"BTCUSDT","2026-06","1780660800","61964.99","62457.86","61620.47","61959.73","0.0"
"BTCUSDT","2026-06","1780664400","61959.72","62326.0","60732.35","60732.36","0.0"
"BTCUSDT","2026-06","1780668000","60732.36","61227.98","60334.97","60868.97","0.0"
"BTCUSDT","2026-06","1780671600","60868.98","61126.0","60000.0","60438.01","0.0"
"BTCUSDT","2026-06","1780675200","60438.0","61547.24","59786.0","61394.39","0.0"
"BTCUSDT","2026-06","1780678800","61394.38","61508.85","60660.0","60813.99","0.0"
"BTCUSDT","2026-06","1780682400","60814.0","60950.0","59141.0","59395.99","0.0"
"BTCUSDT","2026-06","1780686000","59396.0","60459.41","59130.91","60300.24","0.0"
"BTCUSDT","2026-06","1780689600","60300.24","61787.01","59940.01","61620.01","0.0"
"BTCUSDT","2026-06","1780693200","61620.01","62000.0","61444.2","61670.38","0.0"
"BTCUSDT","2026-06","1780696800","61670.38","61966.0","61207.82","61584.49","0.0"
"BTCUSDT","2026-06","1780700400","61584.49","61776.0","60518.0","61056.47","0.0"
"BTCUSDT","2026-06","1780704000","61056.47","61530.05","61045.01","61273.29","0.0"
"BTCUSDT","2026-06","1780707600","61273.29","61380.0","60954.36","61058.95","0.0"
"BTCUSDT","2026-06","1780711200","61058.95","61176.0","60678.0","60951.64","0.0"
"BTCUSDT","2026-06","1780714800","60951.63","60966.86","60520.0","60687.04","0.0"
"BTCUSDT","2026-06","1780718400","60687.05","60866.0","59500.0","60101.27","0.0"
"BTCUSDT","2026-06","1780722000","60101.28","61062.0","59621.22","60942.38","0.0"
"BTCUSDT","2026-06","1780725600","60942.37","61276.95","60681.0","60786.96","0.0"
"BTCUSDT","2026-06","1780729200","60786.96","61229.17","60733.14","61004.95","0.0"
"BTCUSDT","2026-06","1780732800","61004.95","61500.0","60884.0","61264.0","0.0"
"BTCUSDT","2026-06","1780736400","61264.0","61322.0","60875.55","60981.24","0.0"
"BTCUSDT","2026-06","1780740000","60981.24","60981.24","60198.0","60593.0","0.0"
"BTCUSDT","2026-06","1780743600","60593.0","60968.0","60552.95","60802.91","0.0"
"BTCUSDT","2026-06","1780747200","60802.9","61185.26","60641.2","61030.63","0.0"
"BTCUSDT","2026-06","1780750800","61030.63","61100.0","60701.41","60801.2","0.0"
"BTCUSDT","2026-06","1780754400","60801.2","61016.0","60768.0","60791.05","0.0"
"BTCUSDT","2026-06","1780758000","60791.06","60929.2","60396.0","60784.0","0.0"
"BTCUSDT","2026-06","1780761600","60784.01","60971.24","60466.56","60774.0","0.0"
"BTCUSDT","2026-06","1780765200","60774.0","60844.0","60501.0","60576.2","0.0"
"BTCUSDT","2026-06","1780768800","60576.19","60754.74","60393.96","60637.21","0.0"
"BTCUSDT","2026-06","1780772400","60637.2","60786.0","60536.0","60600.01","0.0"
"BTCUSDT","2026-06","1780776000","60600.0","60756.0","60522.0","60711.69","0.0"
"BTCUSDT","2026-06","1780779600","60711.69","61000.0","60707.93","60751.21","0.0"
"BTCUSDT","2026-06","1780783200","60751.22","60818.0","60429.09","60543.53","0.0"
"BTCUSDT","2026-06","1780786800","60543.52","60942.75","60543.52","60884.62","0.0"
"BTCUSDT","2026-06","1780790400","60884.62","60987.99","60746.0","60782.01","0.0"
"BTCUSDT","2026-06","1780794000","60782.0","61664.13","60758.0","61479.75","0.0"
"BTCUSDT","2026-06","1780797600","61479.75","61568.0","61184.0","61506.74","0.0"
"BTCUSDT","2026-06","1780801200","61506.73","61778.33","61416.1","61701.07","0.0"
"BTCUSDT","2026-06","1780804800","61701.06","61907.07","61482.46","61890.92","0.0"
"BTCUSDT","2026-06","1780808400","61890.92","62159.0","61647.0","61748.1","0.0"
"BTCUSDT","2026-06","1780812000","61748.11","62272.0","61619.4","62101.0","0.0"
"BTCUSDT","2026-06","1780815600","62101.01","62416.26","61983.46","62404.73","0.0"
"BTCUSDT","2026-06","1780819200","62404.72","62960.0","62259.37","62855.01","0.0"
"BTCUSDT","2026-06","1780822800","62855.0","62900.0","62374.63","62530.0","0.0"
"BTCUSDT","2026-06","1780826400","62530.0","62570.31","62298.39","62370.52","0.0"
"BTCUSDT","2026-06","1780830000","62370.53","62754.45","62359.44","62621.96","0.0"
"BTCUSDT","2026-06","1780833600","62621.97","62643.97","61577.12","61900.67","0.0"
"BTCUSDT","2026-06","1780837200","61900.66","61907.64","61649.12","61700.13","0.0"
"BTCUSDT","2026-06","1780840800","61700.14","62312.67","61696.98","61905.49","0.0"
"BTCUSDT","2026-06","1780844400","61905.49","62219.92","61674.51","62093.99","0.0"
"BTCUSDT","2026-06","1780848000","62093.99","62332.0","61966.0","62083.64","0.0"
"BTCUSDT","2026-06","1780851600","62083.64","62330.0","62046.62","62160.01","0.0"
"BTCUSDT","2026-06","1780855200","62160.01","62296.0","62022.0","62030.14","0.0"
"BTCUSDT","2026-06","1780858800","62030.15","62036.78","61184.0","61328.0","0.0"
"BTCUSDT","2026-06","1780862400","61327.99","61962.47","61217.17","61878.01","0.0"
"BTCUSDT","2026-06","1780866000","61878.0","62017.71","61652.01","61778.41","0.0"
"BTCUSDT","2026-06","1780869600","61778.42","64234.68","61728.11","62865.87","0.0"
"BTCUSDT","2026-06","1780873200","62865.87","63444.11","62803.42","63332.01","0.0"
"BTCUSDT","2026-06","1780876800","63332.01","63863.06","63138.37","63631.42","0.0"
"BTCUSDT","2026-06","1780880400","63631.43","63643.99","62720.86","63211.41","0.0"
"BTCUSDT","2026-06","1780884000","63211.41","63260.0","62918.0","63129.93","0.0"
"BTCUSDT","2026-06","1780887600","63129.94","63458.0","62978.36","63130.12","0.0"
"BTCUSDT","2026-06","1780891200","63130.12","63171.1","62657.07","62684.61","0.0"
"BTCUSDT","2026-06","1780894800","62684.61","62825.27","62408.0","62764.0","0.0"
"BTCUSDT","2026-06","1780898400","62763.99","63144.0","62734.0","62988.03","0.0"
"BTCUSDT","2026-06","1780902000","62988.58","63350.0","62812.0","63283.99","0.0"
"BTCUSDT","2026-06","1780905600","63284.0","63284.0","62992.01","63132.83","0.0"
"BTCUSDT","2026-06","1780909200","63132.84","63577.86","63128.47","63502.0","0.0"
"BTCUSDT","2026-06","1780912800","63501.99","63568.19","63096.88","63172.3","0.0"
"BTCUSDT","2026-06","1780916400","63172.3","63873.08","63058.0","63479.61","0.0"
"BTCUSDT","2026-06","1780920000","63479.62","63933.18","62718.3","63872.0","0.0"
"BTCUSDT","2026-06","1780923600","63872.0","63943.56","63362.1","63758.0","0.0"
"BTCUSDT","2026-06","1780927200","63758.0","64077.57","63560.68","63964.08","0.0"
"BTCUSDT","2026-06","1780930800","63964.07","64200.0","63711.0","63774.48","0.0"
"BTCUSDT","2026-06","1780934400","63774.48","64046.86","63472.0","63532.01","0.0"
"BTCUSDT","2026-06","1780938000","63532.01","63646.0","63268.01","63550.0","0.0"
"BTCUSDT","2026-06","1780941600","63549.99","63690.0","63339.98","63466.83","0.0"
"BTCUSDT","2026-06","1780945200","63466.83","63596.0","63356.0","63372.01","0.0"
"BTCUSDT","2026-06","1780948800","63372.01","63485.49","63160.31","63485.49","0.0"
"BTCUSDT","2026-06","1780952400","63485.49","63850.0","63483.41","63728.96","0.0"
"BTCUSDT","2026-06","1780956000","63728.96","63728.96","63210.0","63440.01","0.0"
"BTCUSDT","2026-06","1780959600","63440.0","63594.0","62978.66","63085.99","0.0"
"BTCUSDT","2026-06","1780963200","63086.0","63184.0","62423.07","62562.0","0.0"
"BTCUSDT","2026-06","1780966800","62562.0","62879.1","62546.62","62764.01","0.0"
"BTCUSDT","2026-06","1780970400","62764.0","62874.0","62544.11","62868.0","0.0"
"BTCUSDT","2026-06","1780974000","62867.99","62979.94","62702.0","62875.17","0.0"
"BTCUSDT","2026-06","1780977600","62875.18","63424.0","62748.0","63242.36","0.0"
"BTCUSDT","2026-06","1780981200","63242.36","63526.01","63120.24","63338.68","0.0"
"BTCUSDT","2026-06","1780984800","63338.69","63506.0","63230.0","63300.0","0.0"
"BTCUSDT","2026-06","1780988400","63300.0","63443.6","63012.0","63198.44","0.0"
"BTCUSDT","2026-06","1780992000","63198.44","63208.86","62769.52","62849.75","0.0"
"BTCUSDT","2026-06","1780995600","62849.75","62944.43","62590.0","62715.37","0.0"
"BTCUSDT","2026-06","1780999200","62715.37","62835.37","62596.0","62786.01","0.0"
"BTCUSDT","2026-06","1781002800","62786.0","62818.0","62498.75","62711.12","0.0"
"BTCUSDT","2026-06","1781006400","62711.12","62895.18","62421.24","62645.15","0.0"
"BTCUSDT","2026-06","1781010000","62645.14","62738.0","62140.0","62273.61","0.0"
"BTCUSDT","2026-06","1781013600","62273.62","62395.01","61148.07","61541.95","0.0"
"BTCUSDT","2026-06","1781017200","61541.95","61706.86","61037.0","61131.84","0.0"
"BTCUSDT","2026-06","1781020800","61131.85","61484.67","60780.0","61390.51","0.0"
"BTCUSDT","2026-06","1781024400","61390.51","61889.0","61390.51","61692.01","0.0"
"BTCUSDT","2026-06","1781028000","61692.01","61964.0","61602.0","61792.01","0.0"
"BTCUSDT","2026-06","1781031600","61792.0","62103.39","61722.0","62098.09","0.0"
"BTCUSDT","2026-06","1781035200","62098.09","62272.0","61954.39","62160.0","0.0"
"BTCUSDT","2026-06","1781038800","62159.99","62176.86","61698.0","61761.2","0.0"
"BTCUSDT","2026-06","1781042400","61761.21","61976.0","61666.66","61717.5","0.0"
"BTCUSDT","2026-06","1781046000","61717.5","61878.0","61556.0","61730.0","0.0"
"BTCUSDT","2026-06","1781049600","61730.0","61930.0","61440.0","61923.16","0.0"
"BTCUSDT","2026-06","1781053200","61923.16","61974.7","61590.0","61714.0","0.0"
"BTCUSDT","2026-06","1781056800","61714.0","61837.67","61235.29","61302.36","0.0"
"BTCUSDT","2026-06","1781060400","61302.37","61594.0","61286.0","61549.64","0.0"
"BTCUSDT","2026-06","1781064000","61549.64","61560.0","61182.65","61295.99","0.0"
"BTCUSDT","2026-06","1781067600","61296.0","61400.01","61080.0","61361.17","0.0"
"BTCUSDT","2026-06","1781071200","61361.17","61521.99","61145.5","61472.89","0.0"
"BTCUSDT","2026-06","1781074800","61472.89","61813.34","61440.0","61687.56","0.0"
"BTCUSDT","2026-06","1781078400","61687.56","61736.0","61168.0","61261.55","0.0"
"BTCUSDT","2026-06","1781082000","61261.56","61421.46","60755.0","61334.94","0.0"
"BTCUSDT","2026-06","1781085600","61334.95","61456.0","61151.4","61386.09","0.0"
"BTCUSDT","2026-06","1781089200","61386.09","61430.0","60867.19","61034.04","0.0"
"BTCUSDT","2026-06","1781092800","61034.04","61950.0","60960.0","61564.01","0.0"
"BTCUSDT","2026-06","1781096400","61564.0","62446.0","61444.87","62146.42","0.0"
"BTCUSDT","2026-06","1781100000","62146.43","62258.01","61814.79","62195.99","0.0"
"BTCUSDT","2026-06","1781103600","62195.99","62857.99","61852.0","62639.23","0.0"
"BTCUSDT","2026-06","1781107200","62639.23","62646.0","61930.0","62219.33","0.0"
"BTCUSDT","2026-06","1781110800","62219.33","62360.0","61654.54","61969.99","0.0"
"BTCUSDT","2026-06","1781114400","61969.99","62162.9","61588.8","61882.0","0.0"
"BTCUSDT","2026-06","1781118000","61881.99","62062.98","61673.79","61942.44","0.0"
"BTCUSDT","2026-06","1781121600","61942.45","61949.21","61688.0","61805.51","0.0"
"BTCUSDT","2026-06","1781125200","61805.5","61805.51","61179.19","61356.18","0.0"
"BTCUSDT","2026-06","1781128800","61356.18","61574.0","61104.24","61381.46","0.0"
"BTCUSDT","2026-06","1781132400","61381.46","61604.0","61166.0","61510.99","0.0"
"BTCUSDT","2026-06","1781136000","61510.99","61974.7","61510.99","61812.0","0.0"
"BTCUSDT","2026-06","1781139600","61812.0","62378.0","61812.0","62206.01","0.0"
"BTCUSDT","2026-06","1781143200","62206.01","62304.0","61944.19","62148.0","0.0"
"BTCUSDT","2026-06","1781146800","62148.01","62848.0","62012.0","62689.48","0.0"
"BTCUSDT","2026-06","1781150400","62689.47","62854.0","62546.34","62726.86","0.0"
"BTCUSDT","2026-06","1781154000","62726.85","62726.86","62556.84","62610.0","0.0"
"BTCUSDT","2026-06","1781157600","62610.0","62997.53","62544.89","62772.0","0.0"
"BTCUSDT","2026-06","1781161200","62772.01","62842.92","62612.01","62719.39","0.0"
"BTCUSDT","2026-06","1781164800","62719.39","63050.0","62719.38","62957.99","0.0"
"BTCUSDT","2026-06","1781168400","62958.0","62989.97","62790.0","62927.49","0.0"
"BTCUSDT","2026-06","1781172000","62927.49","63214.97","62789.62","63148.0","0.0"
"BTCUSDT","2026-06","1781175600","63148.0","63257.21","63040.01","63108.0","0.0"
"BTCUSDT","2026-06","1781179200","63108.01","63190.0","62500.0","63010.01","0.0"
"BTCUSDT","2026-06","1781182800","63010.0","63239.43","62677.84","63077.57","0.0"
"BTCUSDT","2026-06","1781186400","63077.71","63100.0","62732.6","62734.02","0.0"
"BTCUSDT","2026-06","1781190000","62734.02","62887.88","62518.1","62749.44","0.0"
"BTCUSDT","2026-06","1781193600","62749.44","62842.0","62548.79","62582.45","0.0"
"BTCUSDT","2026-06","1781197200","62582.45","63655.83","62348.0","63644.19","0.0"
"BTCUSDT","2026-06","1781200800","63644.18","63788.0","63324.35","63461.12","0.0"
"BTCUSDT","2026-06","1781204400","63461.12","63933.02","63390.0","63605.68","0.0"
"BTCUSDT","2026-06","1781208000","63605.69","63663.4","63270.0","63393.67","0.0"
"BTCUSDT","2026-06","1781211600","63393.67","63599.99","63393.66","63519.99","0.0"
"BTCUSDT","2026-06","1781215200","63519.99","63670.0","63462.0","63500.01","0.0"
"BTCUSDT","2026-06","1781218800","63500.0","63700.0","63362.0","63625.99","0.0"
"BTCUSDT","2026-06","1781222400","63626.0","63810.01","63520.86","63648.8","0.0"
"BTCUSDT","2026-06","1781226000","63648.8","63648.8","63301.53","63426.2","0.0"
"BTCUSDT","2026-06","1781229600","63426.21","63779.11","63426.2","63624.07","0.0"
"BTCUSDT","2026-06","1781233200","63624.07","63649.99","63357.7","63524.82","0.0"
"BTCUSDT","2026-06","1781236800","63524.81","63863.98","63426.48","63700.0","0.0"
"BTCUSDT","2026-06","1781240400","63700.0","63721.31","63310.0","63358.2","0.0"
"BTCUSDT","2026-06","1781244000","63358.2","63411.5","62829.81","62980.45","0.0"
"BTCUSDT","2026-06","1781247600","62980.46","63211.74","62956.0","63100.8","0.0"
"BTCUSDT","2026-06","1781251200","63100.8","63615.84","63100.8","63470.81","0.0"
"BTCUSDT","2026-06","1781254800","63470.81","63953.84","63438.0","63752.93","0.0"
"BTCUSDT","2026-06","1781258400","63752.93","63852.0","63588.34","63702.01","0.0"
"BTCUSDT","2026-06","1781262000","63702.01","63884.49","63684.44","63766.01","0.0"
"BTCUSDT","2026-06","1781265600","63766.01","63775.0","63378.0","63465.51","0.0"
"BTCUSDT","2026-06","1781269200","63465.52","63532.59","63045.29","63229.1","0.0"
"BTCUSDT","2026-06","1781272800","63229.1","64000.0","63190.0","63999.99","0.0"
"BTCUSDT","2026-06","1781276400","63999.99","64394.44","63551.9","63593.02","0.0"
"BTCUSDT","2026-06","1781280000","63593.02","63996.0","63510.16","63982.48","0.0"
"BTCUSDT","2026-06","1781283600","63982.48","64111.1","63745.99","63865.44","0.0"
"BTCUSDT","2026-06","1781287200","63865.45","63934.34","63686.0","63694.0","0.0"
"BTCUSDT","2026-06","1781290800","63694.01","63830.93","63589.27","63589.27","0.0"
"BTCUSDT","2026-06","1781294400","63589.28","63696.41","63400.0","63449.0","0.0"
"BTCUSDT","2026-06","1781298000","63449.01","63624.62","63440.01","63472.0","0.0"
"BTCUSDT","2026-06","1781301600","63471.99","63658.0","63471.99","63502.0","0.0"
"BTCUSDT","2026-06","1781305200","63502.0","63580.01","63426.83","63580.01","0.0"
"BTCUSDT","2026-06","1781308800","63580.0","63652.11","63507.39","63600.01","0.0"
"BTCUSDT","2026-06","1781312400","63600.01","63840.0","63600.01","63837.89","0.0"
"BTCUSDT","2026-06","1781316000","63837.88","63837.89","63558.0","63646.01","0.0"
"BTCUSDT","2026-06","1781319600","63646.01","63720.88","63418.66","63532.0","0.0"
"BTCUSDT","2026-06","1781323200","63532.0","63663.91","63484.0","63512.01","0.0"
"BTCUSDT","2026-06","1781326800","63512.01","63596.0","63493.16","63584.03","0.0"
"BTCUSDT","2026-06","1781330400","63584.03","63740.0","63550.51","63735.74","0.0"
"BTCUSDT","2026-06","1781334000","63736.0","63883.47","63674.98","63846.0","0.0"
"BTCUSDT","2026-06","1781337600","63845.99","63910.0","63766.18","63806.0","0.0"
"BTCUSDT","2026-06","1781341200","63806.0","63867.65","63742.57","63743.12","0.0"
"BTCUSDT","2026-06","1781344800","63743.13","63908.48","63726.57","63843.01","0.0"
"BTCUSDT","2026-06","1781348400","63843.01","63984.53","63843.01","63971.28","0.0"
"BTCUSDT","2026-06","1781352000","63971.28","64214.0","63921.33","64133.12","0.0"
"BTCUSDT","2026-06","1781355600","64133.12","64245.88","64060.0","64102.69","0.0"
"BTCUSDT","2026-06","1781359200","64102.61","64233.73","64090.09","64220.97","0.0"
"BTCUSDT","2026-06","1781362800","64220.96","64350.0","64186.97","64296.15","0.0"
"BTCUSDT","2026-06","1781366400","64296.15","64307.52","63920.05","64029.17","0.0"
"BTCUSDT","2026-06","1781370000","64029.17","64120.0","63944.0","63971.19","0.0"
"BTCUSDT","2026-06","1781373600","63971.2","64282.19","63971.19","64161.46","0.0"
"BTCUSDT","2026-06","1781377200","64161.46","64333.62","64152.0","64296.59","0.0"
"BTCUSDT","2026-06","1781380800","64296.59","64296.6","64226.83","64278.31","0.0"
"BTCUSDT","2026-06","1781384400","64278.31","64762.77","64226.38","64471.04","0.0"
"BTCUSDT","2026-06","1781388000","64471.04","64556.0","64383.61","64456.47","0.0"
"BTCUSDT","2026-06","1781391600","64456.46","64596.99","64382.42","64458.01","0.0"
"BTCUSDT","2026-06","1781395200","64458.01","64579.03","64380.7","64565.0","0.0"
"BTCUSDT","2026-06","1781398800","64565.01","64710.0","64507.25","64563.0","0.0"
"BTCUSDT","2026-06","1781402400","64563.0","64636.0","64476.01","64490.01","0.0"
"BTCUSDT","2026-06","1781406000","64490.01","64545.4","64466.0","64545.3","0.0"
"BTCUSDT","2026-06","1781409600","64545.3","64563.48","64325.61","64339.07","0.0"
"BTCUSDT","2026-06","1781413200","64339.07","64411.2","64293.41","64338.0","0.0"
"BTCUSDT","2026-06","1781416800","64338.0","64487.8","64232.12","64286.1","0.0"
"BTCUSDT","2026-06","1781420400","64286.1","64445.95","64214.0","64429.39","0.0"
"BTCUSDT","2026-06","1781424000","64429.39","64513.82","64392.0","64456.33","0.0"
"BTCUSDT","2026-06","1781427600","64456.33","64617.99","64321.18","64616.0","0.0"
"BTCUSDT","2026-06","1781431200","64616.0","64664.0","64498.01","64521.13","0.0"
"BTCUSDT","2026-06","1781434800","64521.13","64641.9","64460.0","64546.0","0.0"
"BTCUSDT","2026-06","1781438400","64546.01","64560.66","64295.06","64327.53","0.0"
"BTCUSDT","2026-06","1781442000","64327.54","64398.14","64244.0","64317.99","0.0"
"BTCUSDT","2026-06","1781445600","64318.0","64341.43","63866.66","63983.55","0.0"
"BTCUSDT","2026-06","1781449200","63983.56","64153.75","63980.35","64025.07","0.0"
"BTCUSDT","2026-06","1781452800","64025.06","64208.92","63936.0","63942.63","0.0"
"BTCUSDT","2026-06","1781456400","63942.63","64019.38","63694.11","63732.64","0.0"
"BTCUSDT","2026-06","1781460000","63732.65","63813.3","63678.83","63813.3","0.0"
"BTCUSDT","2026-06","1781463600","63813.3","63861.86","63734.71","63802.0","0.0"
"BTCUSDT","2026-06","1781467200","63801.99","64092.4","63794.09","64008.64","0.0"
"BTCUSDT","2026-06","1781470800","64008.64","65666.0","64007.24","65311.59","0.0"
"BTCUSDT","2026-06","1781474400","65311.59","65580.0","64946.12","65426.78","0.0"
"BTCUSDT","2026-06","1781478000","65426.78","65800.0","65256.21","65746.45","0.0"
"BTCUSDT","2026-06","1781481600","65746.45","65923.0","65480.69","65625.99","0.0"
"BTCUSDT","2026-06","1781485200","65626.0","65734.87","65354.0","65525.0","0.0"
"BTCUSDT","2026-06","1781488800","65525.01","65775.15","65415.02","65472.01","0.0"
"BTCUSDT","2026-06","1781492400","65472.01","65995.0","65422.83","65927.1","0.0"
"BTCUSDT","2026-06","1781496000","65927.11","65927.11","65633.28","65644.01","0.0"
"BTCUSDT","2026-06","1781499600","65644.0","65872.0","65611.01","65858.01","0.0"
"BTCUSDT","2026-06","1781503200","65858.0","65967.27","65775.45","65812.01","0.0"
"BTCUSDT","2026-06","1781506800","65812.01","66000.0","65628.45","65674.76","0.0"
"BTCUSDT","2026-06","1781510400","65674.76","65800.0","65620.0","65662.01","0.0"
"BTCUSDT","2026-06","1781514000","65662.0","65779.5","65512.0","65596.86","0.0"
"BTCUSDT","2026-06","1781517600","65596.86","65973.15","65584.37","65917.37","0.0"
"BTCUSDT","2026-06","1781521200","65917.37","66385.12","65832.78","66233.9","0.0"
"BTCUSDT","2026-06","1781524800","66233.89","66600.91","66106.0","66563.49","0.0"
"BTCUSDT","2026-06","1781528400","66563.48","66949.22","66412.0","66447.05","0.0"
"BTCUSDT","2026-06","1781532000","66447.06","66675.83","66251.58","66591.55","0.0"
"BTCUSDT","2026-06","1781535600","66591.54","67292.15","66580.42","67292.14","0.0"
"BTCUSDT","2026-06","1781539200","67292.15","67292.15","67088.83","67157.99","0.0"
"BTCUSDT","2026-06","1781542800","67158.0","67158.0","66585.26","66851.79","0.0"
"BTCUSDT","2026-06","1781546400","66851.8","66933.86","66715.61","66766.12","0.0"
"BTCUSDT","2026-06","1781550000","66766.13","66889.85","66348.0","66614.35","0.0"
"BTCUSDT","2026-06","1781553600","66615.98","66681.3","66489.86","66519.98","0.0"
"BTCUSDT","2026-06","1781557200","66519.99","66567.38","66314.34","66368.15","0.0"
"BTCUSDT","2026-06","1781560800","66368.15","66476.64","66076.56","66206.34","0.0"
"BTCUSDT","2026-06","1781564400","66206.34","66368.0","66116.59","66328.74","0.0"
"BTCUSDT","2026-06","1781568000","66328.74","66463.26","66242.0","66250.0","0.0"
"BTCUSDT","2026-06","1781571600","66250.0","66418.01","66248.93","66346.52","0.0"
"BTCUSDT","2026-06","1781575200","66346.51","66367.69","65678.14","65741.99","0.0"
"BTCUSDT","2026-06","1781578800","65742.0","66166.61","65650.0","66165.21","0.0"
"BTCUSDT","2026-06","1781582400","66165.21","66301.83","65802.0","65840.09","0.0"
"BTCUSDT","2026-06","1781586000","65840.1","66150.22","65840.09","66045.0","0.0"
"BTCUSDT","2026-06","1781589600","66044.99","66572.99","66044.99","66446.0","0.0"
"BTCUSDT","2026-06","1781593200","66446.01","66527.23","66300.1","66372.0","0.0"
"BTCUSDT","2026-06","1781596800","66372.0","66992.0","66345.06","66899.61","0.0"
"BTCUSDT","2026-06","1781600400","66899.61","66923.99","66474.74","66510.0","0.0"
"BTCUSDT","2026-06","1781604000","66510.01","66778.0","66486.38","66514.0","0.0"
"BTCUSDT","2026-06","1781607600","66514.01","66643.23","66368.36","66481.73","0.0"
"BTCUSDT","2026-06","1781611200","66481.73","66818.0","66368.0","66429.83","0.0"
"BTCUSDT","2026-06","1781614800","66429.84","66463.13","65928.16","66052.0","0.0"
"BTCUSDT","2026-06","1781618400","66052.01","66265.8","65360.92","65654.9","0.0"
"BTCUSDT","2026-06","1781622000","65654.9","65999.78","65614.3","65859.76","0.0"
"BTCUSDT","2026-06","1781625600","65859.76","65953.97","65706.0","65758.07","0.0"
"BTCUSDT","2026-06","1781629200","65758.07","66011.47","65710.34","65978.79","0.0"
"BTCUSDT","2026-06","1781632800","65978.78","66248.69","65802.0","65847.99","0.0"
"BTCUSDT","2026-06","1781636400","65848.0","65848.0","65560.0","65675.88","0.0"
"BTCUSDT","2026-06","1781640000","65675.89","65865.92","65592.0","65854.0","0.0"
"BTCUSDT","2026-06","1781643600","65854.0","65938.0","65654.9","65776.97","0.0"
"BTCUSDT","2026-06","1781647200","65776.97","65882.0","65680.0","65780.0","0.0"
"BTCUSDT","2026-06","1781650800","65780.01","65834.19","65626.9","65675.01","0.0"
"BTCUSDT","2026-06","1781654400","65675.02","65848.0","65675.02","65700.0","0.0"
"BTCUSDT","2026-06","1781658000","65700.0","65956.56","65477.5","65940.0","0.0"
"BTCUSDT","2026-06","1781661600","65940.0","66200.0","65788.0","65904.0","0.0"
"BTCUSDT","2026-06","1781665200","65903.99","65904.0","65703.45","65851.99","0.0"
"BTCUSDT","2026-06","1781668800","65852.0","66048.19","65788.31","65892.0","0.0"
"BTCUSDT","2026-06","1781672400","65892.01","65978.0","65746.51","65836.3","0.0"
"BTCUSDT","2026-06","1781676000","65836.3","65896.45","65582.63","65624.0","0.0"
"BTCUSDT","2026-06","1781679600","65624.01","65710.0","65251.0","65539.5","0.0"
"BTCUSDT","2026-06","1781683200","65539.51","65574.0","64833.07","64926.02","0.0"
"BTCUSDT","2026-06","1781686800","64926.02","65076.76","64842.01","64909.44","0.0"
"BTCUSDT","2026-06","1781690400","64909.44","64993.97","64768.0","64798.0","0.0"
"BTCUSDT","2026-06","1781694000","64798.0","64868.21","64565.0","64810.01","0.0"
"BTCUSDT","2026-06","1781697600","64810.01","65108.0","64590.53","65040.88","0.0"
"BTCUSDT","2026-06","1781701200","65040.88","65369.53","64850.0","65278.0","0.0"
"BTCUSDT","2026-06","1781704800","65278.0","65461.38","64772.72","65101.45","0.0"
"BTCUSDT","2026-06","1781708400","65101.45","65855.66","64987.74","65752.0","0.0"
"BTCUSDT","2026-06","1781712000","65751.99","66445.93","65722.0","65864.12","0.0"
"BTCUSDT","2026-06","1781715600","65864.13","66191.98","65800.0","66104.08","0.0"
"BTCUSDT","2026-06","1781719200","66107.99","66107.99","64800.0","65516.0","0.0"
"BTCUSDT","2026-06","1781722800","65516.0","65666.0","63998.35","64301.85","0.0"
"BTCUSDT","2026-06","1781726400","64301.85","64488.96","64181.33","64434.36","0.0"
"BTCUSDT","2026-06","1781730000","64434.36","64452.0","64142.0","64257.77","0.0"
"BTCUSDT","2026-06","1781733600","64257.77","64434.84","63915.77","64300.01","0.0"
"BTCUSDT","2026-06","1781737200","64300.01","64529.2","64248.0","64509.4","0.0"
"BTCUSDT","2026-06","1781740800","64509.4","64702.0","64457.67","64468.01","0.0"
"BTCUSDT","2026-06","1781744400","64468.01","64806.0","64466.3","64548.74","0.0"
"BTCUSDT","2026-06","1781748000","64548.75","64776.66","64488.0","64689.5","0.0"
"BTCUSDT","2026-06","1781751600","64689.5","64689.5","64267.86","64282.82","0.0"
"BTCUSDT","2026-06","1781755200","64282.82","64347.09","63826.93","63883.41","0.0"
"BTCUSDT","2026-06","1781758800","63883.26","64020.0","63696.29","63994.0","0.0"
"BTCUSDT","2026-06","1781762400","63994.0","64134.33","63850.0","64083.41","0.0"
"BTCUSDT","2026-06","1781766000","64084.0","64510.5","64015.42","64510.44","0.0"
"BTCUSDT","2026-06","1781769600","64510.45","64646.75","64378.25","64399.92","0.0"
"BTCUSDT","2026-06","1781773200","64399.93","64478.0","64196.14","64199.53","0.0"
"BTCUSDT","2026-06","1781776800","64199.53","64223.79","63910.0","64078.61","0.0"
"BTCUSDT","2026-06","1781780400","64078.61","64196.0","63878.14","63974.4","0.0"
"BTCUSDT","2026-06","1781784000","63974.4","64402.01","63922.0","64378.07","0.0"
"BTCUSDT","2026-06","1781787600","64378.06","64445.19","63800.0","63984.0","0.0"
"BTCUSDT","2026-06","1781791200","63983.99","64203.66","63587.3","63816.61","0.0"
"BTCUSDT","2026-06","1781794800","63816.61","63825.99","62293.76","62369.44","0.0"
"BTCUSDT","2026-06","1781798400","62369.43","62814.0","62349.42","62688.0","0.0"
"BTCUSDT","2026-06","1781802000","62688.0","62750.0","62272.07","62606.0","0.0"
"BTCUSDT","2026-06","1781805600","62606.0","62959.75","62580.01","62708.92","0.0"
"BTCUSDT","2026-06","1781809200","62708.93","63008.33","62636.0","62950.79","0.0"
"BTCUSDT","2026-06","1781812800","62950.79","63274.19","62950.79","63086.0","0.0"
"BTCUSDT","2026-06","1781816400","63086.0","63121.81","62870.39","62971.32","0.0"
"BTCUSDT","2026-06","1781820000","62971.32","62990.0","62742.0","62885.85","0.0"
"BTCUSDT","2026-06","1781823600","62885.84","62985.12","62756.6","62958.01","0.0"
"BTCUSDT","2026-06","1781827200","62958.01","63086.0","62840.0","63020.0","0.0"
"BTCUSDT","2026-06","1781830800","63020.0","63100.0","62852.01","63021.86","0.0"
"BTCUSDT","2026-06","1781834400","63021.86","63110.29","62893.71","63006.0","0.0"
"BTCUSDT","2026-06","1781838000","63006.01","63029.64","62386.9","62773.51","0.0"
"BTCUSDT","2026-06","1781841600","62773.52","62916.66","62409.55","62452.01","0.0"
"BTCUSDT","2026-06","1781845200","62452.01","62744.92","62452.0","62739.2","0.0"
"BTCUSDT","2026-06","1781848800","62739.2","62914.73","62728.0","62894.08","0.0"
"BTCUSDT","2026-06","1781852400","62894.09","62917.32","62504.27","62629.99","0.0"
"BTCUSDT","2026-06","1781856000","62630.0","62782.0","62533.33","62603.99","0.0"
"BTCUSDT","2026-06","1781859600","62604.0","62654.0","62316.44","62390.0","0.0"
"BTCUSDT","2026-06","1781863200","62390.01","62587.27","62383.76","62533.25","0.0"
"BTCUSDT","2026-06","1781866800","62533.24","62684.0","62452.52","62626.0","0.0"
"BTCUSDT","2026-06","1781870400","62626.0","62872.99","62353.0","62830.01","0.0"
"BTCUSDT","2026-06","1781874000","62830.01","63415.0","62666.0","63210.0","0.0"
"BTCUSDT","2026-06","1781877600","63210.0","63419.27","63010.0","63203.53","0.0"
"BTCUSDT","2026-06","1781881200","63203.54","63283.86","63019.26","63214.01","0.0"
"BTCUSDT","2026-06","1781884800","63214.01","63387.8","62918.98","62971.99","0.0"
"BTCUSDT","2026-06","1781888400","62972.0","63263.49","62866.99","63198.01","0.0"
"BTCUSDT","2026-06","1781892000","63198.0","63201.95","62991.37","63110.01","0.0"
"BTCUSDT","2026-06","1781895600","63110.01","63140.0","62942.0","63021.6","0.0"
"BTCUSDT","2026-06","1781899200","63021.6","63274.0","62958.59","63250.01","0.0"
"BTCUSDT","2026-06","1781902800","63250.01","63275.64","63060.0","63075.98","0.0"
"BTCUSDT","2026-06","1781906400","63075.99","63369.48","63048.0","63315.28","0.0"
"BTCUSDT","2026-06","1781910000","63315.29","63666.0","63276.0","63543.91","0.0"
"BTCUSDT","2026-06","1781913600","63543.9","63777.0","63470.0","63530.01","0.0"
"BTCUSDT","2026-06","1781917200","63530.01","63616.23","63404.0","63586.28","0.0"
"BTCUSDT","2026-06","1781920800","63586.27","63586.27","63336.01","63340.57","0.0"
"BTCUSDT","2026-06","1781924400","63340.58","63510.0","63320.14","63476.79","0.0"
"BTCUSDT","2026-06","1781928000","63476.79","63613.59","63402.0","63583.53","0.0"
"BTCUSDT","2026-06","1781931600","63583.53","63907.07","63543.46","63678.07","0.0"
"BTCUSDT","2026-06","1781935200","63678.07","63761.99","63640.36","63744.61","0.0"
"BTCUSDT","2026-06","1781938800","63744.61","63800.0","63594.37","63655.21","0.0"
"BTCUSDT","2026-06","1781942400","63655.21","63664.39","63392.41","63417.97","0.0"
"BTCUSDT","2026-06","1781946000","63417.98","63787.74","63417.98","63741.16","0.0"
"BTCUSDT","2026-06","1781949600","63741.16","63777.5","63592.44","63674.7","0.0"
"BTCUSDT","2026-06","1781953200","63674.71","63798.76","63620.74","63688.0","0.0"
"BTCUSDT","2026-06","1781956800","63688.0","63785.76","63537.99","63655.09","0.0"
"BTCUSDT","2026-06","1781960400","63655.1","63655.1","63278.0","63397.78","0.0"
"BTCUSDT","2026-06","1781964000","63397.77","64150.0","63184.21","63949.9","0.0"
"BTCUSDT","2026-06","1781967600","63949.9","64388.0","63836.0","64160.04","0.0"
"BTCUSDT","2026-06","1781971200","64160.04","64167.26","63902.58","64034.31","0.0"
"BTCUSDT","2026-06","1781974800","64034.31","64041.07","63730.21","63834.7","0.0"
"BTCUSDT","2026-06","1781978400","63834.7","63928.4","63788.0","63805.89","0.0"
"BTCUSDT","2026-06","1781982000","63805.9","63968.0","63798.0","63936.0","0.0"
"BTCUSDT","2026-06","1781985600","63935.99","63981.09","63853.31","63925.99","0.0"
"BTCUSDT","2026-06","1781989200","63926.0","64092.91","63918.29","64012.4","0.0"
"BTCUSDT","2026-06","1781992800","64012.39","64350.0","63978.12","64272.01","0.0"
"BTCUSDT","2026-06","1781996400","64272.0","64336.91","64250.02","64298.01","0.0"
"BTCUSDT","2026-06","1782000000","64298.01","64322.91","64237.31","64294.0","0.0"
"BTCUSDT","2026-06","1782003600","64294.0","64323.68","64206.17","64248.0","0.0"
"BTCUSDT","2026-06","1782007200","64248.0","64275.12","64216.05","64241.25","0.0"
"BTCUSDT","2026-06","1782010800","64241.26","64472.99","64234.0","64426.0","0.0"
"BTCUSDT","2026-06","1782014400","64426.0","64588.0","64269.45","64276.12","0.0"
"BTCUSDT","2026-06","1782018000","64276.12","64365.43","64225.6","64256.55","0.0"
"BTCUSDT","2026-06","1782021600","64256.56","64323.99","64200.0","64303.46","0.0"
"BTCUSDT","2026-06","1782025200","64303.47","64303.47","64173.08","64191.07","0.0"
"BTCUSDT","2026-06","1782028800","64191.06","64228.0","63900.17","64014.0","0.0"
"BTCUSDT","2026-06","1782032400","64014.0","64246.0","63961.28","64209.16","0.0"
"BTCUSDT","2026-06","1782036000","64209.16","64408.0","64204.0","64365.99","0.0"
"BTCUSDT","2026-06","1782039600","64366.0","64483.95","64112.01","64176.0","0.0"
"BTCUSDT","2026-06","1782043200","64176.0","64235.13","63952.0","64200.0","0.0"
"BTCUSDT","2026-06","1782046800","64200.0","64200.0","64020.01","64146.0","0.0"
"BTCUSDT","2026-06","1782050400","64146.0","64154.0","64004.0","64145.97","0.0"
"BTCUSDT","2026-06","1782054000","64145.97","64355.88","64120.0","64224.0","0.0"
"BTCUSDT","2026-06","1782057600","64224.0","64254.38","64046.0","64145.31","0.0"
"BTCUSDT","2026-06","1782061200","64145.32","64221.44","64080.0","64151.46","0.0"
"BTCUSDT","2026-06","1782064800","64151.47","64240.0","63933.47","64213.81","0.0"
"BTCUSDT","2026-06","1782068400","64213.82","64298.84","64168.73","64207.12","0.0"
"BTCUSDT","2026-06","1782072000","64207.13","64271.21","63700.0","63848.0","0.0"
"BTCUSDT","2026-06","1782075600","63848.0","63969.59","63510.0","63808.01","0.0"
"BTCUSDT","2026-06","1782079200","63808.0","63864.0","63575.04","63801.59","0.0"
"BTCUSDT","2026-06","1782082800","63801.6","63801.6","63270.0","63311.99","0.0"
"BTCUSDT","2026-06","1782086400","63312.0","64094.0","63312.0","63896.01","0.0"
"BTCUSDT","2026-06","1782090000","63896.0","64823.52","63850.8","64606.0","0.0"
"BTCUSDT","2026-06","1782093600","64606.0","64663.99","64250.0","64257.99","0.0"
"BTCUSDT","2026-06","1782097200","64258.0","64459.44","63894.98","63974.01","0.0"
"BTCUSDT","2026-06","1782100800","63974.01","64116.44","63868.41","64100.02","0.0"
"BTCUSDT","2026-06","1782104400","64100.01","64344.17","64088.64","64247.74","0.0"
"BTCUSDT","2026-06","1782108000","64247.74","64326.0","63946.0","63989.95","0.0"
"BTCUSDT","2026-06","1782111600","63989.96","64397.57","63968.23","64211.19","0.0"
"BTCUSDT","2026-06","1782115200","64211.2","64350.58","64044.0","64165.99","0.0"
"BTCUSDT","2026-06","1782118800","64166.0","64256.2","64052.17","64145.39","0.0"
"BTCUSDT","2026-06","1782122400","64145.4","64272.0","64065.18","64139.21","0.0"
"BTCUSDT","2026-06","1782126000","64139.21","64768.46","64097.08","64657.22","0.0"
"BTCUSDT","2026-06","1782129600","64657.22","65222.45","64579.08","65149.57","0.0"
"BTCUSDT","2026-06","1782133200","65149.58","65589.76","64945.53","65578.0","0.0"
"BTCUSDT","2026-06","1782136800","65577.99","65622.83","64835.0","64980.39","0.0"
"BTCUSDT","2026-06","1782140400","64980.39","65146.0","64757.11","64836.95","0.0"
"BTCUSDT","2026-06","1782144000","64836.95","64862.0","64519.0","64719.77","0.0"
"BTCUSDT","2026-06","1782147600","64719.77","64769.98","64388.16","64602.0","0.0"
"BTCUSDT","2026-06","1782151200","64602.0","64730.15","64311.0","64334.01","0.0"
"BTCUSDT","2026-06","1782154800","64334.01","64499.28","64276.0","64472.0","0.0"
"BTCUSDT","2026-06","1782158400","64472.51","64659.43","64356.95","64433.8","0.0"
"BTCUSDT","2026-06","1782162000","64433.8","64480.0","64134.39","64320.57","0.0"
"BTCUSDT","2026-06","1782165600","64320.57","64396.45","63804.59","63971.12","0.0"
"BTCUSDT","2026-06","1782169200","63971.13","64053.33","63877.61","64020.01","0.0"
"BTCUSDT","2026-06","1782172800","64020.01","64162.02","63828.93","64154.99","0.0"
"BTCUSDT","2026-06","1782176400","64154.99","64273.09","63893.33","64156.0","0.0"
"BTCUSDT","2026-06","1782180000","64156.0","64275.38","64042.01","64204.01","0.0"
"BTCUSDT","2026-06","1782183600","64204.01","64204.01","63968.42","64065.35","0.0"
"BTCUSDT","2026-06","1782187200","64065.34","64095.55","63612.62","63623.02","0.0"
"BTCUSDT","2026-06","1782190800","63623.03","63728.0","63342.34","63400.0","0.0"
"BTCUSDT","2026-06","1782194400","63400.0","63400.0","62568.9","62936.01","0.0"
"BTCUSDT","2026-06","1782198000","62936.01","63095.0","62872.0","62886.03","0.0"
"BTCUSDT","2026-06","1782201600","62886.04","62945.08","61938.0","62385.99","0.0"
"BTCUSDT","2026-06","1782205200","62386.0","62528.13","62350.44","62386.0","0.0"
"BTCUSDT","2026-06","1782208800","62386.0","62586.0","62247.2","62328.01","0.0"
"BTCUSDT","2026-06","1782212400","62328.01","62643.99","62328.0","62507.06","0.0"
"BTCUSDT","2026-06","1782216000","62507.05","62558.0","62189.42","62256.6","0.0"
"BTCUSDT","2026-06","1782219600","62256.61","62538.72","61960.0","62475.99","0.0"
"BTCUSDT","2026-06","1782223200","62476.0","62855.98","62406.25","62493.63","0.0"
"BTCUSDT","2026-06","1782226800","62493.63","62507.99","62198.0","62487.79","0.0"
"BTCUSDT","2026-06","1782230400","62487.79","62846.0","62428.01","62558.0","0.0"
"BTCUSDT","2026-06","1782234000","62558.0","62693.48","62327.95","62358.02","0.0"
"BTCUSDT","2026-06","1782237600","62358.03","62445.21","62104.7","62241.99","0.0"
"BTCUSDT","2026-06","1782241200","62242.0","62480.0","62230.0","62388.49","0.0"
"BTCUSDT","2026-06","1782244800","62388.49","62531.27","62380.25","62470.7","0.0"
"BTCUSDT","2026-06","1782248400","62470.7","62658.93","62470.7","62599.77","0.0"
"BTCUSDT","2026-06","1782252000","62599.77","62779.82","62526.0","62590.0","0.0"
"BTCUSDT","2026-06","1782255600","62590.0","62799.99","62480.39","62734.57","0.0"
"BTCUSDT","2026-06","1782259200","62734.57","63024.4","62733.29","63014.0","0.0"
"BTCUSDT","2026-06","1782262800","63014.0","63119.45","62772.15","62932.19","0.0"
"BTCUSDT","2026-06","1782266400","62932.19","63013.12","62606.09","62630.0","0.0"
"BTCUSDT","2026-06","1782270000","62630.01","62830.0","62461.87","62729.78","0.0"
"BTCUSDT","2026-06","1782273600","62729.78","62799.62","62525.49","62744.42","0.0"
"BTCUSDT","2026-06","1782277200","62744.41","63073.44","62706.0","62890.0","0.0"
"BTCUSDT","2026-06","1782280800","62889.99","62909.98","62728.73","62780.0","0.0"
"BTCUSDT","2026-06","1782284400","62780.01","62844.0","62610.11","62657.99","0.0"
"BTCUSDT","2026-06","1782288000","62658.0","62807.46","62605.28","62800.0","0.0"
"BTCUSDT","2026-06","1782291600","62800.0","62800.01","62637.08","62681.7","0.0"
"BTCUSDT","2026-06","1782295200","62681.7","62681.7","62412.05","62445.99","0.0"
"BTCUSDT","2026-06","1782298800","62445.99","63239.06","62318.88","62921.19","0.0"
"BTCUSDT","2026-06","1782302400","62921.19","62973.2","62585.2","62618.31","0.0"
"BTCUSDT","2026-06","1782306000","62618.31","62628.75","61255.74","61338.01","0.0"
"BTCUSDT","2026-06","1782309600","61338.0","61456.0","60888.0","61113.1","0.0"
"BTCUSDT","2026-06","1782313200","61113.1","61150.13","60249.82","60250.0","0.0"
"BTCUSDT","2026-06","1782316800","60250.0","60678.1","59622.0","59850.0","0.0"
"BTCUSDT","2026-06","1782320400","59850.0","60057.18","59102.7","59404.0","0.0"
"BTCUSDT","2026-06","1782324000","59404.0","59930.0","59310.85","59599.99","0.0"
"BTCUSDT","2026-06","1782327600","59600.0","60000.0","59530.0","59958.3","0.0"
"BTCUSDT","2026-06","1782331200","59958.3","61208.48","59854.0","60956.0","0.0"
"BTCUSDT","2026-06","1782334800","60956.0","61144.63","60665.75","61110.0","0.0"
"BTCUSDT","2026-06","1782338400","61109.99","61276.0","60802.66","60873.99","0.0"
"BTCUSDT","2026-06","1782342000","60874.0","61112.0","60830.01","61077.99","0.0"
"BTCUSDT","2026-06","1782345600","61078.0","61163.16","60726.77","60832.0","0.0"
"BTCUSDT","2026-06","1782349200","60832.0","60988.0","60720.23","60928.0","0.0"
"BTCUSDT","2026-06","1782352800","60928.0","60966.0","60700.01","60799.08","0.0"
"BTCUSDT","2026-06","1782356400","60799.08","60910.63","60684.94","60883.65","0.0"
"BTCUSDT","2026-06","1782360000","60883.66","61410.0","60792.0","61357.63","0.0"
"BTCUSDT","2026-06","1782363600","61357.63","61807.04","61280.0","61600.01","0.0"
"BTCUSDT","2026-06","1782367200","61600.02","61869.02","61600.01","61732.06","0.0"
"BTCUSDT","2026-06","1782370800","61732.06","61962.4","61670.0","61911.04","0.0"
"BTCUSDT","2026-06","1782374400","61911.03","61920.0","61684.87","61712.35","0.0"
"BTCUSDT","2026-06","1782378000","61712.36","61792.0","61614.32","61739.29","0.0"
"BTCUSDT","2026-06","1782381600","61739.29","61751.07","61257.79","61269.94","0.0"
"BTCUSDT","2026-06","1782385200","61269.95","61422.52","61066.0","61282.01","0.0"
"BTCUSDT","2026-06","1782388800","61282.0","61761.35","61080.0","61244.01","0.0"
"BTCUSDT","2026-06","1782392400","61244.01","61369.18","58115.01","58290.17","0.0"
"BTCUSDT","2026-06","1782396000","58291.7","60485.51","58291.7","59471.5","0.0"
"BTCUSDT","2026-06","1782399600","59471.49","59655.86","58874.85","59557.99","0.0"
"BTCUSDT","2026-06","1782403200","59557.99","60067.0","59157.63","59312.64","0.0"
"BTCUSDT","2026-06","1782406800","59312.64","59740.9","59139.96","59676.01","0.0"
"BTCUSDT","2026-06","1782410400","59676.0","59793.34","59364.0","59512.71","0.0"
"BTCUSDT","2026-06","1782414000","59512.71","59516.0","59168.82","59320.0","0.0"
"BTCUSDT","2026-06","1782417600","59319.99","59741.95","59319.99","59456.62","0.0"
"BTCUSDT","2026-06","1782421200","59456.62","60273.81","59452.01","60211.87","0.0"
"BTCUSDT","2026-06","1782424800","60211.86","60211.86","59740.0","59851.27","0.0"
"BTCUSDT","2026-06","1782428400","59851.27","60191.55","59739.99","59794.0","0.0"
"BTCUSDT","2026-06","1782432000","59794.64","59906.71","59642.77","59667.09","0.0"
"BTCUSDT","2026-06","1782435600","59667.09","59789.07","59228.0","59431.5","0.0"
"BTCUSDT","2026-06","1782439200","59431.49","59456.0","58358.77","58561.99","0.0"
"BTCUSDT","2026-06","1782442800","58562.0","60131.37","58337.0","60036.01","0.0"
"BTCUSDT","2026-06","1782446400","60036.0","60238.77","59836.17","59920.47","0.0"
"BTCUSDT","2026-06","1782450000","59920.47","60047.68","59736.0","59953.3","0.0"
"BTCUSDT","2026-06","1782453600","59953.3","60459.55","59702.0","60324.0","0.0"
"BTCUSDT","2026-06","1782457200","60324.0","60759.99","60283.08","60532.0","0.0"
"BTCUSDT","2026-06","1782460800","60532.0","60580.0","60150.56","60245.67","0.0"
"BTCUSDT","2026-06","1782464400","60245.9","60259.37","59583.33","59736.01","0.0"
"BTCUSDT","2026-06","1782468000","59736.01","59858.93","59239.78","59313.26","0.0"
"BTCUSDT","2026-06","1782471600","59313.26","59588.0","59259.78","59413.24","0.0"
"BTCUSDT","2026-06","1782475200","59413.24","60007.91","58969.9","59185.02","0.0"
"BTCUSDT","2026-06","1782478800","59185.02","60216.14","58500.1","60175.43","0.0"
"BTCUSDT","2026-06","1782482400","60175.42","60294.0","59390.0","59590.73","0.0"
"BTCUSDT","2026-06","1782486000","59590.73","60500.0","59584.01","60328.32","0.0"
"BTCUSDT","2026-06","1782489600","60328.18","60583.0","59970.0","60041.75","0.0"
"BTCUSDT","2026-06","1782493200","60041.76","60287.9","59952.0","60023.97","0.0"
"BTCUSDT","2026-06","1782496800","60023.96","60158.0","59556.0","59668.01","0.0"
"BTCUSDT","2026-06","1782500400","59668.01","60098.0","59617.37","59751.97","0.0"
"BTCUSDT","2026-06","1782504000","59751.96","59994.0","59571.31","59718.0","0.0"
"BTCUSDT","2026-06","1782507600","59717.99","60050.0","59678.0","59918.7","0.0"
"BTCUSDT","2026-06","1782511200","59918.7","60080.0","59754.0","60048.0","0.0"
"BTCUSDT","2026-06","1782514800","60048.0","60117.64","59923.27","60097.27","0.0"
"BTCUSDT","2026-06","1782518400","60097.27","60197.0","59876.22","60059.07","0.0"
"BTCUSDT","2026-06","1782522000","60059.09","60068.0","59936.07","59945.53","0.0"
"BTCUSDT","2026-06","1782525600","59945.53","60378.23","59921.68","60290.01","0.0"
"BTCUSDT","2026-06","1782529200","60290.01","60412.0","60159.91","60305.73","0.0"
"BTCUSDT","2026-06","1782532800","60305.73","60482.0","60217.26","60239.99","0.0"
"BTCUSDT","2026-06","1782536400","60240.0","60311.0","60136.0","60236.76","0.0"
"BTCUSDT","2026-06","1782540000","60236.75","60500.0","60093.33","60370.62","0.0"
"BTCUSDT","2026-06","1782543600","60370.63","60574.0","60300.0","60548.07","0.0"
"BTCUSDT","2026-06","1782547200","60548.06","60548.74","60371.62","60456.0","0.0"
"BTCUSDT","2026-06","1782550800","60456.0","60511.99","60289.55","60414.62","0.0"
"BTCUSDT","2026-06","1782554400","60414.62","60487.31","60380.0","60420.28","0.0"
"BTCUSDT","2026-06","1782558000","60420.28","60447.8","60198.94","60363.65","0.0"
"BTCUSDT","2026-06","1782561600","60363.65","60430.01","60257.03","60430.0","0.0"
"BTCUSDT","2026-06","1782565200","60430.0","60665.74","60394.0","60588.35","0.0"
"BTCUSDT","2026-06","1782568800","60588.35","60728.0","60510.0","60611.5","0.0"
"BTCUSDT","2026-06","1782572400","60611.49","60941.17","60570.0","60840.06","0.0"
"BTCUSDT","2026-06","1782576000","60840.06","60855.03","60673.64","60807.99","0.0"
"BTCUSDT","2026-06","1782579600","60808.0","60818.76","60413.15","60524.88","0.0"
"BTCUSDT","2026-06","1782583200","60524.89","60576.03","60446.25","60570.86","0.0"
"BTCUSDT","2026-06","1782586800","60570.86","60605.41","60085.88","60175.95","0.0"
"BTCUSDT","2026-06","1782590400","60175.95","60306.0","60173.07","60300.0","0.0"
"BTCUSDT","2026-06","1782594000","60300.0","60482.18","60142.0","60203.82","0.0"
"BTCUSDT","2026-06","1782597600","60203.83","60256.56","59855.16","60228.95","0.0"
"BTCUSDT","2026-06","1782601200","60228.96","60320.0","59952.0","60029.0","0.0"
"BTCUSDT","2026-06","1782604800","60029.01","60190.0","60018.0","60146.0","0.0"
"BTCUSDT","2026-06","1782608400","60146.0","60273.38","59986.0","60222.22","0.0"
"BTCUSDT","2026-06","1782612000","60222.21","60339.99","60054.0","60150.45","0.0"
"BTCUSDT","2026-06","1782615600","60150.46","60275.0","60150.45","60197.04","0.0"
"BTCUSDT","2026-06","1782619200","60197.03","60231.83","60088.04","60133.0","0.0"
"BTCUSDT","2026-06","1782622800","60133.01","60140.0","59753.48","59989.17","0.0"
"BTCUSDT","2026-06","1782626400","59989.18","60030.0","59808.0","60002.82","0.0"
"BTCUSDT","2026-06","1782630000","60002.82","60259.68","60000.0","60219.99","0.0"
"BTCUSDT","2026-06","1782633600","60220.0","60545.01","60140.14","60370.0","0.0"
"BTCUSDT","2026-06","1782637200","60370.01","60462.0","60250.81","60258.84","0.0"
"BTCUSDT","2026-06","1782640800","60258.85","60292.48","60068.0","60166.71","0.0"
"BTCUSDT","2026-06","1782644400","60166.71","60374.05","60100.0","60342.0","0.0"
"BTCUSDT","2026-06","1782648000","60341.99","60457.02","60190.0","60293.51","0.0"
"BTCUSDT","2026-06","1782651600","60293.5","60293.51","59963.86","60071.88","0.0"
"BTCUSDT","2026-06","1782655200","60071.89","60250.0","60018.0","60033.0","0.0"
"BTCUSDT","2026-06","1782658800","60033.01","60130.0","59817.28","59890.0","0.0"
"BTCUSDT","2026-06","1782662400","59890.35","59943.9","59582.34","59690.62","0.0"
"BTCUSDT","2026-06","1782666000","59690.62","59848.0","59403.77","59586.01","0.0"
"BTCUSDT","2026-06","1782669600","59586.0","59700.0","59502.0","59614.46","0.0"
"BTCUSDT","2026-06","1782673200","59614.46","59682.0","59270.26","59481.79","0.0"
"BTCUSDT","2026-06","1782676800","59481.78","59765.9","59474.28","59660.0","0.0"
"BTCUSDT","2026-06","1782680400","59660.0","59796.66","59333.33","59445.95","0.0"
"BTCUSDT","2026-06","1782684000","59445.96","59906.0","58905.0","59067.01","0.0"
"BTCUSDT","2026-06","1782687600","59067.0","59848.0","59011.99","59577.01","0.0"
"BTCUSDT","2026-06","1782691200","59577.01","59700.0","59000.01","59667.01","0.0"
"BTCUSDT","2026-06","1782694800","59667.0","59697.0","59206.0","59440.95","0.0"
"BTCUSDT","2026-06","1782698400","59440.95","59812.0","58900.01","59757.46","0.0"
"BTCUSDT","2026-06","1782702000","59757.47","60233.0","59757.47","60049.46","0.0"
"BTCUSDT","2026-06","1782705600","60049.45","60053.99","59746.0","59830.0","0.0"
"BTCUSDT","2026-06","1782709200","59830.01","60102.8","59392.02","60102.8","0.0"
"BTCUSDT","2026-06","1782712800","60102.8","60346.27","60050.67","60075.49","0.0"
"BTCUSDT","2026-06","1782716400","60075.5","60186.94","59936.0","60026.0","0.0"
"BTCUSDT","2026-06","1782720000","60026.01","60093.99","59745.46","59840.0","0.0"
"BTCUSDT","2026-06","1782723600","59840.01","60104.0","59778.76","60057.0","0.0"
"BTCUSDT","2026-06","1782727200","60057.0","60311.95","60056.99","60088.0","0.0"
"BTCUSDT","2026-06","1782730800","60088.0","60216.0","59796.0","59956.05","0.0"
"BTCUSDT","2026-06","1782734400","59956.05","60780.57","59595.09","59948.78","0.0"
"BTCUSDT","2026-06","1782738000","59948.79","60340.0","59319.9","59580.0","0.0"
"BTCUSDT","2026-06","1782741600","59580.0","59699.99","59011.0","59469.67","0.0"
"BTCUSDT","2026-06","1782745200","59469.45","59960.0","59097.58","59824.01","0.0"
"BTCUSDT","2026-06","1782748800","59824.01","60030.0","59584.48","59892.86","0.0"
"BTCUSDT","2026-06","1782752400","59892.87","60683.84","59892.0","60413.99","0.0"
"BTCUSDT","2026-06","1782756000","60413.99","60520.0","60193.87","60295.0","0.0"
"BTCUSDT","2026-06","1782759600","60295.0","60557.5","60153.35","60433.49","0.0"
"BTCUSDT","2026-06","1782763200","60433.5","60553.06","60295.32","60296.0","0.0"
"BTCUSDT","2026-06","1782766800","60296.01","60585.99","60261.89","60479.72","0.0"
"BTCUSDT","2026-06","1782770400","60479.71","60516.0","60350.0","60352.31","0.0"
"BTCUSDT","2026-06","1782774000","60352.31","60379.23","60194.01","60260.21","0.0"
"BTCUSDT","2026-06","1782777600","60260.2","60276.54","59700.0","59838.01","0.0"
"BTCUSDT","2026-06","1782781200","59838.01","60048.98","59771.0","59939.94","0.0"
"BTCUSDT","2026-06","1782784800","59939.94","60042.54","59755.0","59948.24","0.0"
"BTCUSDT","2026-06","1782788400","59948.24","60031.75","59600.0","59627.48","0.0"
"BTCUSDT","2026-06","1782792000","59627.47","59700.0","59433.36","59492.01","0.0"
"BTCUSDT","2026-06","1782795600","59492.01","59656.89","59360.0","59652.13","0.0"
"BTCUSDT","2026-06","1782799200","59652.13","59712.88","59513.72","59592.0","0.0"
"BTCUSDT","2026-06","1782802800","59592.0","59632.0","59444.0","59524.01","0.0"
"BTCUSDT","2026-06","1782806400","59524.01","59551.03","59189.0","59311.92","0.0"
"BTCUSDT","2026-06","1782810000","59311.26","59420.0","59252.0","59374.96","0.0"
"BTCUSDT","2026-06","1782813600","59374.96","59420.0","59286.36","59334.01","0.0"
"BTCUSDT","2026-06","1782817200","59334.01","59413.27","59123.01","59192.7","0.0"
"BTCUSDT","2026-06","1782820800","59192.71","59192.71","58403.51","58412.0","0.0"
"BTCUSDT","2026-06","1782824400","58411.99","58802.66","58228.33","58737.18","0.0"
"BTCUSDT","2026-06","1782828000","58737.17","59276.6","58433.0","58482.81","0.0"
"BTCUSDT","2026-06","1782831600","58482.81","58796.0","58201.0","58381.99","0.0"
"BTCUSDT","2026-06","1782835200","58382.0","58632.0","58241.79","58497.65","0.0"
"BTCUSDT","2026-06","1782838800","58497.65","58618.65","58310.72","58417.99","0.0"
"BTCUSDT","2026-06","1782842400","58417.99","58699.98","58351.56","58680.87","0.0"
"BTCUSDT","2026-06","1782846000","58680.86","58839.16","58586.01","58818.05","0.0"
"BTCUSDT","2026-06","1782849600","58818.0","58874.99","58648.26","58732.01","0.0"
"BTCUSDT","2026-06","1782853200","58732.0","58770.0","58509.99","58639.99","0.0"
"BTCUSDT","2026-06","1782856800","58639.99","58806.91","58513.8","58607.99","0.0"
"BTCUSDT","2026-06","1782860400","58607.99","58664.0","58555.0","58624.71","0.0"
"BTCUSDT","2026-07","1782864000","58624.71","58750.68","58310.0","58576.0","0.0"
"BTCUSDT","2026-07","1782867600","58575.99","59022.81","57800.19","58770.57","0.0"
"BTCUSDT","2026-07","1782871200","58770.58","59171.63","58663.95","59085.0","0.0"
"BTCUSDT","2026-07","1782874800","59085.0","59318.0","58850.0","59197.13","0.0"
"BTCUSDT","2026-07","1782878400","59197.12","59457.0","59062.0","59339.99","0.0"
"BTCUSDT","2026-07","1782882000","59339.99","59376.48","59126.42","59154.33","0.0"
"BTCUSDT","2026-07","1782885600","59154.33","59156.0","58534.31","58755.8","0.0"
"BTCUSDT","2026-07","1782889200","58755.8","58823.9","58600.0","58768.65","0.0"
"BTCUSDT","2026-07","1782892800","58768.64","58984.0","58500.0","58973.99","0.0"
"BTCUSDT","2026-07","1782896400","58973.99","59091.99","58825.61","58944.55","0.0"
"BTCUSDT","2026-07","1782900000","58944.55","58948.47","58624.0","58659.98","0.0"
"BTCUSDT","2026-07","1782903600","58659.97","58755.9","58550.0","58622.03","0.0"
"BTCUSDT","2026-07","1782907200","58622.02","58676.0","58326.0","58538.01","0.0"
"BTCUSDT","2026-07","1782910800","58538.0","59508.0","58536.0","59498.03","0.0"
"BTCUSDT","2026-07","1782914400","59498.03","60092.0","59278.0","59542.0","0.0"
"BTCUSDT","2026-07","1782918000","59541.99","60536.55","59520.51","60147.15","0.0"
"BTCUSDT","2026-07","1782921600","60147.15","60267.17","59865.75","59920.0","0.0"
"BTCUSDT","2026-07","1782925200","59920.0","60239.84","59787.35","60190.6","0.0"
"BTCUSDT","2026-07","1782928800","60190.59","60298.0","60016.4","60171.16","0.0"
"BTCUSDT","2026-07","1782932400","60171.16","60352.93","60000.0","60028.67","0.0"
"BTCUSDT","2026-07","1782936000","60029.39","60198.0","59876.0","60126.0","0.0"
"BTCUSDT","2026-07","1782939600","60126.0","60846.95","60124.89","60815.99","0.0"
"BTCUSDT","2026-07","1782943200","60815.99","61334.0","60339.0","60478.01","0.0"
"BTCUSDT","2026-07","1782946800","60478.0","60478.0","59984.86","60024.0","0.0"
"BTCUSDT","2026-07","1782950400","60024.0","60028.0","59588.0","59761.73","0.0"
"BTCUSDT","2026-07","1782954000","59761.74","60324.99","59715.8","60175.92","0.0"
"BTCUSDT","2026-07","1782957600","60175.91","60495.24","60015.68","60423.1","0.0"
"BTCUSDT","2026-07","1782961200","60423.11","61121.78","60300.02","61058.0","0.0"
"BTCUSDT","2026-07","1782964800","61057.99","61058.0","60728.0","60787.98","0.0"
"BTCUSDT","2026-07","1782968400","60787.98","60877.69","60488.0","60504.54","0.0"
"BTCUSDT","2026-07","1782972000","60504.54","60652.74","60260.0","60274.01","0.0"
"BTCUSDT","2026-07","1782975600","60274.01","60315.93","60104.0","60149.99","0.0"
"BTCUSDT","2026-07","1782979200","60149.99","60555.06","60132.51","60511.99","0.0"
"BTCUSDT","2026-07","1782982800","60512.0","61437.49","60376.13","61184.0","0.0"
"BTCUSDT","2026-07","1782986400","61184.0","61350.0","61051.07","61263.68","0.0"
"BTCUSDT","2026-07","1782990000","61263.93","61388.0","61125.58","61358.01","0.0"
"BTCUSDT","2026-07","1782993600","61358.0","61614.0","61147.23","61542.53","0.0"
"BTCUSDT","2026-07","1782997200","61542.53","62053.0","61506.0","61939.04","0.0"
"BTCUSDT","2026-07","1783000800","61939.04","62200.0","61394.49","61696.61","0.0"
"BTCUSDT","2026-07","1783004400","61696.61","61850.86","61427.39","61612.93","0.0"
"BTCUSDT","2026-07","1783008000","61612.93","61790.13","61108.99","61682.34","0.0"
"BTCUSDT","2026-07","1783011600","61682.34","61962.43","61619.69","61667.39","0.0"
"BTCUSDT","2026-07","1783015200","61667.4","61900.29","61664.39","61761.36","0.0"
"BTCUSDT","2026-07","1783018800","61761.36","61763.81","61424.0","61479.6","0.0"
"BTCUSDT","2026-07","1783022400","61479.59","61596.0","61342.0","61584.78","0.0"
"BTCUSDT","2026-07","1783026000","61584.77","61653.43","61516.0","61592.26","0.0"
"BTCUSDT","2026-07","1783029600","61592.26","61596.62","61406.28","61465.26","0.0"
"BTCUSDT","2026-07","1783033200","61465.26","61606.0","61350.02","61560.0","0.0"
"BTCUSDT","2026-07","1783036800","61560.0","61578.0","61248.86","61308.75","0.0"
"BTCUSDT","2026-07","1783040400","61308.75","61733.11","61286.0","61588.0","0.0"
"BTCUSDT","2026-07","1783044000","61588.0","61664.62","61294.0","61440.01","0.0"
"BTCUSDT","2026-07","1783047600","61440.01","61575.15","61324.0","61434.0","0.0"
"BTCUSDT","2026-07","1783051200","61434.0","61524.01","61332.76","61448.0","0.0"
"BTCUSDT","2026-07","1783054800","61448.0","61808.0","61430.0","61700.49","0.0"
"BTCUSDT","2026-07","1783058400","61700.49","61850.0","61612.0","61710.01","0.0"
"BTCUSDT","2026-07","1783062000","61710.01","61864.99","61659.32","61750.47","0.0"
"BTCUSDT","2026-07","1783065600","61750.47","61896.99","61554.07","61584.0","0.0"
"BTCUSDT","2026-07","1783069200","61583.99","61783.89","61510.01","61718.68","0.0"
"BTCUSDT","2026-07","1783072800","61718.69","62038.0","61663.98","61916.46","0.0"
"BTCUSDT","2026-07","1783076400","61916.46","62103.1","61840.0","62024.02","0.0"
"BTCUSDT","2026-07","1783080000","62024.01","62174.47","61871.66","61983.99","0.0"
"BTCUSDT","2026-07","1783083600","61984.0","62282.0","61944.0","62116.01","0.0"
"BTCUSDT","2026-07","1783087200","62116.0","62280.0","61700.0","62167.48","0.0"
"BTCUSDT","2026-07","1783090800","62167.47","62400.0","61820.0","61922.72","0.0"
"BTCUSDT","2026-07","1783094400","61922.71","62125.99","61911.65","62104.81","0.0"
"BTCUSDT","2026-07","1783098000","62104.81","62292.51","62068.78","62194.0","0.0"
"BTCUSDT","2026-07","1783101600","62193.99","62250.0","62118.0","62204.01","0.0"
"BTCUSDT","2026-07","1783105200","62204.0","62317.64","62146.0","62210.0","0.0"
"BTCUSDT","2026-07","1783108800","62210.0","62907.77","62186.01","62776.92","0.0"
"BTCUSDT","2026-07","1783112400","62776.91","62979.86","62518.72","62732.0","0.0"
"BTCUSDT","2026-07","1783116000","62732.0","62748.01","62538.47","62578.0","0.0"
"BTCUSDT","2026-07","1783119600","62578.0","62707.67","62529.03","62583.26","0.0"
"BTCUSDT","2026-07","1783123200","62583.26","62946.0","62578.55","62756.29","0.0"
"BTCUSDT","2026-07","1783126800","62756.29","62756.29","62404.25","62468.44","0.0"
"BTCUSDT","2026-07","1783130400","62468.44","62576.0","62432.0","62538.96","0.0"
"BTCUSDT","2026-07","1783134000","62538.96","62750.0","62484.01","62627.29","0.0"
"BTCUSDT","2026-07","1783137600","62627.28","62749.97","62590.06","62700.0","0.0"
"BTCUSDT","2026-07","1783141200","62700.0","62700.01","62441.29","62471.52","0.0"
"BTCUSDT","2026-07","1783144800","62471.53","62559.43","62328.24","62500.01","0.0"
"BTCUSDT","2026-07","1783148400","62500.01","62634.24","62470.0","62576.0","0.0"
"BTCUSDT","2026-07","1783152000","62576.0","62674.47","62516.46","62553.78","0.0"
"BTCUSDT","2026-07","1783155600","62553.78","62583.99","62415.87","62494.0","0.0"
"BTCUSDT","2026-07","1783159200","62494.01","62545.02","62445.38","62513.0","0.0"
"BTCUSDT","2026-07","1783162800","62512.99","62563.84","62456.24","62482.01","0.0"
"BTCUSDT","2026-07","1783166400","62482.0","62696.78","62482.0","62664.01","0.0"
"BTCUSDT","2026-07","1783170000","62664.01","62776.92","62542.0","62588.84","0.0"
"BTCUSDT","2026-07","1783173600","62588.84","62738.28","62585.53","62693.99","0.0"
"BTCUSDT","2026-07","1783177200","62693.99","63075.46","62687.89","62943.29","0.0"
"BTCUSDT","2026-07","1783180800","62943.29","62968.29","62786.0","62927.29","0.0"
"BTCUSDT","2026-07","1783184400","62927.3","63439.62","62803.0","63280.38","0.0"
"BTCUSDT","2026-07","1783188000","63280.38","63346.0","63092.02","63172.78","0.0"
"BTCUSDT","2026-07","1783191600","63172.79","63461.99","63123.49","63294.72","0.0"
"BTCUSDT","2026-07","1783195200","63294.72","63392.0","63155.37","63233.78","0.0"
"BTCUSDT","2026-07","1783198800","63233.79","63448.0","63202.0","63297.84","0.0"
"BTCUSDT","2026-07","1783202400","63297.83","63310.0","63160.0","63184.99","0.0"
"BTCUSDT","2026-07","1783206000","63185.0","63241.33","62927.98","63144.01","0.0"
"BTCUSDT","2026-07","1783209600","63144.01","63144.01","62888.86","62991.29","0.0"
"BTCUSDT","2026-07","1783213200","62991.3","63043.15","62800.0","62887.94","0.0"
"BTCUSDT","2026-07","1783216800","62887.93","62926.0","62596.08","62693.56","0.0"
"BTCUSDT","2026-07","1783220400","62693.57","62796.39","62658.0","62769.04","0.0"
"BTCUSDT","2026-07","1783224000","62769.03","62952.93","62712.0","62815.99","0.0"
"BTCUSDT","2026-07","1783227600","62815.99","62815.99","62659.65","62740.5","0.0"
"BTCUSDT","2026-07","1783231200","62740.5","62819.91","62669.99","62782.18","0.0"
"BTCUSDT","2026-07","1783234800","62782.18","63059.99","62718.31","63020.21","0.0"
"BTCUSDT","2026-07","1783238400","63020.21","63104.0","62900.0","62915.0","0.0"
"BTCUSDT","2026-07","1783242000","62915.0","62930.16","62436.59","62622.18","0.0"
"BTCUSDT","2026-07","1783245600","62622.18","62756.25","62536.57","62756.12","0.0"
"BTCUSDT","2026-07","1783249200","62756.12","62812.0","62600.03","62658.92","0.0"
"BTCUSDT","2026-07","1783252800","62658.92","62772.0","62569.37","62745.01","0.0"
"BTCUSDT","2026-07","1783256400","62745.0","62819.66","62644.12","62792.0","0.0"
"BTCUSDT","2026-07","1783260000","62791.99","62818.37","62656.02","62812.25","0.0"
"BTCUSDT","2026-07","1783263600","62812.25","62943.59","62679.76","62740.01","0.0"
"BTCUSDT","2026-07","1783267200","62740.01","62772.86","62590.02","62637.48","0.0"
"BTCUSDT","2026-07","1783270800","62637.48","62820.0","62594.38","62624.93","0.0"
"BTCUSDT","2026-07","1783274400","62624.93","62880.0","62616.0","62820.33","0.0"
"BTCUSDT","2026-07","1783278000","62820.33","62888.14","62714.98","62768.88","0.0"
"BTCUSDT","2026-07","1783281600","62768.87","62836.01","62700.0","62730.61","0.0"
"BTCUSDT","2026-07","1783285200","62730.61","63220.0","62609.47","63092.01","0.0"
"BTCUSDT","2026-07","1783288800","63092.0","63964.48","63005.04","63736.0","0.0"
"BTCUSDT","2026-07","1783292400","63735.99","63999.0","63577.36","63650.0","0.0"
"BTCUSDT","2026-07","1783296000","63650.01","63772.52","63350.0","63761.99","0.0"
"BTCUSDT","2026-07","1783299600","63761.98","63920.0","63550.0","63576.0","0.0"
"BTCUSDT","2026-07","1783303200","63576.0","63669.45","63373.13","63460.01","0.0"
"BTCUSDT","2026-07","1783306800","63460.01","63495.14","63136.01","63294.0","0.0"
"BTCUSDT","2026-07","1783310400","63294.0","63402.77","63187.98","63267.99","0.0"
"BTCUSDT","2026-07","1783314000","63267.99","63268.0","62950.0","63114.0","0.0"
"BTCUSDT","2026-07","1783317600","63113.99","63152.7","62972.0","62976.0","0.0"
"BTCUSDT","2026-07","1783321200","62976.0","63120.0","62890.0","63089.42","0.0"
"BTCUSDT","2026-07","1783324800","63089.42","63244.0","62800.13","62904.01","0.0"
"BTCUSDT","2026-07","1783328400","62904.01","62914.0","62630.85","62664.77","0.0"
"BTCUSDT","2026-07","1783332000","62664.77","63030.0","62664.76","62822.06","0.0"
"BTCUSDT","2026-07","1783335600","62822.07","63000.0","62483.83","62483.84","0.0"
"BTCUSDT","2026-07","1783339200","62483.84","62487.98","61668.2","61754.01","0.0"
"BTCUSDT","2026-07","1783342800","61754.01","62034.0","61306.84","61768.21","0.0"
"BTCUSDT","2026-07","1783346400","61768.2","62411.41","61712.54","62052.0","0.0"
"BTCUSDT","2026-07","1783350000","62052.0","63550.0","62052.0","63545.98","0.0"
"BTCUSDT","2026-07","1783353600","63545.98","63863.0","63386.01","63732.0","0.0"
"BTCUSDT","2026-07","1783357200","63732.0","63976.16","63570.16","63587.38","0.0"
"BTCUSDT","2026-07","1783360800","63587.38","63886.0","63560.0","63696.4","0.0"
"BTCUSDT","2026-07","1783364400","63696.4","63887.93","63652.42","63738.52","0.0"
"BTCUSDT","2026-07","1783368000","63738.52","63892.65","63589.41","63828.0","0.0"
"BTCUSDT","2026-07","1783371600","63828.0","64700.0","63810.0","64489.98","0.0"
"BTCUSDT","2026-07","1783375200","64489.97","64500.0","64151.01","64244.0","0.0"
"BTCUSDT","2026-07","1783378800","64244.0","64340.76","64017.78","64042.02","0.0"
"BTCUSDT","2026-07","1783382400","64042.93","64314.0","63997.5","64203.99","0.0"
"BTCUSDT","2026-07","1783386000","64203.99","64204.0","63767.04","63840.0","0.0"
"BTCUSDT","2026-07","1783389600","63840.0","63908.0","63288.01","63322.01","0.0"
"BTCUSDT","2026-07","1783393200","63322.01","63414.0","63150.0","63191.01","0.0"
"BTCUSDT","2026-07","1783396800","63191.01","63288.33","63064.0","63100.01","0.0"
"BTCUSDT","2026-07","1783400400","63100.0","63278.99","62800.0","63128.01","0.0"
"BTCUSDT","2026-07","1783404000","63128.0","63400.0","62984.42","63340.0","0.0"
"BTCUSDT","2026-07","1783407600","63340.01","63445.7","63072.1","63083.18","0.0"
"BTCUSDT","2026-07","1783411200","63083.19","63184.0","62984.58","63104.0","0.0"
"BTCUSDT","2026-07","1783414800","63104.0","63348.73","63063.28","63256.0","0.0"
"BTCUSDT","2026-07","1783418400","63256.01","63467.15","63228.17","63284.0","0.0"
"BTCUSDT","2026-07","1783422000","63284.0","63452.0","63116.02","63406.0","0.0"
"BTCUSDT","2026-07","1783425600","63405.99","63872.0","63396.58","63481.39","0.0"
"BTCUSDT","2026-07","1783429200","63481.39","63482.5","63000.0","63056.0","0.0"
"BTCUSDT","2026-07","1783432800","63056.0","63634.0","62671.39","63562.05","0.0"
"BTCUSDT","2026-07","1783436400","63562.05","64105.0","63376.22","63930.51","0.0"
"BTCUSDT","2026-07","1783440000","63930.5","64243.75","63810.0","63983.27","0.0"
"BTCUSDT","2026-07","1783443600","63983.28","64232.0","63896.21","64186.0","0.0"
"BTCUSDT","2026-07","1783447200","64185.99","64188.0","63672.01","63679.99","0.0"
"BTCUSDT","2026-07","1783450800","63679.99","63894.58","63379.69","63817.99","0.0"
"BTCUSDT","2026-07","1783454400","63818.0","63901.75","63585.0","63697.99","0.0"
"BTCUSDT","2026-07","1783458000","63698.0","63866.0","63313.1","63423.94","0.0"
"BTCUSDT","2026-07","1783461600","63423.93","63660.0","63218.0","63551.02","0.0"
"BTCUSDT","2026-07","1783465200","63551.02","63708.0","63320.0","63363.99","0.0"
"BTCUSDT","2026-07","1783468800","63364.0","63761.99","63307.36","63612.77","0.0"
"BTCUSDT","2026-07","1783472400","63612.78","63649.5","62921.78","63038.01","0.0"
"BTCUSDT","2026-07","1783476000","63038.0","63066.0","62525.47","62979.99","0.0"
"BTCUSDT","2026-07","1783479600","62979.98","63094.0","62700.18","62766.0","0.0"
"BTCUSDT","2026-07","1783483200","62766.0","62901.49","62676.0","62800.0","0.0"
"BTCUSDT","2026-07","1783486800","62800.01","62876.95","62558.0","62637.88","0.0"
"BTCUSDT","2026-07","1783490400","62637.88","62746.0","62477.04","62657.81","0.0"
"BTCUSDT","2026-07","1783494000","62657.82","62894.89","62550.0","62888.35","0.0"
"BTCUSDT","2026-07","1783497600","62888.34","62941.46","61855.26","62018.36","0.0"
"BTCUSDT","2026-07","1783501200","62018.36","62190.01","61743.83","62057.67","0.0"
"BTCUSDT","2026-07","1783504800","62057.68","62199.97","61903.45","62183.12","0.0"
"BTCUSDT","2026-07","1783508400","62183.11","62392.04","62055.63","62299.99","0.0"
"BTCUSDT","2026-07","1783512000","62300.0","62451.08","61953.58","61957.73","0.0"
"BTCUSDT","2026-07","1783515600","61957.74","62090.0","61632.23","61945.49","0.0"
"BTCUSDT","2026-07","1783519200","61945.49","62173.56","61712.0","61889.83","0.0"
"BTCUSDT","2026-07","1783522800","61889.83","61922.0","61544.56","61704.01","0.0"
"BTCUSDT","2026-07","1783526400","61704.01","62164.6","61692.0","62113.03","0.0"
"BTCUSDT","2026-07","1783530000","62113.02","62394.32","62032.0","62104.62","0.0"
"BTCUSDT","2026-07","1783533600","62104.62","62351.97","62045.2","62185.32","0.0"
"BTCUSDT","2026-07","1783537200","62185.33","62292.19","62068.0","62277.98","0.0"
"BTCUSDT","2026-07","1783540800","62277.98","62306.54","62082.8","62099.61","0.0"
"BTCUSDT","2026-07","1783544400","62099.62","62251.22","61956.0","62187.17","0.0"
"BTCUSDT","2026-07","1783548000","62187.17","62350.63","62178.0","62330.4","0.0"
"BTCUSDT","2026-07","1783551600","62330.4","62346.6","62174.0","62290.0","0.0"
"BTCUSDT","2026-07","1783555200","62290.01","62309.88","62058.51","62129.99","0.0"
"BTCUSDT","2026-07","1783558800","62129.99","62642.0","61837.1","61916.0","0.0"
"BTCUSDT","2026-07","1783562400","61916.0","62121.21","61705.29","61788.8","0.0"
"BTCUSDT","2026-07","1783566000","61788.79","62062.99","61730.0","61974.34","0.0"
"BTCUSDT","2026-07","1783569600","61974.34","62456.29","61956.46","62453.74","0.0"
"BTCUSDT","2026-07","1783573200","62453.74","62624.61","62236.0","62589.61","0.0"
"BTCUSDT","2026-07","1783576800","62589.61","62980.0","62485.58","62959.96","0.0"
"BTCUSDT","2026-07","1783580400","62959.96","63283.26","62788.06","63000.0","0.0"
"BTCUSDT","2026-07","1783584000","62999.99","63100.1","62855.63","62903.65","0.0"
"BTCUSDT","2026-07","1783587600","62903.66","63002.0","62786.82","62953.4","0.0"
"BTCUSDT","2026-07","1783591200","62953.4","63056.98","62688.0","62786.04","0.0"
"BTCUSDT","2026-07","1783594800","62786.05","62830.0","62614.66","62786.34","0.0"
"BTCUSDT","2026-07","1783598400","62786.33","62952.0","62465.39","62614.02","0.0"
"BTCUSDT","2026-07","1783602000","62614.01","63240.15","62523.08","63028.35","0.0"
"BTCUSDT","2026-07","1783605600","63028.36","63144.79","62666.66","63016.0","0.0"
"BTCUSDT","2026-07","1783609200","63016.0","63261.0","62811.1","62868.05","0.0"
"BTCUSDT","2026-07","1783612800","62868.06","62996.0","62559.59","62700.01","0.0"
"BTCUSDT","2026-07","1783616400","62700.01","63165.12","62668.0","63142.79","0.0"
"BTCUSDT","2026-07","1783620000","63142.79","63500.0","63080.0","63219.03","0.0"
"BTCUSDT","2026-07","1783623600","63219.03","63375.73","63118.45","63248.1","0.0"
"BTCUSDT","2026-07","1783627200","63248.09","63330.85","63177.36","63313.38","0.0"
"BTCUSDT","2026-07","1783630800","63313.38","63397.94","63208.91","63274.59","0.0"
"BTCUSDT","2026-07","1783634400","63274.6","63418.0","63218.77","63218.78","0.0"
"BTCUSDT","2026-07","1783638000","63218.78","63325.0","63060.91","63230.0","0.0"
"BTCUSDT","2026-07","1783641600","63230.01","63255.49","62926.01","63113.93","0.0"
"BTCUSDT","2026-07","1783645200","63113.92","63999.99","62962.0","63749.86","0.0"
"BTCUSDT","2026-07","1783648800","63749.86","64050.23","63692.76","63961.99","0.0"
"BTCUSDT","2026-07","1783652400","63961.99","64050.0","63822.8","63947.2","0.0"
"BTCUSDT","2026-07","1783656000","63947.2","64176.86","63857.64","64047.88","0.0"
"BTCUSDT","2026-07","1783659600","64047.89","64200.0","63944.05","64115.99","0.0"
"BTCUSDT","2026-07","1783663200","64116.0","64162.0","63836.0","63854.71","0.0"
"BTCUSDT","2026-07","1783666800","63854.71","64011.9","63802.02","63963.0","0.0"
"BTCUSDT","2026-07","1783670400","63963.0","64392.0","63962.99","64246.01","0.0"
"BTCUSDT","2026-07","1783674000","64246.0","64480.01","64102.0","64385.09","0.0"
"BTCUSDT","2026-07","1783677600","64385.09","64494.84","64274.47","64407.8","0.0"
"BTCUSDT","2026-07","1783681200","64407.8","64480.0","64341.83","64425.18","0.0"
"BTCUSDT","2026-07","1783684800","64425.18","64608.0","63999.0","64286.64","0.0"
"BTCUSDT","2026-07","1783688400","64286.65","64692.83","64152.84","64484.0","0.0"
"BTCUSDT","2026-07","1783692000","64484.0","64516.0","63793.43","63914.87","0.0"
"BTCUSDT","2026-07","1783695600","63914.88","64210.0","63898.0","64040.0","0.0"
"BTCUSDT","2026-07","1783699200","64039.99","64220.0","63826.57","64140.01","0.0"
"BTCUSDT","2026-07","1783702800","64140.0","64158.58","63821.88","63823.99","0.0"
"BTCUSDT","2026-07","1783706400","63824.0","64003.99","63732.66","63810.0","0.0"
"BTCUSDT","2026-07","1783710000","63809.99","64077.56","63780.0","63917.88","0.0"
"BTCUSDT","2026-07","1783713600","63917.88","63946.36","63656.0","63841.25","0.0"
"BTCUSDT","2026-07","1783717200","63841.25","64099.56","63835.05","64011.99","0.0"
"BTCUSDT","2026-07","1783720800","64012.0","64169.39","63981.37","64112.29","0.0"
"BTCUSDT","2026-07","1783724400","64112.3","64222.61","64024.0","64161.72","0.0"
"BTCUSDT","2026-07","1783728000","64161.72","64168.49","64028.43","64124.0","0.0"
"BTCUSDT","2026-07","1783731600","64123.99","64310.0","64004.01","64012.95","0.0"
"BTCUSDT","2026-07","1783735200","64012.95","64166.0","63984.07","64158.04","0.0"
"BTCUSDT","2026-07","1783738800","64158.04","64195.04","64068.0","64150.42","0.0"
"BTCUSDT","2026-07","1783742400","64150.42","64213.55","64080.26","64152.0","0.0"
"BTCUSDT","2026-07","1783746000","64152.0","64221.99","64121.07","64176.01","0.0"
"BTCUSDT","2026-07","1783749600","64176.0","64278.0","64124.0","64219.1","0.0"
"BTCUSDT","2026-07","1783753200","64219.09","64256.55","64152.0","64162.18","0.0"
"BTCUSDT","2026-07","1783756800","64162.18","64300.0","64153.87","64265.98","0.0"
"BTCUSDT","2026-07","1783760400","64265.98","64300.0","64159.7","64167.34","0.0"
"BTCUSDT","2026-07","1783764000","64167.35","64204.02","64129.99","64196.0","0.0"
"BTCUSDT","2026-07","1783767600","64196.0","64215.32","64167.99","64198.0","0.0"
"BTCUSDT","2026-07","1783771200","64197.99","64228.0","64130.65","64195.49","0.0"
"BTCUSDT","2026-07","1783774800","64195.48","64266.0","64159.99","64235.66","0.0"
"BTCUSDT","2026-07","1783778400","64235.67","64504.11","64235.66","64350.07","0.0"
"BTCUSDT","2026-07","1783782000","64350.07","64484.01","63896.18","64175.75","0.0"
"BTCUSDT","2026-07","1783785600","64175.75","64273.63","64084.0","64180.01","0.0"
"BTCUSDT","2026-07","1783789200","64180.0","64402.0","64164.08","64315.53","0.0"
"BTCUSDT","2026-07","1783792800","64315.53","64395.17","64288.91","64327.99","0.0"
"BTCUSDT","2026-07","1783796400","64327.99","64338.0","64233.23","64286.0","0.0"
"BTCUSDT","2026-07","1783800000","64286.0","64463.83","64285.99","64382.45","0.0"
"BTCUSDT","2026-07","1783803600","64382.44","64427.56","64338.09","64355.99","0.0"
"BTCUSDT","2026-07","1783807200","64355.99","64424.03","64144.47","64203.08","0.0"
"BTCUSDT","2026-07","1783810800","64203.09","64246.0","63819.0","63819.0","0.0"
"BTCUSDT","2026-07","1783814400","63819.01","63909.92","63702.16","63828.47","0.0"
"BTCUSDT","2026-07","1783818000","63828.48","64172.66","63812.0","64133.61","0.0"
"BTCUSDT","2026-07","1783821600","64133.61","64133.62","64029.51","64070.39","0.0"
"BTCUSDT","2026-07","1783825200","64070.4","64223.74","64035.68","64223.73","0.0"
"BTCUSDT","2026-07","1783828800","64223.73","64245.87","63943.68","63999.93","0.0"
"BTCUSDT","2026-07","1783832400","63999.94","64024.48","63900.0","63959.93","0.0"
"BTCUSDT","2026-07","1783836000","63959.93","63962.85","63640.83","63762.46","0.0"
"BTCUSDT","2026-07","1783839600","63762.47","63908.39","63740.12","63885.27","0.0"
"BTCUSDT","2026-07","1783843200","63885.28","64100.32","63884.2","63983.18","0.0"
"BTCUSDT","2026-07","1783846800","63983.18","64062.17","63764.0","63961.61","0.0"
"BTCUSDT","2026-07","1783850400","63961.6","63961.6","63843.4","63865.76","0.0"
"BTCUSDT","2026-07","1783854000","63865.76","64030.0","63826.01","64018.01","0.0"
"BTCUSDT","2026-07","1783857600","64018.0","64135.0","63970.55","64026.0","0.0"
"BTCUSDT","2026-07","1783861200","64026.01","64097.99","63987.4","64023.14","0.0"
"BTCUSDT","2026-07","1783864800","64023.13","64290.11","63958.71","64203.08","0.0"
"BTCUSDT","2026-07","1783868400","64203.08","64262.15","64117.97","64176.0","0.0"
"BTCUSDT","2026-07","1783872000","64176.0","64209.64","64042.0","64177.7","0.0"
"BTCUSDT","2026-07","1783875600","64177.7","64177.74","64029.12","64078.0","0.0"
"BTCUSDT","2026-07","1783879200","64078.0","64150.0","64018.69","64147.99","0.0"
"BTCUSDT","2026-07","1783882800","64148.0","64270.0","64147.3","64228.59","0.0"
"BTCUSDT","2026-07","1783886400","64228.59","64254.0","64178.03","64198.89","0.0"
"BTCUSDT","2026-07","1783890000","64198.9","64232.02","63891.84","63920.4","0.0"
"BTCUSDT","2026-07","1783893600","63920.4","63923.99","63668.0","63886.87","0.0"
"BTCUSDT","2026-07","1783897200","63886.86","63914.85","63726.62","63780.0","0.0"
"BTCUSDT","2026-07","1783900800","63780.0","64425.0","63568.0","64072.01","0.0"
"BTCUSDT","2026-07","1783904400","64072.0","64072.01","63376.53","63412.01","0.0"
"BTCUSDT","2026-07","1783908000","63412.01","63541.94","63237.26","63375.99","0.0"
"BTCUSDT","2026-07","1783911600","63376.0","63382.95","62741.04","62806.41","0.0"
"BTCUSDT","2026-07","1783915200","62806.41","62911.94","62620.13","62672.0","0.0"
"BTCUSDT","2026-07","1783918800","62672.0","62905.68","62500.76","62799.0","0.0"
"BTCUSDT","2026-07","1783922400","62799.01","62880.0","62710.45","62797.55","0.0"
"BTCUSDT","2026-07","1783926000","62797.55","63070.01","62753.69","62985.52","0.0"
"BTCUSDT","2026-07","1783929600","62985.53","63302.88","62935.92","63206.97","0.0"
"BTCUSDT","2026-07","1783933200","63206.98","63210.0","63086.12","63100.02","0.0"
"BTCUSDT","2026-07","1783936800","63100.02","63157.85","62862.28","62867.89","0.0"
"BTCUSDT","2026-07","1783940400","62867.9","63135.55","62867.9","62901.99","0.0"
"BTCUSDT","2026-07","1783944000","62901.99","62990.04","62570.0","62625.15","0.0"
"BTCUSDT","2026-07","1783947600","62625.15","62766.37","62164.0","62318.0","0.0"
"BTCUSDT","2026-07","1783951200","62318.01","62794.97","62101.0","62791.85","0.0"
"BTCUSDT","2026-07","1783954800","62791.85","62983.83","62559.58","62618.01","0.0"
"BTCUSDT","2026-07","1783958400","62618.0","62629.35","62212.0","62276.0","0.0"
"BTCUSDT","2026-07","1783962000","62276.01","62370.0","61900.0","61904.99","0.0"
"BTCUSDT","2026-07","1783965600","61904.99","62100.0","61824.97","62020.0","0.0"
"BTCUSDT","2026-07","1783969200","62020.0","62292.84","61990.0","62288.23","0.0"
"BTCUSDT","2026-07","1783972800","62288.23","62324.74","62050.71","62210.99","0.0"
"BTCUSDT","2026-07","1783976400","62211.0","62216.35","61897.45","62065.06","0.0"
"BTCUSDT","2026-07","1783980000","62065.05","62224.0","61911.31","61924.0","0.0"
"BTCUSDT","2026-07","1783983600","61924.0","62347.46","61882.88","62334.52","0.0"
"BTCUSDT","2026-07","1783987200","62334.52","62666.66","62272.2","62549.54","0.0"
"BTCUSDT","2026-07","1783990800","62549.55","62640.0","62460.03","62540.42","0.0"
"BTCUSDT","2026-07","1783994400","62540.41","62645.0","62329.98","62544.0","0.0"
"BTCUSDT","2026-07","1783998000","62544.0","62604.0","62314.0","62572.89","0.0"
"BTCUSDT","2026-07","1784001600","62572.88","62768.95","62539.71","62745.23","0.0"
"BTCUSDT","2026-07","1784005200","62745.24","62872.0","62697.69","62737.0","0.0"
"BTCUSDT","2026-07","1784008800","62737.0","62772.48","62566.01","62624.05","0.0"
"BTCUSDT","2026-07","1784012400","62624.06","62655.99","62516.93","62560.92","0.0"
"BTCUSDT","2026-07","1784016000","62560.92","62807.94","62500.0","62713.85","0.0"
"BTCUSDT","2026-07","1784019600","62713.85","62742.0","62534.29","62629.55","0.0"
"BTCUSDT","2026-07","1784023200","62629.56","62908.8","62609.47","62800.0","0.0"
"BTCUSDT","2026-07","1784026800","62800.01","62923.06","62713.6","62844.99","0.0"
"BTCUSDT","2026-07","1784030400","62844.99","63989.54","62780.84","63960.0","0.0"
"BTCUSDT","2026-07","1784034000","63959.99","64181.99","63699.03","63840.01","0.0"
"BTCUSDT","2026-07","1784037600","63840.01","64346.49","63580.99","64305.02","0.0"
"BTCUSDT","2026-07","1784041200","64305.01","64966.43","64194.64","64743.99","0.0"
"BTCUSDT","2026-07","1784044800","64744.0","64896.86","64606.0","64730.0","0.0"
"BTCUSDT","2026-07","1784048400","64730.01","64730.01","64231.77","64621.43","0.0"
"BTCUSDT","2026-07","1784052000","64621.43","64648.88","64477.23","64571.98","0.0"
"BTCUSDT","2026-07","1784055600","64571.99","64704.0","64487.38","64569.59","0.0"
"BTCUSDT","2026-07","1784059200","64569.59","64599.0","64419.99","64572.02","0.0"
"BTCUSDT","2026-07","1784062800","64572.02","64893.92","64526.0","64676.9","0.0"
"BTCUSDT","2026-07","1784066400","64676.89","65100.0","64516.0","64860.89","0.0"
"BTCUSDT","2026-07","1784070000","64860.89","65048.0","64782.0","65043.98","0.0"
"BTCUSDT","2026-07","1784073600","65043.99","65065.01","64765.12","64824.58","0.0"
"BTCUSDT","2026-07","1784077200","64824.57","64853.08","64644.48","64674.35","0.0"
"BTCUSDT","2026-07","1784080800","64674.35","64755.99","64488.0","64490.87","0.0"
"BTCUSDT","2026-07","1784084400","64490.87","64840.0","64490.86","64792.01","0.0"
"BTCUSDT","2026-07","1784088000","64792.0","64885.99","64714.0","64746.01","0.0"
"BTCUSDT","2026-07","1784091600","64746.01","64964.96","64602.5","64944.06","0.0"
"BTCUSDT","2026-07","1784095200","64944.06","65277.37","64814.0","64814.0","0.0"
"BTCUSDT","2026-07","1784098800","64814.01","64876.0","64485.0","64549.34","0.0"
"BTCUSDT","2026-07","1784102400","64549.33","64797.02","64549.33","64768.01","0.0"
"BTCUSDT","2026-07","1784106000","64768.0","64917.94","64653.18","64671.83","0.0"
"BTCUSDT","2026-07","1784109600","64671.84","64855.56","64614.0","64663.0","0.0"
"BTCUSDT","2026-07","1784113200","64663.0","64767.37","64616.11","64732.15","0.0"
"BTCUSDT","2026-07","1784116800","64732.15","65249.9","64606.0","65164.0","0.0"
"BTCUSDT","2026-07","1784120400","65164.0","65577.0","64888.0","65117.99","0.0"
"BTCUSDT","2026-07","1784124000","65118.0","65517.05","65070.0","65399.81","0.0"
"BTCUSDT","2026-07","1784127600","65399.8","65600.0","65261.71","65427.61","0.0"
"BTCUSDT","2026-07","1784131200","65427.6","65470.0","64784.83","65120.79","0.0"
"BTCUSDT","2026-07","1784134800","65120.8","65194.72","64972.95","65056.1","0.0"
"BTCUSDT","2026-07","1784138400","65056.1","65143.57","64847.42","64860.0","0.0"
"BTCUSDT","2026-07","1784142000","64860.0","65000.0","64738.49","64977.34","0.0"
"BTCUSDT","2026-07","1784145600","64977.34","65055.39","64899.0","64968.01","0.0"
"BTCUSDT","2026-07","1784149200","64968.02","65018.74","64789.89","64834.31","0.0"
"BTCUSDT","2026-07","1784152800","64834.31","64982.47","64772.0","64866.93","0.0"
"BTCUSDT","2026-07","1784156400","64866.93","64938.0","64691.89","64756.28","0.0"
"BTCUSDT","2026-07","1784160000","64756.28","64845.5","64500.0","64584.07","0.0"
"BTCUSDT","2026-07","1784163600","64584.07","64830.0","64392.01","64730.01","0.0"
"BTCUSDT","2026-07","1784167200","64730.0","64735.09","64574.02","64642.01","0.0"
"BTCUSDT","2026-07","1784170800","64642.0","64745.55","64555.0","64619.95","0.0"
"BTCUSDT","2026-07","1784174400","64619.96","64692.0","64544.04","64650.05","0.0"
"BTCUSDT","2026-07","1784178000","64650.05","64997.52","64592.67","64917.99","0.0"
"BTCUSDT","2026-07","1784181600","64917.99","64978.0","64630.01","64777.32","0.0"
"BTCUSDT","2026-07","1784185200","64777.33","64777.33","64086.12","64238.0","0.0"
"BTCUSDT","2026-07","1784188800","64238.0","64380.0","63888.0","64126.85","0.0"
"BTCUSDT","2026-07","1784192400","64126.86","64186.83","64019.02","64090.0","0.0"
"BTCUSDT","2026-07","1784196000","64090.0","64269.42","64077.75","64221.34","0.0"
"BTCUSDT","2026-07","1784199600","64221.34","64269.42","64101.0","64256.53","0.0"
"BTCUSDT","2026-07","1784203200","64256.52","64256.52","63838.28","63966.01","0.0"
"BTCUSDT","2026-07","1784206800","63966.01","64480.0","63961.14","64376.0","0.0"
"BTCUSDT","2026-07","1784210400","64375.99","64863.07","64332.57","64543.51","0.0"
"BTCUSDT","2026-07","1784214000","64543.51","64896.0","64320.0","64704.73","0.0"
"BTCUSDT","2026-07","1784217600","64704.73","64712.0","64333.33","64484.0","0.0"
"BTCUSDT","2026-07","1784221200","64484.01","64484.01","63984.09","64069.03","0.0"
"BTCUSDT","2026-07","1784224800","64069.04","64330.0","64052.14","64246.01","0.0"
"BTCUSDT","2026-07","1784228400","64246.01","64301.99","64152.0","64271.84","0.0"
"BTCUSDT","2026-07","1784232000","64271.85","64276.0","64108.0","64114.27","0.0"
"BTCUSDT","2026-07","1784235600","64114.25","64253.25","64101.18","64161.99","0.0"
"BTCUSDT","2026-07","1784239200","64162.0","64240.12","63950.01","63968.0","0.0"
"BTCUSDT","2026-07","1784242800","63968.01","64010.58","63748.74","63830.2","0.0"
"BTCUSDT","2026-07","1784246400","63830.2","63912.0","63612.62","63886.0","0.0"
"BTCUSDT","2026-07","1784250000","63886.0","64067.69","63476.0","63546.24","0.0"
"BTCUSDT","2026-07","1784253600","63546.25","63657.99","63380.28","63482.0","0.0"
"BTCUSDT","2026-07","1784257200","63482.0","63720.0","63482.0","63570.0","0.0"
"BTCUSDT","2026-07","1784260800","63570.0","63576.0","63320.0","63486.01","0.0"
"BTCUSDT","2026-07","1784264400","63486.01","63486.01","62804.3","62839.76","0.0"
"BTCUSDT","2026-07","1784268000","62839.77","62998.52","62710.0","62948.0","0.0"
"BTCUSDT","2026-07","1784271600","62948.0","62983.99","62800.0","62828.11","0.0"
"BTCUSDT","2026-07","1784275200","62828.11","62939.04","62666.0","62888.0","0.0"
"BTCUSDT","2026-07","1784278800","62888.01","63069.06","62852.89","62989.46","0.0"
"BTCUSDT","2026-07","1784282400","62989.47","63201.91","62989.47","63179.92","0.0"
"BTCUSDT","2026-07","1784286000","63179.91","63361.7","63063.67","63298.01","0.0"
"BTCUSDT","2026-07","1784289600","63298.0","63348.0","63069.09","63099.75","0.0"
"BTCUSDT","2026-07","1784293200","63099.75","63180.0","62537.56","63153.99","0.0"
"BTCUSDT","2026-07","1784296800","63154.0","63518.0","63051.77","63174.0","0.0"
"BTCUSDT","2026-07","1784300400","63174.01","63452.0","62856.16","63452.0","0.0"
"BTCUSDT","2026-07","1784304000","63452.0","63706.75","63312.01","63594.0","0.0"
"BTCUSDT","2026-07","1784307600","63594.0","64228.27","63594.0","64049.86","0.0"
"BTCUSDT","2026-07","1784311200","64049.85","64387.99","63894.0","64259.73","0.0"
"BTCUSDT","2026-07","1784314800","64259.73","64259.73","63981.2","64160.8","0.0"
"BTCUSDT","2026-07","1784318400","64160.8","64192.57","63958.19","64120.0","0.0"
"BTCUSDT","2026-07","1784322000","64120.01","64216.61","64064.0","64110.0","0.0"
"BTCUSDT","2026-07","1784325600","64110.01","64147.0","63903.63","63986.0","0.0"
"BTCUSDT","2026-07","1784329200","63986.01","64011.08","63884.35","63931.67","0.0"
"BTCUSDT","2026-07","1784332800","63931.67","64012.39","63895.33","63910.04","0.0"
"BTCUSDT","2026-07","1784336400","63910.05","64000.0","63886.65","63952.98","0.0"
"BTCUSDT","2026-07","1784340000","63952.97","64032.6","63930.54","63967.61","0.0"
"BTCUSDT","2026-07","1784343600","63967.61","64017.85","63928.15","64017.84","0.0"
"BTCUSDT","2026-07","1784347200","64017.84","64017.85","63947.09","63967.99","0.0"
"BTCUSDT","2026-07","1784350800","63968.0","63998.0","63926.39","63967.95","0.0"
"BTCUSDT","2026-07","1784354400","63967.95","64005.99","63950.0","63979.67","0.0"
"BTCUSDT","2026-07","1784358000","63979.67","64026.03","63974.94","64002.75","0.0"
"BTCUSDT","2026-07","1784361600","64002.75","64019.64","63960.0","64006.01","0.0"
"BTCUSDT","2026-07","1784365200","64006.01","64006.01","63887.73","63987.76","0.0"
"BTCUSDT","2026-07","1784368800","63987.77","64026.39","63982.34","64016.43","0.0"
"BTCUSDT","2026-07","1784372400","64016.43","64097.22","64010.99","64069.89","0.0"
"BTCUSDT","2026-07","1784376000","64069.89","64274.47","64057.27","64218.0","0.0"
"BTCUSDT","2026-07","1784379600","64218.01","64218.01","63963.0","64106.0","0.0"
"BTCUSDT","2026-07","1784383200","64105.99","64195.01","64101.42","64126.0","0.0"
"BTCUSDT","2026-07","1784386800","64126.0","64163.99","64037.45","64123.12","0.0"
"BTCUSDT","2026-07","1784390400","64123.13","64314.0","64091.48","64303.47","0.0"
"BTCUSDT","2026-07","1784394000","64303.48","64492.0","64280.22","64480.29","0.0"
"BTCUSDT","2026-07","1784397600","64480.28","64669.5","64462.0","64512.41","0.0"
"BTCUSDT","2026-07","1784401200","64512.41","64597.9","64482.0","64552.79","0.0"
"BTCUSDT","2026-07","1784404800","64552.8","64739.64","64528.69","64693.01","0.0"
"BTCUSDT","2026-07","1784408400","64693.02","64846.83","64614.36","64731.72","0.0"
"BTCUSDT","2026-07","1784412000","64731.73","64865.0","64712.29","64805.05","0.0"
"BTCUSDT","2026-07","1784415600","64805.04","64843.3","64709.28","64834.22","0.0"
"BTCUSDT","2026-07","1784419200","64834.21","64906.4","64769.47","64792.08","0.0"
"BTCUSDT","2026-07","1784422800","64792.08","64792.09","64765.99","64765.99","0.0"
"BTCUSDT","2026-07","1784426400","64766.0","64967.25","64700.84","64826.01","0.0"
"BTCUSDT","2026-07","1784430000","64826.01","64842.92","64620.44","64706.18","0.0"
"BTCUSDT","2026-07","1784433600","64706.18","64795.43","64610.89","64720.17","0.0"
"BTCUSDT","2026-07","1784437200","64720.17","64815.65","64676.0","64724.01","0.0"
"BTCUSDT","2026-07","1784440800","64724.0","64759.33","64694.66","64711.69","0.0"
"BTCUSDT","2026-07","1784444400","64711.69","64784.0","64675.0","64711.05","0.0"
"BTCUSDT","2026-07","1784448000","64711.04","64743.0","64631.54","64707.49","0.0"
"BTCUSDT","2026-07","1784451600","64707.48","64725.74","64500.0","64509.99","0.0"
"BTCUSDT","2026-07","1784455200","64510.0","64700.0","64482.0","64595.0","0.0"
"BTCUSDT","2026-07","1784458800","64595.0","64636.28","64445.0","64467.64","0.0"
"BTCUSDT","2026-07","1784462400","64467.65","64467.65","64285.24","64441.15","0.0"
"BTCUSDT","2026-07","1784466000","64441.16","64516.33","64307.72","64483.31","0.0"
"BTCUSDT","2026-07","1784469600","64483.32","64663.04","64425.24","64593.07","0.0"
"BTCUSDT","2026-07","1784473200","64593.07","64620.0","64500.0","64585.32","0.0"
"BTCUSDT","2026-07","1784476800","64585.33","64644.0","64505.21","64538.72","0.0"
"BTCUSDT","2026-07","1784480400","64538.72","64752.0","64406.3","64547.86","0.0"
"BTCUSDT","2026-07","1784484000","64547.86","64554.0","64280.0","64419.99","0.0"
"BTCUSDT","2026-07","1784487600","64420.0","64467.82","64352.0","64462.58","0.0"
"BTCUSDT","2026-07","1784491200","64462.58","64560.0","64462.57","64535.99","0.0"
"BTCUSDT","2026-07","1784494800","64536.0","64562.55","64350.0","64415.75","0.0"
"BTCUSDT","2026-07","1784498400","64415.75","64900.0","64347.89","64674.67","0.0"
"BTCUSDT","2026-07","1784502000","64674.66","64772.0","64572.0","64722.54","0.0"
"BTCUSDT","2026-07","1784505600","64722.55","65107.99","64416.0","64553.84","0.0"
"BTCUSDT","2026-07","1784509200","64553.85","65029.4","64506.0","64628.01","0.0"
"BTCUSDT","2026-07","1784512800","64628.01","64964.0","64585.0","64827.2","0.0"
"BTCUSDT","2026-07","1784516400","64827.19","64914.93","64644.01","64869.8","0.0"
"BTCUSDT","2026-07","1784520000","64869.79","64869.99","64540.0","64540.01","0.0"
"BTCUSDT","2026-07","1784523600","64540.0","64562.0","64082.7","64128.0","0.0"
"BTCUSDT","2026-07","1784527200","64128.01","64220.0","63765.83","63917.98","0.0"
"BTCUSDT","2026-07","1784530800","63917.99","64315.96","63896.0","64280.01","0.0"
"BTCUSDT","2026-07","1784534400","64280.01","64356.0","63100.0","64049.99","0.0"
"BTCUSDT","2026-07","1784538000","64050.0","64276.0","64012.8","64199.5","0.0"
"BTCUSDT","2026-07","1784541600","64199.51","64415.42","64162.0","64301.18","0.0"
"BTCUSDT","2026-07","1784545200","64301.18","65068.0","64273.33","65002.01","0.0"
"BTCUSDT","2026-07","1784548800","65002.0","65002.83","64599.89","64640.0","0.0"
"BTCUSDT","2026-07","1784552400","64640.0","64763.67","64208.0","64344.01","0.0"
"BTCUSDT","2026-07","1784556000","64344.01","64575.37","64077.76","64416.01","0.0"
"BTCUSDT","2026-07","1784559600","64416.01","65666.8","64398.15","65598.75","0.0"
"BTCUSDT","2026-07","1784563200","65598.75","65637.7","65336.0","65508.5","0.0"
"BTCUSDT","2026-07","1784566800","65508.5","65646.55","65342.52","65587.98","0.0"
"BTCUSDT","2026-07","1784570400","65587.99","65799.0","65204.0","65240.01","0.0"
"BTCUSDT","2026-07","1784574000","65240.01","65274.58","65041.05","65142.0","0.0"
"BTCUSDT","2026-07","1784577600","65142.0","65438.0","65061.92","65367.58","0.0"
"BTCUSDT","2026-07","1784581200","65367.57","65445.27","65272.32","65286.02","0.0"
"BTCUSDT","2026-07","1784584800","65286.02","65286.02","65092.66","65141.99","0.0"
"BTCUSDT","2026-07","1784588400","65142.0","65272.21","65128.17","65255.51","0.0"
"BTCUSDT","2026-07","1784592000","65255.51","65585.0","65148.75","65568.01","0.0"
"BTCUSDT","2026-07","1784595600","65568.0","65658.78","65232.65","65235.55","0.0"
"BTCUSDT","2026-07","1784599200","65235.56","65500.0","65176.2","65414.01","0.0"
"BTCUSDT","2026-07","1784602800","65414.01","65593.11","65411.74","65566.78","0.0"
"BTCUSDT","2026-07","1784606400","65566.77","65742.58","65471.69","65522.01","0.0"
"BTCUSDT","2026-07","1784610000","65522.0","65933.24","65485.55","65751.56","0.0"
"BTCUSDT","2026-07","1784613600","65751.56","65991.05","65634.0","65913.0","0.0"
"BTCUSDT","2026-07","1784617200","65913.0","66245.64","65866.0","66186.86","0.0"
"BTCUSDT","2026-07","1784620800","66186.86","66354.0","66129.19","66226.44","0.0"
"BTCUSDT","2026-07","1784624400","66226.43","66350.0","66144.0","66291.99","0.0"
"BTCUSDT","2026-07","1784628000","66292.0","66420.65","66176.55","66180.0","0.0"
"BTCUSDT","2026-07","1784631600","66180.0","66350.0","66147.82","66345.59","0.0"
"BTCUSDT","2026-07","1784635200","66345.59","66640.0","66255.73","66558.82","0.0"
"BTCUSDT","2026-07","1784638800","66558.81","66810.97","66315.62","66786.0","0.0"
"BTCUSDT","2026-07","1784642400","66786.0","66956.15","66648.27","66842.3","0.0"
"BTCUSDT","2026-07","1784646000","66842.29","66842.3","66517.52","66676.54","0.0"
"BTCUSDT","2026-07","1784649600","66676.53","66764.0","66462.32","66542.01","0.0"
"BTCUSDT","2026-07","1784653200","66542.01","66567.59","66052.63","66207.95","0.0"
"BTCUSDT","2026-07","1784656800","66207.96","66358.0","66098.71","66319.95","0.0"
"BTCUSDT","2026-07","1784660400","66319.96","66502.8","66264.12","66444.76","0.0"
"BTCUSDT","2026-07","1784664000","66444.76","66496.0","66359.3","66406.57","0.0"
"BTCUSDT","2026-07","1784667600","66406.58","66408.26","66290.0","66385.0","0.0"
"BTCUSDT","2026-07","1784671200","66385.0","66388.35","66204.0","66304.02","0.0"
"BTCUSDT","2026-07","1784674800","66304.02","66576.0","66228.55","66556.16","0.0"
"BTCUSDT","2026-07","1784678400","66556.15","66739.89","66525.54","66620.97","0.0"
"BTCUSDT","2026-07","1784682000","66620.97","66661.79","66282.65","66433.3","0.0"
"BTCUSDT","2026-07","1784685600","66433.29","66532.26","66298.0","66314.12","0.0"
"BTCUSDT","2026-07","1784689200","66314.12","66371.27","66176.0","66210.0","0.0"
"BTCUSDT","2026-07","1784692800","66209.99","66424.0","66198.0","66381.05","0.0"
"BTCUSDT","2026-07","1784696400","66381.05","66381.05","65944.51","65974.9","0.0"
"BTCUSDT","2026-07","1784700000","65974.9","66026.93","65830.94","65934.33","0.0"
"BTCUSDT","2026-07","1784703600","65934.34","65968.9","65701.0","65843.48","0.0"
"BTCUSDT","2026-07","1784707200","65843.48","66164.57","65843.47","65987.96","0.0"
"BTCUSDT","2026-07","1784710800","65987.97","66082.5","65850.0","65928.0","0.0"
"BTCUSDT","2026-07","1784714400","65928.01","66116.36","65898.0","66046.02","0.0"
"BTCUSDT","2026-07","1784718000","66046.01","66092.59","65909.16","66013.36","0.0"
"BTCUSDT","2026-07","1784721600","66013.36","66013.37","65553.67","65636.01","0.0"
"BTCUSDT","2026-07","1784725200","65636.01","65982.28","65559.66","65951.39","0.0"
"BTCUSDT","2026-07","1784728800","65951.38","66204.98","65588.0","65793.98","0.0"
"BTCUSDT","2026-07","1784732400","65793.98","66125.0","65793.98","66047.39","0.0"
"BTCUSDT","2026-07","1784736000","66047.38","66384.0","65911.6","66229.01","0.0"
"BTCUSDT","2026-07","1784739600","66229.01","66275.29","65944.0","66024.03","0.0"
"BTCUSDT","2026-07","1784743200","66024.02","66075.91","65726.08","65895.46","0.0"
"BTCUSDT","2026-07","1784746800","65895.46","65958.56","65691.93","65923.19","0.0"
"BTCUSDT","2026-07","1784750400","65923.19","65986.0","65791.79","65919.68","0.0"
"BTCUSDT","2026-07","1784754000","65919.67","66133.98","65892.64","66072.47","0.0"
"BTCUSDT","2026-07","1784757600","66072.48","66080.94","65932.0","66044.17","0.0"
"BTCUSDT","2026-07","1784761200","66044.17","66138.24","65844.3","66114.49","0.0"
"BTCUSDT","2026-07","1784764800","66114.5","66313.14","66054.58","66058.19","0.0"
"BTCUSDT","2026-07","1784768400","66058.2","66208.0","65751.0","65830.0","0.0"
"BTCUSDT","2026-07","1784772000","65830.0","65843.25","65653.23","65805.34","0.0"
"BTCUSDT","2026-07","1784775600","65805.35","65816.0","65585.11","65662.53","0.0"
"BTCUSDT","2026-07","1784779200","65662.53","65738.99","65590.12","65616.48","0.0"
"BTCUSDT","2026-07","1784782800","65616.49","65797.93","65570.12","65691.01","0.0"
"BTCUSDT","2026-07","1784786400","65691.01","65821.17","65625.2","65790.0","0.0"
"BTCUSDT","2026-07","1784790000","65790.0","65790.0","65351.02","65442.13","0.0"
"BTCUSDT","2026-07","1784793600","65442.12","65665.99","65419.75","65633.0","0.0"
"BTCUSDT","2026-07","1784797200","65632.99","65757.99","65608.18","65638.92","0.0"
"BTCUSDT","2026-07","1784800800","65638.92","65792.09","65589.69","65740.0","0.0"
"BTCUSDT","2026-07","1784804400","65740.0","65740.01","65540.93","65555.21","0.0"
"BTCUSDT","2026-07","1784808000","65555.21","65589.41","64988.05","65167.04","0.0"
"BTCUSDT","2026-07","1784811600","65167.05","65221.29","64863.62","64880.0","0.0"
"BTCUSDT","2026-07","1784815200","64880.0","65216.24","64822.13","64909.99","0.0"
"BTCUSDT","2026-07","1784818800","64910.0","65023.68","64728.0","64958.36","0.0"
"BTCUSDT","2026-07","1784822400","64958.37","64961.15","64704.57","64756.84","0.0"
"BTCUSDT","2026-07","1784826000","64756.84","64900.0","64650.0","64681.27","0.0"
"BTCUSDT","2026-07","1784829600","64681.26","64948.05","64680.0","64869.12","0.0"
"BTCUSDT","2026-07","1784833200","64869.13","64934.75","64686.56","64846.94","0.0"
"BTCUSDT","2026-07","1784836800","64846.93","65217.93","64834.52","65147.5","0.0"
"BTCUSDT","2026-07","1784840400","65147.5","65210.35","65014.0","65169.81","0.0"
"BTCUSDT","2026-07","1784844000","65169.82","65227.99","65013.94","65195.43","0.0"
"BTCUSDT","2026-07","1784847600","65195.43","65235.43","65052.01","65098.97","0.0"
"BTCUSDT","2026-07","1784851200","65098.98","65113.86","64762.18","64973.99","0.0"
"BTCUSDT","2026-07","1784854800","64974.0","65168.0","64944.37","65086.0","0.0"
"BTCUSDT","2026-07","1784858400","65086.0","65187.57","64925.45","65116.99","0.0"
"BTCUSDT","2026-07","1784862000","65116.99","65464.35","65078.0","65456.7","0.0"
"BTCUSDT","2026-07","1784865600","65456.7","65469.86","65272.26","65318.0","0.0"
"BTCUSDT","2026-07","1784869200","65318.01","65394.0","65248.0","65325.0","0.0"
"BTCUSDT","2026-07","1784872800","65325.01","65519.93","65278.07","65472.0","0.0"
"BTCUSDT","2026-07","1784876400","65472.0","65808.59","65320.69","65499.95","0.0"
"BTCUSDT","2026-07","1784880000","65499.94","65508.17","65302.18","65302.18","0.0"
"BTCUSDT","2026-07","1784883600","65302.18","65314.66","64952.38","65113.13","0.0"
"BTCUSDT","2026-07","1784887200","65113.13","65157.99","64906.85","64950.0","0.0"
"BTCUSDT","2026-07","1784890800","64950.01","65099.99","64857.14","65083.43","0.0"
"BTCUSDT","2026-07","1784894400","65083.42","65133.99","64766.0","64780.01","0.0"
"BTCUSDT","2026-07","1784898000","64780.0","64802.0","63920.01","64155.46","0.0"
"BTCUSDT","2026-07","1784901600","64155.47","64198.3","63739.75","64055.12","0.0"
"BTCUSDT","2026-07","1784905200","64055.11","64333.33","63858.0","64093.85","0.0"
"BTCUSDT","2026-07","1784908800","64093.86","64200.0","63881.46","63958.0","0.0"
"BTCUSDT","2026-07","1784912400","63958.01","64202.91","63905.51","64180.0","0.0"
"BTCUSDT","2026-07","1784916000","64180.0","64290.1","64129.75","64272.0","0.0"
"BTCUSDT","2026-07","1784919600","64272.01","64292.44","64141.18","64225.32","0.0"
"BTCUSDT","2026-07","1784923200","64225.32","64288.02","64128.89","64170.23","0.0"
"BTCUSDT","2026-07","1784926800","64170.24","64258.73","64122.29","64155.0","0.0"
"BTCUSDT","2026-07","1784930400","64155.0","64216.27","64121.86","64169.01","0.0"
"BTCUSDT","2026-07","1784934000","64169.01","64187.4","64134.71","64139.99","0.0"
"BTCUSDT","2026-07","1784937600","64140.0","64179.03","64033.18","64073.61","0.0"
"BTCUSDT","2026-07","1784941200","64073.61","64160.0","64006.55","64068.01","0.0"
"BTCUSDT","2026-07","1784944800","64068.0","64099.99","64017.87","64052.0","0.0"
"BTCUSDT","2026-07","1784948400","64052.01","64105.61","64016.65","64085.36","0.0"
"BTCUSDT","2026-07","1784952000","64085.36","64205.67","64085.15","64181.46","0.0"
"BTCUSDT","2026-07","1784955600","64181.45","64199.76","63980.01","64024.0","0.0"
"BTCUSDT","2026-07","1784959200","64024.0","64063.37","63964.57","64010.0","0.0"
"BTCUSDT","2026-07","1784962800","64010.0","64038.52","64000.0","64003.2","0.0"
"BTCUSDT","2026-07","1784966400","64003.2","64010.01","63810.0","63876.06","0.0"
"BTCUSDT","2026-07","1784970000","63876.07","64024.72","63830.0","63999.99","0.0"
"BTCUSDT","2026-07","1784973600","64000.0","64070.0","63996.0","64070.0","0.0"
"BTCUSDT","2026-07","1784977200","64069.99","64113.0","64047.09","64064.01","0.0"
"BTCUSDT","2026-07","1784980800","64064.01","64123.8","64043.0","64123.8","0.0"
"BTCUSDT","2026-07","1784984400","64123.8","64267.78","64106.74","64172.0","0.0"
"BTCUSDT","2026-07","1784988000","64172.01","64217.09","64126.0","64214.04","0.0"
"BTCUSDT","2026-07","1784991600","64214.05","64272.0","64169.99","64182.0","0.0"
"BTCUSDT","2026-07","1784995200","64182.01","64241.71","64123.0","64206.6","0.0"
"BTCUSDT","2026-07","1784998800","64206.61","64356.0","64194.37","64267.4","0.0"
"BTCUSDT","2026-07","1785002400","64267.41","64475.28","64267.41","64415.99","0.0"
"BTCUSDT","2026-07","1785006000","64415.99","64438.12","64388.38","64388.38","0.0"
"BTCUSDT","2026-07","1785009600","64388.39","64392.74","64313.0","64339.75","0.0"
"BTCUSDT","2026-07","1785013200","64339.75","64430.0","64263.03","64344.02","0.0"
"BTCUSDT","2026-07","1785016800","64344.02","64426.0","64344.01","64412.0","0.0"
"BTCUSDT","2026-07","1785020400","64412.01","64429.38","64363.0","64375.0","0.0"
"BTCUSDT","2026-07","1785024000","64375.01","64507.0","64350.0","64506.99","0.0"
"BTCUSDT","2026-07","1785027600","64506.99","64541.66","64456.67","64462.0","0.0"
"BTCUSDT","2026-07","1785031200","64462.0","64527.59","64427.59","64527.56","0.0"
"BTCUSDT","2026-07","1785034800","64527.57","64582.0","64488.73","64557.0","0.0"
"BTCUSDT","2026-07","1785038400","64557.0","64599.95","64491.73","64530.06","0.0"
"BTCUSDT","2026-07","1785042000","64530.06","64530.07","64403.95","64417.69","0.0"
"BTCUSDT","2026-07","1785045600","64417.68","64457.55","64293.81","64438.0","0.0"
"BTCUSDT","2026-07","1785049200","64438.01","64460.0","64341.99","64370.0","0.0"
"BTCUSDT","2026-07","1785052800","64370.0","64493.99","64353.0","64480.01","0.0"
"BTCUSDT","2026-07","1785056400","64480.02","64549.02","64478.38","64538.0","0.0"
"BTCUSDT","2026-07","1785060000","64538.01","64573.73","64497.62","64515.4","0.0"
"BTCUSDT","2026-07","1785063600","64515.39","64535.99","64495.17","64507.35","0.0"
"BTCUSDT","2026-07","1785067200","64507.36","64662.99","64434.0","64466.67","0.0"
"BTCUSDT","2026-07","1785070800","64466.68","64571.42","64414.0","64518.0","0.0"
"BTCUSDT","2026-07","1785074400","64517.99","64768.23","64517.99","64712.99","0.0"
"BTCUSDT","2026-07","1785078000","64713.0","64827.0","64673.42","64768.0","0.0"
"BTCUSDT","2026-07","1785081600","64768.0","64940.51","64703.23","64734.17","0.0"
"BTCUSDT","2026-07","1785085200","64734.17","64794.45","64668.91","64697.2","0.0"
"BTCUSDT","2026-07","1785088800","64697.21","64769.99","64668.91","64734.38","0.0"
"BTCUSDT","2026-07","1785092400","64734.39","64753.0","64671.91","64695.52","0.0"
"BTCUSDT","2026-07","1785096000","64695.52","64703.36","64631.57","64649.04","0.0"
"BTCUSDT","2026-07","1785099600","64649.04","64924.0","64649.03","64858.02","0.0"
"BTCUSDT","2026-07","1785103200","64858.03","65502.6","64858.03","65412.68","0.0"
"BTCUSDT","2026-07","1785106800","65412.69","65577.0","65273.76","65399.99","0.0"
"BTCUSDT","2026-07","1785110400","65400.0","65418.81","65065.46","65131.95","0.0"
"BTCUSDT","2026-07","1785114000","65131.96","65225.75","64892.03","65206.21","0.0"
"BTCUSDT","2026-07","1785117600","65206.21","65281.64","65118.08","65172.0","0.0"
"BTCUSDT","2026-07","1785121200","65172.02","65367.73","65161.99","65284.0","0.0"
"BTCUSDT","2026-07","1785124800","65284.0","65500.0","65242.69","65282.8","0.0"
"BTCUSDT","2026-07","1785128400","65282.81","65493.38","65282.8","65468.38","0.0"
"BTCUSDT","2026-07","1785132000","65468.38","65744.6","65404.9","65416.76","0.0"
"BTCUSDT","2026-07","1785135600","65416.77","65447.02","65217.16","65221.99","0.0"
"BTCUSDT","2026-07","1785139200","65221.99","65258.0","65128.85","65162.98","0.0"
"BTCUSDT","2026-07","1785142800","65162.98","65348.17","65100.0","65262.17","0.0"
"BTCUSDT","2026-07","1785146400","65262.18","65432.0","65230.01","65333.35","0.0"
"BTCUSDT","2026-07","1785150000","65333.35","65333.36","65092.0","65100.79","0.0"
"BTCUSDT","2026-07","1785153600","65100.79","65255.76","64836.0","65086.0","0.0"
"BTCUSDT","2026-07","1785157200","65086.0","65718.0","64913.12","65217.37","0.0"
"BTCUSDT","2026-07","1785160800","65217.38","65431.9","64459.82","64687.45","0.0"
"BTCUSDT","2026-07","1785164400","64687.45","64776.0","64418.01","64554.01","0.0"
"BTCUSDT","2026-07","1785168000","64554.0","64970.93","64517.78","64898.52","0.0"
"BTCUSDT","2026-07","1785171600","64898.53","65090.0","64794.37","65019.81","0.0"
"BTCUSDT","2026-07","1785175200","65019.81","65058.32","64755.67","64878.0","0.0"
"BTCUSDT","2026-07","1785178800","64878.0","65078.0","64810.9","64984.0","0.0"
"BTCUSDT","2026-07","1785182400","64983.99","65056.0","64908.01","64960.65","0.0"
"BTCUSDT","2026-07","1785186000","64960.64","64960.65","64790.28","64821.25","0.0"
"BTCUSDT","2026-07","1785189600","64821.26","64821.26","63792.0","63792.0","0.0"
"BTCUSDT","2026-07","1785193200","63792.01","63940.27","63605.56","63755.86","0.0"
"BTCUSDT","2026-07","1785196800","63755.86","63827.49","63469.3","63487.88","0.0"
"BTCUSDT","2026-07","1785200400","63487.88","63529.89","63059.39","63230.83","0.0"
"BTCUSDT","2026-07","1785204000","63230.82","63305.94","63108.0","63185.59","0.0"
"BTCUSDT","2026-07","1785207600","63185.59","63375.39","63168.01","63343.83","0.0"
"BTCUSDT","2026-07","1785211200","63343.82","63361.85","63221.26","63350.95","0.0"
"BTCUSDT","2026-07","1785214800","63350.95","63623.5","63323.09","63451.61","0.0"
"BTCUSDT","2026-07","1785218400","63451.62","63660.72","63395.13","63640.63","0.0"
"BTCUSDT","2026-07","1785222000","63640.63","63668.71","63455.58","63505.99","0.0"
"BTCUSDT","2026-07","1785225600","63506.0","63546.36","63406.11","63428.08","0.0"
"BTCUSDT","2026-07","1785229200","63428.07","63581.33","63368.81","63393.99","0.0"
"BTCUSDT","2026-07","1785232800","63393.99","63555.18","63294.0","63473.47","0.0"
"BTCUSDT","2026-07","1785236400","63473.48","63593.0","63352.0","63450.0","0.0"
"BTCUSDT","2026-07","1785240000","63449.99","63570.0","63364.96","63546.65","0.0"
"BTCUSDT","2026-07","1785243600","63546.65","63588.0","62742.47","63104.0","0.0"
"BTCUSDT","2026-07","1785247200","63104.0","63550.0","62965.38","63412.45","0.0"
"BTCUSDT","2026-07","1785250800","63412.45","64026.62","63269.28","63928.47","0.0"
"BTCUSDT","2026-07","1785254400","63928.46","64100.0","63773.65","64043.26","0.0"
"BTCUSDT","2026-07","1785258000","64043.27","64043.27","63504.0","63685.88","0.0"
"BTCUSDT","2026-07","1785261600","63685.88","63849.09","63672.26","63734.49","0.0"
"BTCUSDT","2026-07","1785265200","63734.49","63904.0","63675.93","63904.0","0.0"
"BTCUSDT","2026-07","1785268800","63904.0","64018.39","63880.0","63917.55","0.0"
"BTCUSDT","2026-07","1785272400","63917.55","64073.3","63892.0","63972.44","0.0"
"BTCUSDT","2026-07","1785276000","63972.44","64020.76","63768.47","63783.71","0.0"
"BTCUSDT","2026-07","1785279600","63783.72","63956.4","63562.0","63915.0","0.0"
"BTCUSDT","2026-07","1785283200","63915.0","64200.0","63873.54","63953.99","0.0"
"BTCUSDT","2026-07","1785286800","63954.0","63999.0","63690.0","63705.06","0.0"
"BTCUSDT","2026-07","1785290400","63705.07","64132.42","63658.0","63979.96","0.0"
"BTCUSDT","2026-07","1785294000","63979.96","64002.0","63710.0","63753.03","0.0"
"BTCUSDT","2026-07","1785297600","63753.04","63970.92","63598.0","63968.34","0.0"
"BTCUSDT","2026-07","1785301200","63968.34","64094.2","63890.07","64067.32","0.0"
"BTCUSDT","2026-07","1785304800","64067.32","64471.0","64026.64","64435.62","0.0"
"BTCUSDT","2026-07","1785308400","64435.63","64575.99","64402.67","64561.0","0.0"
"BTCUSDT","2026-07","1785312000","64561.01","64588.0","64283.83","64417.31","0.0"
"BTCUSDT","2026-07","1785315600","64417.31","64744.81","64386.94","64698.0","0.0"
"BTCUSDT","2026-07","1785319200","64698.01","64718.0","64410.24","64469.83","0.0"
"BTCUSDT","2026-07","1785322800","64469.84","64591.73","64422.5","64507.54","0.0"
"BTCUSDT","2026-07","1785326400","64507.53","64507.54","64215.93","64276.81","0.0"
"BTCUSDT","2026-07","1785330000","64276.82","64667.18","64139.68","64664.7","0.0"
"BTCUSDT","2026-07","1785333600","64664.69","64718.87","64047.71","64108.01","0.0"
"BTCUSDT","2026-07","1785337200","64108.01","64195.0","63886.0","63964.01","0.0"
"BTCUSDT","2026-07","1785340800","63964.01","64146.53","63624.15","63808.33","0.0"
"BTCUSDT","2026-07","1785344400","63808.33","64286.71","63709.19","64269.83","0.0"
"BTCUSDT","2026-07","1785348000","64269.83","64648.79","63758.0","64501.52","0.0"
"BTCUSDT","2026-07","1785351600","64501.52","64600.0","63511.0","63589.46","0.0"
"BTCUSDT","2026-07","1785355200","63589.46","63746.42","63378.09","63522.01","0.0"
"BTCUSDT","2026-07","1785358800","63522.01","63860.0","63267.34","63860.0","0.0"
"BTCUSDT","2026-07","1785362400","63860.0","64131.44","63859.99","63942.5","0.0"
"BTCUSDT","2026-07","1785366000","63942.5","64067.12","63899.0","63984.28","0.0"
"BTCUSDT","2026-07","1785369600","63984.29","64125.61","63603.92","63696.72","0.0"
"BTCUSDT","2026-07","1785373200","63696.73","64370.0","63690.0","64266.0","0.0"
"BTCUSDT","2026-07","1785376800","64266.01","64411.76","64159.63","64189.99","0.0"
"BTCUSDT","2026-07","1785380400","64190.0","64300.91","64133.99","64161.98","0.0"
"BTCUSDT","2026-07","1785384000","64161.98","64180.0","64008.5","64023.99","0.0"
"BTCUSDT","2026-07","1785387600","64024.0","64182.0","63907.85","64033.89","0.0"
"BTCUSDT","2026-07","1785391200","64033.9","64080.0","63957.2","64002.0","0.0"
"BTCUSDT","2026-07","1785394800","64001.99","64144.06","63943.29","64026.0","0.0"
"BTCUSDT","2026-07","1785398400","64026.0","64358.99","63980.54","64308.01","0.0"
"BTCUSDT","2026-07","1785402000","64308.01","64641.37","64283.8","64567.56","0.0"
"BTCUSDT","2026-07","1785405600","64567.55","64631.99","64562.0","64570.72","0.0"
"BTCUSDT","2026-07","1785409200","64570.72","64885.18","64542.73","64788.0","0.0"
"BTCUSDT","2026-07","1785412800","64788.01","65043.94","64788.0","64925.0","0.0"
"BTCUSDT","2026-07","1785416400","64925.0","65176.6","64689.02","65022.01","0.0"
"BTCUSDT","2026-07","1785420000","65022.0","65042.0","64620.0","64683.97","0.0"
"BTCUSDT","2026-07","1785423600","64683.97","64888.0","64607.31","64730.3","0.0"
"BTCUSDT","2026-07","1785427200","64730.29","64963.64","64729.56","64818.01","0.0"
"BTCUSDT","2026-07","1785430800","64818.01","64988.0","64772.0","64872.0","0.0"
"BTCUSDT","2026-07","1785434400","64871.99","64899.8","64688.0","64702.8","0.0"
"BTCUSDT","2026-07","1785438000","64702.8","64904.0","64702.79","64800.0","0.0"
"BTCUSDT","2026-07","1785441600","64800.0","64936.0","64752.12","64777.37","0.0"
"BTCUSDT","2026-07","1785445200","64777.38","64802.48","64700.34","64735.53","0.0"
"BTCUSDT","2026-07","1785448800","64735.53","65029.29","64668.91","64851.16","0.0"
"BTCUSDT","2026-07","1785452400","64851.16","65086.4","64740.0","64780.02","0.0"
"BTCUSDT","2026-07","1785456000","64780.03","64901.55","64690.29","64724.91","0.0"
"BTCUSDT","2026-07","1785459600","64724.92","65409.56","64480.44","64564.01","0.0"
"BTCUSDT","2026-07","1785463200","64564.0","64614.0","64203.58","64297.79","0.0"
"BTCUSDT","2026-07","1785466800","64297.79","64439.81","64172.0","64370.0","0.0"
"BTCUSDT","2026-07","1785470400","64370.0","64438.0","64236.0","64300.0","0.0"
"BTCUSDT","2026-07","1785474000","64299.99","64421.68","64268.47","64363.06","0.0"
"BTCUSDT","2026-07","1785477600","64363.06","64496.64","64196.08","64231.97","0.0"
"BTCUSDT","2026-07","1785481200","64231.97","64245.57","63878.11","63950.01","0.0"
"BTCUSDT","2026-07","1785484800","63950.01","63987.36","63784.67","63834.01","0.0"
"BTCUSDT","2026-07","1785488400","63834.01","63847.13","63638.18","63715.9","0.0"
"BTCUSDT","2026-07","1785492000","63715.91","63951.77","63610.0","63918.67","0.0"
"BTCUSDT","2026-07","1785495600","63918.68","64011.99","63792.01","63805.51","0.0"
"BTCUSDT","2026-07","1785499200","63805.5","63830.62","63627.66","63754.01","0.0"
"BTCUSDT","2026-07","1785502800","63754.01","63849.19","63241.71","63270.73","0.0"
"BTCUSDT","2026-07","1785506400","63270.72","63310.0","62466.0","62682.06","0.0"
"BTCUSDT","2026-07","1785510000","62682.05","62769.36","62490.24","62716.57","0.0"
"BTCUSDT","2026-07","1785513600","62716.57","62931.79","62709.01","62870.88","0.0"
"BTCUSDT","2026-07","1785517200","62870.87","63301.68","62800.0","63245.44","0.0"
"BTCUSDT","2026-07","1785520800","63245.44","63302.0","62966.0","63097.57","0.0"
"BTCUSDT","2026-07","1785524400","63097.57","63158.0","62936.29","62972.0","0.0"
"BTCUSDT","2026-07","1785528000","62972.0","63034.0","62928.35","62953.7","0.0"
"BTCUSDT","2026-07","1785531600","62953.7","63062.47","62846.0","62947.78","0.0"
"BTCUSDT","2026-07","1785535200","62947.77","63020.0","62870.01","62950.0","0.0"
"BTCUSDT","2026-07","1785538800","62950.01","63013.52","62860.64","62887.88","0.0"
"BTCUSDT","2026-08","1785542400","62887.88","63024.04","62887.87","62938.01","0.0"
"BTCUSDT","2026-08","1785546000","62938.01","62990.0","62923.47","62975.01","0.0"
"BTCUSDT","2026-08","1785549600","62975.0","63106.55","62975.0","63075.07","0.0"
"BTCUSDT","2026-08","1785553200","63075.08","63075.08","62970.65","63004.48","0.0"
"BTCUSDT","2026-08","1785556800","63004.47","63115.37","62993.2","63115.01","0.0"
"BTCUSDT","2026-08","1785560400","63115.0","63142.85","63000.85","63020.0","0.0"
"BTCUSDT","2026-08","1785564000","63020.0","63086.65","62992.82","63080.64","0.0"
"BTCUSDT","2026-08","1785567600","63080.65","63110.89","63034.0","63050.46","0.0"
"BTCUSDT","2026-08","1785571200","63050.45","63150.0","63050.45","63126.25","0.0"
"BTCUSDT","2026-08","1785574800","63126.25","63139.54","63046.33","63053.17","0.0"
"BTCUSDT","2026-08","1785578400","63053.17","63111.09","62986.31","63056.0","0.0"
"BTCUSDT","2026-08","1785582000","63055.99","63091.97","63037.72","63076.0","0.0"
"BTCUSDT","2026-08","1785585600","63076.0","63119.4","63076.0","63103.68","0.0"
"BTCUSDT","2026-08","1785589200","63103.68","63106.83","63051.0","63069.32","0.0"
"BTCUSDT","2026-08","1785592800","63069.31","63127.07","63069.31","63126.52","0.0"
"BTCUSDT","2026-08","1785596400","63126.53","63126.53","63007.05","63007.06","0.0"
"BTCUSDT","2026-08","1785600000","63007.06","63027.65","62874.0","62932.32","0.0"
"BTCUSDT","2026-08","1785603600","62932.32","62996.0","62666.0","62708.07","0.0"
"BTCUSDT","2026-08","1785607200","62708.06","62734.0","62275.0","62580.56","0.0"
"BTCUSDT","2026-08","1785610800","62580.55","62624.0","62461.17","62529.82","0.0"
"BTCUSDT","2026-08","1785614400","62529.81","62674.98","62482.99","62662.13","0.0"
"BTCUSDT","2026-08","1785618000","62662.14","62864.0","62662.13","62812.75","0.0"
"BTCUSDT","2026-08","1785621600","62812.76","62866.62","62794.17","62831.28","0.0"
"BTCUSDT","2026-08","1785625200","62831.29","62862.8","62769.97","62823.64","0.0"
"BTCUSDT","2026-08","1785628800","62823.65","62979.99","62806.58","62833.99","0.0"
"BTCUSDT","2026-08","1785632400","62834.0","63088.0","62834.0","62981.87","0.0"
"BTCUSDT","2026-08","1785636000","62981.87","63547.7","62958.54","63451.58","0.0"
"BTCUSDT","2026-08","1785639600","63451.58","63550.0","63380.0","63461.95","0.0"
"BTCUSDT","2026-08","1785643200","63461.95","63612.0","63461.95","63590.0","0.0"
"BTCUSDT","2026-08","1785646800","63590.0","63634.0","63415.26","63453.27","0.0"
"BTCUSDT","2026-08","1785650400","63453.27","63498.15","63435.99","63482.49","0.0"
"BTCUSDT","2026-08","1785654000","63482.49","63544.51","63480.0","63506.24","0.0"
"BTCUSDT","2026-08","1785657600","63506.23","63530.0","63172.0","63193.99","0.0"
"BTCUSDT","2026-08","1785661200","63194.0","63320.0","63094.0","63273.94","0.0"
"BTCUSDT","2026-08","1785664800","63273.94","63273.94","63125.06","63205.03","0.0"
"BTCUSDT","2026-08","1785668400","63205.03","63206.0","62982.38","63031.99","0.0"
"BTCUSDT","2026-08","1785672000","63031.99","63231.67","63031.99","63125.49","0.0"
"BTCUSDT","2026-08","1785675600","63125.49","63146.89","63010.0","63126.92","0.0"
"BTCUSDT","2026-08","1785679200","63126.92","63186.0","63062.0","63069.37","0.0"
"BTCUSDT","2026-08","1785682800","63069.37","63186.0","63050.0","63109.14","0.0"
"BTCUSDT","2026-08","1785686400","63109.13","63273.49","63064.01","63180.36","0.0"
"BTCUSDT","2026-08","1785690000","63180.36","63342.0","63152.0","63300.28","0.0"
"BTCUSDT","2026-08","1785693600","63300.0","63610.01","63290.0","63382.01","0.0"
"BTCUSDT","2026-08","1785697200","63382.01","63479.85","63323.89","63456.01","0.0"
"BTCUSDT","2026-08","1785700800","63456.0","63501.48","63404.69","63494.52","0.0"
"BTCUSDT","2026-08","1785704400","63494.51","63785.0","63479.45","63578.0","0.0"
"BTCUSDT","2026-08","1785708000","63578.01","63796.33","63376.71","63424.58","0.0"
"BTCUSDT","2026-08","1785711600","63424.58","63596.0","63344.0","63570.0","0.0"
"BTCUSDT","2026-08","1785715200","63570.01","63596.0","63208.3","63317.6","0.0"
"BTCUSDT","2026-08","1785718800","63317.61","63350.0","63111.1","63212.16","0.0"
"BTCUSDT","2026-08","1785722400","63212.16","63286.0","63100.0","63141.4","0.0"
"BTCUSDT","2026-08","1785726000","63141.39","63168.44","62786.04","62870.49","0.0"
"BTCUSDT","2026-08","1785729600","62870.48","63001.77","62770.37","62790.0","0.0"
"BTCUSDT","2026-08","1785733200","62790.0","62875.02","62751.3","62827.17","0.0"
"BTCUSDT","2026-08","1785736800","62827.17","62872.58","62613.0","62623.6","0.0"
"BTCUSDT","2026-08","1785740400","62623.6","62700.0","62552.04","62621.1","0.0"
"BTCUSDT","2026-08","1785744000","62621.1","62647.69","62300.0","62541.5","0.0"
"BTCUSDT","2026-08","1785747600","62541.5","62863.1","62520.0","62837.4","0.0"
"BTCUSDT","2026-08","1785751200","62837.4","62860.0","62615.11","62742.01","0.0"
"BTCUSDT","2026-08","1785754800","62742.01","62778.92","62540.95","62560.01","0.0"
"BTCUSDT","2026-08","1785758400","62560.01","62799.3","62445.26","62700.0","0.0"
"BTCUSDT","2026-08","1785762000","62700.01","63390.0","62562.42","63351.09","0.0"
"BTCUSDT","2026-08","1785765600","63351.09","63992.71","63136.0","63967.19","0.0"
"BTCUSDT","2026-08","1785769200","63967.19","63989.75","63646.59","63694.91","0.0"
"BTCUSDT","2026-08","1785772800","63694.9","63939.99","63664.0","63776.46","0.0"
"BTCUSDT","2026-08","1785776400","63776.46","64059.75","63714.55","63906.0","0.0"
"BTCUSDT","2026-08","1785780000","63905.99","64000.0","63768.0","63870.87","0.0"
"BTCUSDT","2026-08","1785783600","63870.87","64080.0","63846.0","63869.38","0.0"
"BTCUSDT","2026-08","1785787200","63869.38","64023.61","63769.92","63775.43","0.0"
"BTCUSDT","2026-08","1785790800","63775.43","63791.98","63548.0","63590.15","0.0"
"BTCUSDT","2026-08","1785794400","63590.15","63680.0","63392.01","63618.0","0.0"
"BTCUSDT","2026-08","1785798000","63618.01","63621.35","63465.43","63520.0","0.0"
"BTCUSDT","2026-08","1785801600","63520.0","63585.09","63322.01","63361.99","0.0"
"BTCUSDT","2026-08","1785805200","63362.0","63927.99","63361.99","63847.93","0.0"
"BTCUSDT","2026-08","1785808800","63847.92","63972.0","63686.44","63822.44","0.0"
"BTCUSDT","2026-08","1785812400","63822.45","63860.0","63649.0","63800.01","0.0"
"BTCUSDT","2026-08","1785816000","63800.01","64243.81","63762.0","64029.0","0.0"
"BTCUSDT","2026-08","1785819600","64029.01","64056.0","63788.23","63818.48","0.0"
"BTCUSDT","2026-08","1785823200","63818.47","63859.71","63654.16","63670.0","0.0"
"BTCUSDT","2026-08","1785826800","63670.0","63763.63","63506.78","63685.74","0.0"
"BTCUSDT","2026-08","1785830400","63685.73","63748.22","63564.99","63588.94","0.0"
"BTCUSDT","2026-08","1785834000","63589.04","63610.0","63516.43","63603.73","0.0"
"BTCUSDT","2026-08","1785837600","63603.73","63842.0","63451.8","63764.0","0.0"
"BTCUSDT","2026-08","1785841200","63763.99","63950.0","63712.0","63926.0","0.0"
"BTCUSDT","2026-08","1785844800","63926.0","64062.46","63788.0","63906.41","0.0"
"BTCUSDT","2026-08","1785848400","63906.41","64097.74","63656.0","63683.94","0.0"
"BTCUSDT","2026-08","1785852000","63683.95","64193.54","63615.38","64128.72","0.0"
"BTCUSDT","2026-08","1785855600","64128.73","64238.0","63814.29","64125.14","0.0"
"BTCUSDT","2026-08","1785859200","64125.14","64130.0","63897.22","63950.93","0.0"
"BTCUSDT","2026-08","1785862800","63950.94","64184.0","63892.0","63972.09","0.0"
"BTCUSDT","2026-08","1785866400","63972.09","64400.0","63965.73","64305.99","0.0"
"BTCUSDT","2026-08","1785870000","64305.99","64413.21","64193.57","64233.36","0.0"
"BTCUSDT","2026-08","1785873600","64233.35","64420.0","64001.68","64341.0","0.0"
"BTCUSDT","2026-08","1785877200","64341.0","64341.99","64175.52","64194.0","0.0"
"BTCUSDT","2026-08","1785880800","64193.99","64293.91","64140.0","64270.61","0.0"
"BTCUSDT","2026-08","1785884400","64270.62","64549.16","64081.26","64106.56","0.0"
"BTCUSDT","2026-08","1785888000","64106.55","64193.25","63978.44","63988.0","0.0"
"BTCUSDT","2026-08","1785891600","63988.0","64346.0","63950.0","64333.84","0.0"
"BTCUSDT","2026-08","1785895200","64333.85","64504.0","64322.59","64368.26","0.0"
"BTCUSDT","2026-08","1785898800","64368.27","64446.0","64046.0","64183.27","0.0"
"BTCUSDT","2026-08","1785902400","64183.27","64218.0","64088.01","64176.7","0.0"
"BTCUSDT","2026-08","1785906000","64176.69","64525.97","64163.36","64330.87","0.0"
"BTCUSDT","2026-08","1785909600","64330.86","64373.31","64229.34","64253.58","0.0"
"BTCUSDT","2026-08","1785913200","64253.59","64272.0","63995.89","64163.99","0.0"
"BTCUSDT","2026-08","1785916800","64164.0","64280.0","64098.0","64120.81","0.0"
"BTCUSDT","2026-08","1785920400","64120.81","64210.83","64102.95","64155.05","0.0"
"BTCUSDT","2026-08","1785924000","64155.06","64242.93","64020.0","64062.23","0.0"
"BTCUSDT","2026-08","1785927600","64062.23","64150.0","64044.5","64075.28","0.0"
"BTCUSDT","2026-08","1785931200","64075.28","64581.43","64050.0","64332.43","0.0"
"BTCUSDT","2026-08","1785934800","64332.43","64412.0","63880.0","64407.99","0.0"
"BTCUSDT","2026-08","1785938400","64407.99","64578.0","64300.0","64476.39","0.0"
"BTCUSDT","2026-08","1785942000","64476.4","64744.0","64385.49","64388.01","0.0"
"BTCUSDT","2026-08","1785945600","64388.01","64760.99","64388.0","64661.99","0.0"
"BTCUSDT","2026-08","1785949200","64661.99","64804.0","64541.71","64770.0","0.0"
"BTCUSDT","2026-08","1785952800","64770.0","64844.99","64670.01","64799.1","0.0"
"BTCUSDT","2026-08","1785956400","64799.1","64936.18","64781.79","64840.28","0.0"
"BTCUSDT","2026-08","1785960000","64840.27","65025.22","64806.46","64822.89","0.0"
"BTCUSDT","2026-08","1785963600","64822.88","64825.78","64657.69","64733.13","0.0"
"BTCUSDT","2026-08","1785967200","64733.13","64783.84","64629.81","64636.0","0.0"
"BTCUSDT","2026-08","1785970800","64636.0","64749.99","64579.15","64665.23","0.0"
"BTCUSDT","2026-08","1785974400","64665.24","64724.38","64572.0","64644.99","0.0"
"BTCUSDT","2026-08","1785978000","64644.92","64659.65","64498.0","64580.07","0.0"
"BTCUSDT","2026-08","1785981600","64580.08","64650.62","64439.34","64579.36","0.0"
"BTCUSDT","2026-08","1785985200","64579.36","64583.63","64493.2","64531.03","0.0"
"BTCUSDT","2026-08","1785988800","64531.03","64755.72","64496.27","64734.65","0.0"
"BTCUSDT","2026-08","1785992400","64734.65","64996.0","64730.26","64908.09","0.0"
"BTCUSDT","2026-08","1785996000","64908.1","64908.1","64745.69","64860.0","0.0"
"BTCUSDT","2026-08","1785999600","64860.0","64965.66","64776.0","64809.7","0.0"
"BTCUSDT","2026-08","1786003200","64809.7","64999.0","64760.0","64941.99","0.0"
"BTCUSDT","2026-08","1786006800","64942.0","64944.0","64630.0","64683.62","0.0"
"BTCUSDT","2026-08","1786010400","64683.62","64685.05","64581.21","64615.95","0.0"
"BTCUSDT","2026-08","1786014000","64615.95","64661.26","64503.54","64622.09","0.0"
"BTCUSDT","2026-08","1786017600","64622.08","64637.68","64381.96","64424.0","0.0"
"BTCUSDT","2026-08","1786021200","64424.01","64524.21","64172.0","64434.01","0.0"
"BTCUSDT","2026-08","1786024800","64434.01","64850.0","64362.0","64778.0","0.0"
"BTCUSDT","2026-08","1786028400","64778.01","64987.26","64624.29","64631.87","0.0"
"BTCUSDT","2026-08","1786032000","64631.88","64778.0","64592.37","64757.99","0.0"
"BTCUSDT","2026-08","1786035600","64758.0","64834.0","64548.81","64621.69","0.0"
"BTCUSDT","2026-08","1786039200","64621.68","64621.69","64378.67","64418.47","0.0"
"BTCUSDT","2026-08","1786042800","64418.48","64474.71","64365.0","64446.0","0.0"
"BTCUSDT","2026-08","1786046400","64446.01","64536.32","64439.7","64439.7","0.0"
"BTCUSDT","2026-08","1786050000","64439.71","64513.99","64404.74","64440.74","0.0"
"BTCUSDT","2026-08","1786053600","64440.74","64450.0","64330.4","64351.49","0.0"
"BTCUSDT","2026-08","1786057200","64351.48","64360.01","64200.0","64323.61","0.0"
"BTCUSDT","2026-08","1786060800","64323.61","64410.0","64230.59","64317.99","0.0"
"BTCUSDT","2026-08","1786064400","64318.0","64476.78","64300.0","64422.55","0.0"
"BTCUSDT","2026-08","1786068000","64422.54","64544.0","64252.09","64399.87","0.0"
"BTCUSDT","2026-08","1786071600","64399.88","64407.73","64260.0","64289.99","0.0"
"BTCUSDT","2026-08","1786075200","64289.99","64364.08","64166.0","64255.13","0.0"
"BTCUSDT","2026-08","1786078800","64255.14","64400.0","64177.62","64336.43","0.0"
"BTCUSDT","2026-08","1786082400","64336.42","64463.75","64283.91","64304.12","0.0"
"BTCUSDT","2026-08","1786086000","64304.12","64436.13","64264.0","64319.84","0.0"
"BTCUSDT","2026-08","1786089600","64319.84","64672.1","64304.22","64600.0","0.0"
"BTCUSDT","2026-08","1786093200","64600.0","64965.0","64599.99","64839.32","0.0"
"BTCUSDT","2026-08","1786096800","64839.32","64916.0","64802.0","64893.98","0.0"
"BTCUSDT","2026-08","1786100400","64893.99","65213.33","64893.64","65029.98","0.0"
"BTCUSDT","2026-08","1786104000","65029.98","65390.99","64986.26","65292.32","0.0"
"BTCUSDT","2026-08","1786107600","65292.31","65338.0","64984.68","65009.24","0.0"
"BTCUSDT","2026-08","1786111200","65009.23","65275.03","64788.0","64957.98","0.0"
"BTCUSDT","2026-08","1786114800","64957.98","65136.17","64894.83","64912.72","0.0"
"BTCUSDT","2026-08","1786118400","64912.71","65072.31","64814.0","64814.0","0.0"
"BTCUSDT","2026-08","1786122000","64814.01","64828.82","64525.0","64764.33","0.0"
"BTCUSDT","2026-08","1786125600","64764.33","64881.13","64676.0","64735.51","0.0"
"BTCUSDT","2026-08","1786129200","64735.52","65039.42","64735.52","64960.47","0.0"
"BTCUSDT","2026-08","1786132800","64960.46","65053.56","64948.0","64972.0","0.0"
"BTCUSDT","2026-08","1786136400","64972.0","65102.0","64928.0","64928.01","0.0"
"BTCUSDT","2026-08","1786140000","64928.02","64947.7","64846.0","64888.0","0.0"
"BTCUSDT","2026-08","1786143600","64888.0","64923.2","64869.99","64923.19","0.0"
"BTCUSDT","2026-08","1786147200","64923.2","64954.0","64784.19","64929.01","0.0"
"BTCUSDT","2026-08","1786150800","64929.01","64965.0","64908.97","64911.79","0.0"
"BTCUSDT","2026-08","1786154400","64911.8","64957.47","64894.49","64923.97","0.0"
"BTCUSDT","2026-08","1786158000","64923.98","65074.18","64918.28","65033.0","0.0"
"BTCUSDT","2026-08","1786161600","65033.0","65071.15","64971.18","65013.58","0.0"
"BTCUSDT","2026-08","1786165200","65013.58","65018.64","64976.0","64995.39","0.0"
"BTCUSDT","2026-08","1786168800","64995.39","65014.0","64959.81","65006.61","0.0"
"BTCUSDT","2026-08","1786172400","65006.61","65006.61","64951.34","64960.0","0.0"
"BTCUSDT","2026-08","1786176000","64959.99","65020.5","64948.56","64993.87","0.0"
"BTCUSDT","2026-08","1786179600","64993.88","65050.0","64992.98","64994.31","0.0"
"BTCUSDT","2026-08","1786183200","64994.31","65022.43","64994.31","65005.87","0.0"
"BTCUSDT","2026-08","1786186800","65005.88","65024.1","64957.0","64967.35","0.0"
"BTCUSDT","2026-08","1786190400","64967.36","65050.55","64924.0","65008.34","0.0"
"BTCUSDT","2026-08","1786194000","65008.33","65018.0","65000.0","65015.27","0.0"
"BTCUSDT","2026-08","1786197600","65015.27","65192.54","65015.27","65129.02","0.0"
"BTCUSDT","2026-08","1786201200","65129.01","65149.57","65061.31","65080.82","0.0"
"BTCUSDT","2026-08","1786204800","65080.83","65116.82","65039.0","65086.45","0.0"
"BTCUSDT","2026-08","1786208400","65086.46","65150.0","65075.46","65119.75","0.0"
"BTCUSDT","2026-08","1786212000","65119.75","65119.75","65025.54","65044.07","0.0"
"BTCUSDT","2026-08","1786215600","65044.08","65093.7","65017.39","65075.41","0.0"
"BTCUSDT","2026-08","1786219200","65075.4","65100.61","65060.0","65082.41","0.0"
"BTCUSDT","2026-08","1786222800","65082.42","65082.42","65000.53","65012.96","0.0"
"BTCUSDT","2026-08","1786226400","65012.95","65038.0","64948.17","64950.61","0.0"
"BTCUSDT","2026-08","1786230000","64950.62","64975.99","64936.01","64962.6","0.0"
"BTCUSDT","2026-08","1786233600","64962.6","64991.93","64958.17","64973.65","0.0"
"BTCUSDT","2026-08","1786237200","64973.65","65002.0","64838.33","64861.46","0.0"
"BTCUSDT","2026-08","1786240800","64861.46","64863.16","64777.92","64820.01","0.0"
"BTCUSDT","2026-08","1786244400","64820.01","64820.01","64730.08","64788.8","0.0"
"BTCUSDT","2026-08","1786248000","64788.8","64826.13","64785.0","64785.0","0.0"
"BTCUSDT","2026-08","1786251600","64785.01","64801.58","64777.0","64801.58","0.0"
"BTCUSDT","2026-08","1786255200","64801.57","64867.11","64801.57","64849.99","0.0"
"BTCUSDT","2026-08","1786258800","64850.0","64860.01","64826.14","64826.14","0.0"
"BTCUSDT","2026-08","1786262400","64826.15","64960.06","64792.1","64824.16","0.0"
"BTCUSDT","2026-08","1786266000","64824.17","64877.86","64809.68","64877.85","0.0"
"BTCUSDT","2026-08","1786269600","64877.86","64994.07","64877.85","64959.86","0.0"
"BTCUSDT","2026-08","1786273200","64959.87","65000.0","64950.0","64950.0","0.0"
"BTCUSDT","2026-08","1786276800","64950.01","64962.41","64914.73","64960.11","0.0"
"BTCUSDT","2026-08","1786280400","64960.12","65266.0","64960.11","65219.78","0.0"
"BTCUSDT","2026-08","1786284000","65219.78","65300.0","65150.95","65260.01","0.0"
"BTCUSDT","2026-08","1786287600","65260.01","65264.0","65214.0","65228.68","0.0"
"BTCUSDT","2026-08","1786291200","65228.68","65266.06","65182.36","65232.14","0.0"
"BTCUSDT","2026-08","1786294800","65232.15","65239.18","65198.68","65198.68","0.0"
"BTCUSDT","2026-08","1786298400","65198.68","65220.0","65192.0","65199.68","0.0"
"BTCUSDT","2026-08","1786302000","65199.69","65210.0","65179.72","65180.66","0.0"
"BTCUSDT","2026-08","1786305600","65180.66","65181.99","65046.25","65137.96","0.0"
"BTCUSDT","2026-08","1786309200","65137.96","65250.0","65115.05","65192.99","0.0"
"BTCUSDT","2026-08","1786312800","65192.99","65474.46","64971.41","65077.13","0.0"
"BTCUSDT","2026-08","1786316400","65077.13","65108.0","64842.59","64901.59","0.0"
"BTCUSDT","2026-08","1786320000","64901.59","65322.58","64826.78","64968.01","0.0"
"BTCUSDT","2026-08","1786323600","64968.21","65391.14","64900.0","65189.99","0.0"
"BTCUSDT","2026-08","1786327200","65190.0","65220.0","64903.54","65099.99","0.0"
"BTCUSDT","2026-08","1786330800","65099.99","65172.0","64904.99","64982.01","0.0"
"BTCUSDT","2026-08","1786334400","64982.0","65100.0","64924.0","65006.73","0.0"
"BTCUSDT","2026-08","1786338000","65006.74","65159.25","64979.88","65134.0","0.0"
"BTCUSDT","2026-08","1786341600","65134.0","65339.7","65130.01","65299.4","0.0"
"BTCUSDT","2026-08","1786345200","65299.4","65379.13","65196.53","65202.73","0.0"
"BTCUSDT","2026-08","1786348800","65202.72","65328.73","65192.0","65245.58","0.0"
"BTCUSDT","2026-08","1786352400","65245.59","65245.59","64958.87","64967.24","0.0"
"BTCUSDT","2026-08","1786356000","64967.25","65074.61","64967.24","65013.06","0.0"
"BTCUSDT","2026-08","1786359600","65013.07","65130.16","64977.93","65125.98","0.0"
"BTCUSDT","2026-08","1786363200","65125.99","65237.8","64850.0","64870.75","0.0"
"BTCUSDT","2026-08","1786366800","64870.74","64973.72","64518.01","64561.98","0.0"
"BTCUSDT","2026-08","1786370400","64561.98","64888.32","64544.01","64625.77","0.0"
"BTCUSDT","2026-08","1786374000","64625.77","64711.43","64203.15","64299.99","0.0"
"BTCUSDT","2026-08","1786377600","64299.99","64354.0","63830.57","63904.65","0.0"
"BTCUSDT","2026-08","1786381200","63904.65","64027.12","63832.0","63953.04","0.0"
"BTCUSDT","2026-08","1786384800","63953.04","64020.64","63806.27","63889.39","0.0"
"BTCUSDT","2026-08","1786388400","63889.39","64101.34","63888.01","64045.7","0.0"
"BTCUSDT","2026-08","1786392000","64045.7","64215.21","64023.06","64158.5","0.0"
"BTCUSDT","2026-08","1786395600","64158.49","64158.5","63987.0","63987.0","0.0"
"BTCUSDT","2026-08","1786399200","63987.0","64055.95","63944.0","64016.0","0.0"
"BTCUSDT","2026-08","1786402800","64015.99","64020.0","63920.69","63970.01","0.0"
"BTCUSDT","2026-08","1786406400","63970.01","64058.0","63895.64","64040.0","0.0"
"BTCUSDT","2026-08","1786410000","64040.01","64080.1","63958.2","64060.8","0.0"
"BTCUSDT","2026-08","1786413600","64060.8","64086.0","64030.0","64044.59","0.0"
"BTCUSDT","2026-08","1786417200","64044.6","64176.0","64044.59","64155.01","0.0"
"BTCUSDT","2026-08","1786420800","64155.0","64159.65","64021.02","64023.51","0.0"
"BTCUSDT","2026-08","1786424400","64023.51","64051.93","63964.0","64000.0","0.0"
"BTCUSDT","2026-08","1786428000","64000.0","64050.43","63852.0","63969.28","0.0"
"BTCUSDT","2026-08","1786431600","63969.29","64108.0","63911.09","64065.99","0.0"
"BTCUSDT","2026-08","1786435200","64066.0","64148.78","64044.72","64136.41","0.0"
"BTCUSDT","2026-08","1786438800","64136.41","64300.0","64121.51","64300.0","0.0"
"BTCUSDT","2026-08","1786442400","64300.0","64312.7","64200.0","64233.23","0.0"
"BTCUSDT","2026-08","1786446000","64233.23","64400.0","64233.23","64389.57","0.0"
"BTCUSDT","2026-08","1786449600","64389.58","64515.43","64274.57","64330.01","0.0"
"BTCUSDT","2026-08","1786453200","64330.0","64368.42","64050.0","64200.28","0.0"
"BTCUSDT","2026-08","1786456800","64200.29","64263.83","63714.75","63770.03","0.0"
"BTCUSDT","2026-08","1786460400","63770.03","63868.0","63451.0","63609.87","0.0"
"BTCUSDT","2026-08","1786464000","63609.86","63660.0","63459.54","63512.59","0.0"
"BTCUSDT","2026-08","1786467600","63512.59","63632.94","63461.88","63607.88","0.0"
"BTCUSDT","2026-08","1786471200","63607.87","63626.03","63251.59","63373.07","0.0"
"BTCUSDT","2026-08","1786474800","63373.07","63536.0","63238.0","63536.0","0.0"
"BTCUSDT","2026-08","1786478400","63536.0","63748.37","63536.0","63740.0","0.0"
"BTCUSDT","2026-08","1786482000","63740.0","63768.58","63622.0","63672.73","0.0"
"BTCUSDT","2026-08","1786485600","63672.73","63768.0","63626.25","63668.49","0.0"
"BTCUSDT","2026-08","1786489200","63668.5","63668.5","63543.55","63600.0","0.0"
"BTCUSDT","2026-08","1786492800","63600.01","63745.53","63534.01","63742.07","0.0"
"BTCUSDT","2026-08","1786496400","63742.07","63855.5","63698.18","63813.8","0.0"
"BTCUSDT","2026-08","1786500000","63813.8","63908.01","63730.72","63749.76","0.0"
"BTCUSDT","2026-08","1786503600","63749.77","63845.91","63709.85","63835.59","0.0"
"BTCUSDT","2026-08","1786507200","63835.58","63891.42","63739.99","63769.58","0.0"
"BTCUSDT","2026-08","1786510800","63769.58","63869.56","63724.25","63849.94","0.0"
"BTCUSDT","2026-08","1786514400","63849.94","63849.94","63606.15","63711.97","0.0"
"BTCUSDT","2026-08","1786518000","63711.97","63838.0","63644.1","63837.99","0.0"
"BTCUSDT","2026-08","1786521600","63838.0","63867.2","63773.98","63794.94","0.0"
"BTCUSDT","2026-08","1786525200","63794.95","64130.47","63768.01","64108.81","0.0"
"BTCUSDT","2026-08","1786528800","64108.82","64218.0","64059.99","64143.36","0.0"
"BTCUSDT","2026-08","1786532400","64143.36","64249.5","64113.5","64240.04","0.0"
"BTCUSDT","2026-08","1786536000","64240.04","64500.0","63976.37","64119.71","0.0"
"BTCUSDT","2026-08","1786539600","64119.72","64159.36","63840.0","63840.0","0.0"
"BTCUSDT","2026-08","1786543200","63840.0","63926.13","63362.74","63363.39","0.0"
"BTCUSDT","2026-08","1786546800","63363.39","63570.01","63316.0","63441.47","0.0"
"BTCUSDT","2026-08","1786550400","63441.48","63578.0","63368.35","63492.12","0.0"
"BTCUSDT","2026-08","1786554000","63492.12","63556.0","63416.4","63471.0","0.0"
"BTCUSDT","2026-08","1786557600","63470.99","63522.56","63373.97","63386.59","0.0"
"BTCUSDT","2026-08","1786561200","63386.58","63465.13","63310.34","63421.11","0.0"
"BTCUSDT","2026-08","1786564800","63421.11","63600.0","63421.11","63599.99","0.0"
"BTCUSDT","2026-08","1786568400","63600.0","63661.24","63421.61","63469.83","0.0"
"BTCUSDT","2026-08","1786572000","63469.84","63536.0","63370.0","63432.28","0.0"
"BTCUSDT","2026-08","1786575600","63432.28","63482.89","63378.23","63479.99","0.0"
"BTCUSDT","2026-08","1786579200","63479.99","63717.31","63460.32","63556.92","0.0"
"BTCUSDT","2026-08","1786582800","63556.91","63631.67","63382.45","63456.11","0.0"
"BTCUSDT","2026-08","1786586400","63456.1","63582.0","63380.0","63550.01","0.0"
"BTCUSDT","2026-08","1786590000","63550.01","63686.4","63514.21","63646.99","0.0"
"BTCUSDT","2026-08","1786593600","63647.0","63778.0","63591.56","63693.74","0.0"
"BTCUSDT","2026-08","1786597200","63693.73","64010.0","63671.64","63878.0","0.0"
"BTCUSDT","2026-08","1786600800","63878.01","63942.36","63757.47","63942.35","0.0"
"BTCUSDT","2026-08","1786604400","63942.36","63947.09","63856.13","63865.84","0.0"
"BTCUSDT","2026-08","1786608000","63865.84","63915.0","63742.0","63766.8","0.0"
"BTCUSDT","2026-08","1786611600","63766.8","63786.49","63587.99","63782.64","0.0"
"BTCUSDT","2026-08","1786615200","63782.65","63818.16","63586.0","63651.19","0.0"
"BTCUSDT","2026-08","1786618800","63651.2","63660.76","63350.0","63484.3","0.0"
"BTCUSDT","2026-08","1786622400","63484.31","63710.0","63450.0","63697.76","0.0"
"BTCUSDT","2026-08","1786626000","63697.76","63850.0","63566.0","63724.0","0.0"
"BTCUSDT","2026-08","1786629600","63723.99","63999.0","63686.0","63859.45","0.0"
"BTCUSDT","2026-08","1786633200","63859.46","63940.08","63420.0","63420.01","0.0"
"BTCUSDT","2026-08","1786636800","63420.01","63568.97","62802.27","63160.13","0.0"
"BTCUSDT","2026-08","1786640400","63160.13","63294.61","63074.44","63144.38","0.0"
"BTCUSDT","2026-08","1786644000","63144.37","63369.63","63105.44","63310.0","0.0"
"BTCUSDT","2026-08","1786647600","63310.0","63519.39","63310.0","63407.99","0.0"
"BTCUSDT","2026-08","1786651200","63408.0","63474.34","63368.0","63415.55","0.0"
"BTCUSDT","2026-08","1786654800","63415.56","63500.0","63390.0","63474.0","0.0"
"BTCUSDT","2026-08","1786658400","63474.0","63640.0","63473.99","63530.01","0.0"
"BTCUSDT","2026-08","1786662000","63530.01","63539.03","63400.0","63490.86","0.0"
"BTCUSDT","2026-08","1786665600","63490.86","63552.99","63410.0","63541.45","0.0"
"BTCUSDT","2026-08","1786669200","63541.45","63585.92","63458.0","63575.86","0.0"
"BTCUSDT","2026-08","1786672800","63575.86","63617.45","63465.38","63465.39","0.0"
"BTCUSDT","2026-08","1786676400","63465.39","63576.0","63301.58","63310.0","0.0"
"BTCUSDT","2026-08","1786680000","63310.0","63472.5","63276.0","63372.56","0.0"
"BTCUSDT","2026-08","1786683600","63372.56","63400.3","63286.67","63379.83","0.0"
"BTCUSDT","2026-08","1786687200","63379.83","63379.83","62942.0","62974.14","0.0"
"BTCUSDT","2026-08","1786690800","62974.14","63110.0","62920.0","62920.78","0.0"
"BTCUSDT","2026-08","1786694400","62920.78","62997.83","62700.0","62940.01","0.0"
"BTCUSDT","2026-08","1786698000","62940.01","62940.01","62744.0","62792.75","0.0"
"BTCUSDT","2026-08","1786701600","62792.75","62946.0","62739.98","62814.14","0.0"
"BTCUSDT","2026-08","1786705200","62814.14","62936.82","62814.0","62868.83","0.0"
"BTCUSDT","2026-08","1786708800","62868.83","62913.3","62726.26","62741.69","0.0"
"BTCUSDT","2026-08","1786712400","62741.68","62822.33","62605.0","62668.0","0.0"
"BTCUSDT","2026-08","1786716000","62668.0","62797.88","62535.24","62620.01","0.0"
"BTCUSDT","2026-08","1786719600","62620.01","63089.18","62612.0","62990.95","0.0"
"BTCUSDT","2026-08","1786723200","62990.94","63215.58","62966.86","63133.48","0.0"
"BTCUSDT","2026-08","1786726800","63133.49","63247.05","63000.0","63013.69","0.0"
"BTCUSDT","2026-08","1786730400","63013.7","63088.21","62894.85","62930.01","0.0"
"BTCUSDT","2026-08","1786734000","62930.01","62996.0","62830.0","62968.05","0.0"
"BTCUSDT","2026-08","1786737600","62968.06","63020.74","62896.85","62907.59","0.0"
"BTCUSDT","2026-08","1786741200","62907.59","62937.22","62873.25","62928.49","0.0"
"BTCUSDT","2026-08","1786744800","62928.49","62957.28","62800.0","62886.88","0.0"
"BTCUSDT","2026-08","1786748400","62886.87","63066.13","62865.03","63043.56","0.0"
"BTCUSDT","2026-08","1786752000","63043.56","63059.5","62992.91","63019.88","0.0"
"BTCUSDT","2026-08","1786755600","63019.89","63051.78","62993.57","63045.13","0.0"
"BTCUSDT","2026-08","1786759200","63045.14","63134.82","63035.95","63134.41","0.0"
"BTCUSDT","2026-08","1786762800","63134.41","63187.98","63039.99","63051.25","0.0"
"BTCUSDT","2026-08","1786766400","63051.25","63151.65","63051.25","63122.0","0.0"
"BTCUSDT","2026-08","1786770000","63122.01","63155.76","63039.99","63089.0","0.0"
"BTCUSDT","2026-08","1786773600","63089.0","63134.84","63027.89","63114.68","0.0"
"BTCUSDT","2026-08","1786777200","63114.68","63134.83","63042.0","63075.43","0.0"
"BTCUSDT","2026-08","1786780800","63075.43","63085.8","62933.71","62935.72","0.0"
"BTCUSDT","2026-08","1786784400","62935.72","63045.83","62920.0","63030.38","0.0"
"BTCUSDT","2026-08","1786788000","63030.39","63051.74","63002.12","63046.1","0.0"
"BTCUSDT","2026-08","1786791600","63046.1","63054.69","62996.85","63022.01","0.0"
"BTCUSDT","2026-08","1786795200","63022.01","63055.36","62946.58","63050.13","0.0"
"BTCUSDT","2026-08","1786798800","63050.12","63080.88","63028.11","63060.35","0.0"
"BTCUSDT","2026-08","1786802400","63060.34","63060.35","62996.77","63040.0","0.0"
"BTCUSDT","2026-08","1786806000","63040.01","63120.09","63032.0","63100.55","0.0"
"BTCUSDT","2026-08","1786809600","63100.55","63124.99","63066.73","63096.63","0.0"
"BTCUSDT","2026-08","1786813200","63096.62","63100.69","63066.21","63070.5","0.0"
"BTCUSDT","2026-08","1786816800","63070.49","63115.58","63044.37","63057.58","0.0"
"BTCUSDT","2026-08","1786820400","63057.58","63127.4","63057.57","63126.08","0.0"
"BTCUSDT","2026-08","1786824000","63126.07","63126.08","63076.96","63103.29","0.0"
"BTCUSDT","2026-08","1786827600","63103.29","63168.95","63103.29","63159.04","0.0"
"BTCUSDT","2026-08","1786831200","63159.04","63175.0","63135.52","63135.52","0.0"
"BTCUSDT","2026-08","1786834800","63135.52","63139.96","63086.0","63086.01","0.0"
"BTCUSDT","2026-08","1786838400","63086.01","63086.01","63061.47","63085.82","0.0"
"BTCUSDT","2026-08","1786842000","63085.81","63085.82","63012.0","63084.78","0.0"
"BTCUSDT","2026-08","1786845600","63084.78","63151.59","63024.22","63121.91","0.0"
"BTCUSDT","2026-08","1786849200","63121.92","63130.01","63115.61","63130.0","0.0"
"BTCUSDT","2026-08","1786852800","63130.01","63158.8","63090.0","63090.01","0.0"
"BTCUSDT","2026-08","1786856400","63090.0","63094.0","63040.0","63069.43","0.0"
"BTCUSDT","2026-08","1786860000","63069.43","63083.79","63043.21","63069.31","0.0"
"BTCUSDT","2026-08","1786863600","63069.32","63069.32","63054.34","63061.02","0.0"
"BTCUSDT","2026-08","1786867200","63061.03","63079.76","63061.02","63072.42","0.0"
"BTCUSDT","2026-08","1786870800","63072.43","63072.43","62968.45","62992.69","0.0"
"BTCUSDT","2026-08","1786874400","62992.68","63013.62","62968.45","63008.57","0.0"
"BTCUSDT","2026-08","1786878000","63008.56","63013.66","62981.93","63013.66","0.0"
"BTCUSDT","2026-08","1786881600","63013.66","63025.42","62997.77","63021.98","0.0"
"BTCUSDT","2026-08","1786885200","63021.99","63070.05","63021.98","63060.01","0.0"
"BTCUSDT","2026-08","1786888800","63060.01","63102.86","63060.0","63102.85","0.0"
"BTCUSDT","2026-08","1786892400","63102.86","63146.4","63102.86","63146.39","0.0"
"BTCUSDT","2026-08","1786896000","63146.39","63390.0","63137.35","63260.01","0.0"
"BTCUSDT","2026-08","1786899600","63260.0","63276.61","63120.22","63159.3","0.0"
"BTCUSDT","2026-08","1786903200","63159.31","63173.71","63120.0","63140.06","0.0"
"BTCUSDT","2026-08","1786906800","63140.05","63230.0","63100.89","63108.81","0.0"
"BTCUSDT","2026-08","1786910400","63108.8","63140.0","63027.6","63067.79","0.0"
"BTCUSDT","2026-08","1786914000","63067.79","63085.15","62754.0","62929.61","0.0"
"BTCUSDT","2026-08","1786917600","62929.61","62954.0","62716.0","62913.7","0.0"
"BTCUSDT","2026-08","1786921200","62913.7","62993.77","62830.0","62900.0","0.0"
"BTCUSDT","2026-08","1786924800","62900.0","62956.0","62751.1","62917.54","0.0"
"BTCUSDT","2026-08","1786928400","62917.54","63246.91","62896.0","63116.12","0.0"
"BTCUSDT","2026-08","1786932000","63116.12","63500.0","63037.09","63403.34","0.0"
"BTCUSDT","2026-08","1786935600","63403.33","63520.0","63339.78","63429.21","0.0"
"BTCUSDT","2026-08","1786939200","63429.21","63580.0","63429.21","63532.44","0.0"
"BTCUSDT","2026-08","1786942800","63532.43","63594.76","63446.59","63520.18","0.0"
"BTCUSDT","2026-08","1786946400","63520.18","63717.17","63477.95","63667.99","0.0"
"BTCUSDT","2026-08","1786950000","63668.0","63668.0","63500.0","63514.45","0.0"
"BTCUSDT","2026-08","1786953600","63514.45","63545.08","63350.0","63380.84","0.0"
"BTCUSDT","2026-08","1786957200","63380.83","63428.0","63295.0","63323.96","0.0"
"BTCUSDT","2026-08","1786960800","63323.97","63694.26","63300.25","63692.21","0.0"
"BTCUSDT","2026-08","1786964400","63692.2","63781.69","63587.05","63631.1","0.0"
"BTCUSDT","2026-08","1786968000","63631.11","63680.0","63533.06","63554.69","0.0"
"BTCUSDT","2026-08","1786971600","63554.7","63799.64","63444.17","63672.36","0.0"
"BTCUSDT","2026-08","1786975200","63672.37","63904.76","63588.0","63902.63","0.0"
"BTCUSDT","2026-08","1786978800","63902.63","64227.27","63812.35","64200.0","0.0"
"BTCUSDT","2026-08","1786982400","64200.0","64216.42","64058.0","64115.76","0.0"
"BTCUSDT","2026-08","1786986000","64115.76","64425.0","63979.3","64325.99","0.0"
"BTCUSDT","2026-08","1786989600","64325.99","64610.01","64280.49","64428.87","0.0"
"BTCUSDT","2026-08","1786993200","64428.88","64428.88","64288.35","64309.96","0.0"
"BTCUSDT","2026-08","1786996800","64309.95","64434.0","64266.0","64392.73","0.0"
"BTCUSDT","2026-08","1787000400","64392.72","64434.76","64296.0","64382.02","0.0"
"BTCUSDT","2026-08","1787004000","64382.02","64416.0","64283.49","64291.25","0.0"
"BTCUSDT","2026-08","1787007600","64291.26","64578.0","64288.24","64532.1","0.0"
"BTCUSDT","2026-08","1787011200","64532.11","64568.46","64367.27","64383.71","0.0"
"BTCUSDT","2026-08","1787014800","64383.72","64387.71","64156.0","64200.06","0.0"
"BTCUSDT","2026-08","1787018400","64200.06","64272.0","64048.0","64103.22","0.0"
"BTCUSDT","2026-08","1787022000","64103.22","64195.45","64047.73","64185.01","0.0"
"BTCUSDT","2026-08","1787025600","64185.0","64250.69","64090.0","64210.32","0.0"
"BTCUSDT","2026-08","1787029200","64210.33","64276.0","64140.0","64242.76","0.0"
"BTCUSDT","2026-08","1787032800","64242.76","64446.0","64170.0","64318.03","0.0"
"BTCUSDT","2026-08","1787036400","64318.03","64350.0","64164.0","64198.97","0.0"
"BTCUSDT","2026-08","1787040000","64198.97","64336.0","64087.98","64296.02","0.0"
"BTCUSDT","2026-08","1787043600","64296.01","64296.01","64140.0","64171.95","0.0"
"BTCUSDT","2026-08","1787047200","64171.95","64216.0","64123.42","64202.8","0.0"
"BTCUSDT","2026-08","1787050800","64202.81","64402.35","64192.42","64351.19","0.0"
"BTCUSDT","2026-08","1787054400","64351.18","64355.64","64218.45","64230.02","0.0"
"BTCUSDT","2026-08","1787058000","64230.02","64284.0","64027.85","64219.99","0.0"
"BTCUSDT","2026-08","1787061600","64219.99","65058.81","64219.99","64714.16","0.0"
"BTCUSDT","2026-08","1787065200","64714.16","64888.0","64652.0","64855.06","0.0"
"BTCUSDT","2026-08","1787068800","64855.06","64891.81","64675.5","64840.0","0.0"
"BTCUSDT","2026-08","1787072400","64840.0","64840.01","64670.02","64670.02","0.0"
"BTCUSDT","2026-08","1787076000","64670.02","64822.0","64656.0","64772.0","0.0"
"BTCUSDT","2026-08","1787079600","64771.99","64796.0","64642.36","64643.26","0.0"
"BTCUSDT","2026-08","1787083200","64643.27","64654.87","64568.0","64582.39","0.0"
"BTCUSDT","2026-08","1787086800","64582.38","64653.97","64571.48","64604.58","0.0"
"BTCUSDT","2026-08","1787090400","64604.58","64648.0","64562.25","64634.0","0.0"
"BTCUSDT","2026-08","1787094000","64634.0","64780.0","64631.15","64725.42","0.0"
"BTCUSDT","2026-08","1787097600","64725.42","64736.27","64488.0","64488.0","0.0"
"BTCUSDT","2026-08","1787101200","64488.0","64551.47","64389.27","64400.48","0.0"
"BTCUSDT","2026-08","1787104800","64400.47","64414.65","64350.0","64351.9","0.0"
"BTCUSDT","2026-08","1787108400","64351.86","64414.0","64278.0","64330.71","0.0"
"BTCUSDT","2026-08","1787112000","64330.7","64391.8","64293.43","64316.22","0.0"
"BTCUSDT","2026-08","1787115600","64316.22","64409.93","64236.0","64236.01","0.0"
"BTCUSDT","2026-08","1787119200","64236.01","64344.0","64166.0","64339.8","0.0"
"BTCUSDT","2026-08","1787122800","64339.8","64395.78","64271.78","64296.0","0.0"
"BTCUSDT","2026-08","1787126400","64296.01","64510.95","64255.0","64413.95","0.0"
"BTCUSDT","2026-08","1787130000","64413.95","64470.66","64360.7","64427.06","0.0"
"BTCUSDT","2026-08","1787133600","64427.07","64456.71","64373.24","64456.71","0.0"
"BTCUSDT","2026-08","1787137200","64456.71","64539.05","64454.99","64515.63","0.0"
"BTCUSDT","2026-08","1787140800","64515.62","64988.0","64474.86","64882.15","0.0"
"BTCUSDT","2026-08","1787144400","64882.15","65217.86","64793.29","65012.12","0.0"
"BTCUSDT","2026-08","1787148000","65012.12","65970.0","65012.11","65923.21","0.0"
"BTCUSDT","2026-08","1787151600","65923.21","69500.0","65892.0","68554.0","0.0"
"BTCUSDT","2026-08","1787155200","68554.0","68997.0","68416.36","68465.27","0.0"
"BTCUSDT","2026-08","1787158800","68465.26","68546.22","67825.03","68197.29","0.0"
"BTCUSDT","2026-08","1787162400","68197.3","68453.43","68042.0","68395.99","0.0"
"BTCUSDT","2026-08","1787166000","68396.0","68483.52","68103.71","68429.44","0.0"
"BTCUSDT","2026-08","1787169600","68429.44","69579.99","68390.0","69048.06","0.0"
"BTCUSDT","2026-08","1787173200","69048.06","70000.0","68984.78","69709.46","0.0"
"BTCUSDT","2026-08","1787176800","69709.47","69833.99","68980.0","69258.9","0.0"
"BTCUSDT","2026-08","1787180400","69258.9","69453.88","69160.0","69334.79","0.0"
"BTCUSDT","2026-08","1787184000","69334.78","69793.21","69314.01","69420.0","0.0"
"BTCUSDT","2026-08","1787187600","69420.0","69894.5","69283.25","69721.92","0.0"
"BTCUSDT","2026-08","1787191200","69721.92","69824.0","69268.0","69301.27","0.0"
"BTCUSDT","2026-08","1787194800","69301.27","69340.0","68902.22","69195.64","0.0"
"BTCUSDT","2026-08","1787198400","69195.64","69599.01","69166.0","69492.01","0.0"
"BTCUSDT","2026-08","1787202000","69492.0","69668.0","69349.16","69406.54","0.0"
"BTCUSDT","2026-08","1787205600","69406.53","69927.97","69336.97","69851.99","0.0"
"BTCUSDT","2026-08","1787209200","69851.99","70022.0","69506.91","69816.45","0.0"
"BTCUSDT","2026-08","1787212800","69816.45","71826.26","69772.36","71592.1","0.0"
"BTCUSDT","2026-08","1787216400","71592.11","72067.46","71500.0","71789.97","0.0"
"BTCUSDT","2026-08","1787220000","71789.97","72490.0","71686.58","71995.99","0.0"
"BTCUSDT","2026-08","1787223600","71995.99","72322.0","71820.0","71927.07","0.0"
"BTCUSDT","2026-08","1787227200","71927.07","72015.42","71501.0","71952.04","0.0"
"BTCUSDT","2026-08","1787230800","71952.04","72108.8","71132.0","71691.99","0.0"
"BTCUSDT","2026-08","1787234400","71692.0","71990.09","71364.01","71826.85","0.0"
"BTCUSDT","2026-08","1787238000","71826.85","72830.0","71789.01","72470.83","0.0"
"BTCUSDT","2026-08","1787241600","72470.84","72905.0","72205.88","72837.15","0.0"
"BTCUSDT","2026-08","1787245200","72837.15","72966.0","72534.71","72737.5","0.0"
"BTCUSDT","2026-08","1787248800","72737.51","72810.0","72394.0","72431.36","0.0"
"BTCUSDT","2026-08","1787252400","72431.35","72774.0","72330.0","72690.76","0.0"
"BTCUSDT","2026-08","1787256000","72690.76","73110.7","72594.0","72671.75","0.0"
"BTCUSDT","2026-08","1787259600","72671.76","72848.0","72557.0","72741.81","0.0"
"BTCUSDT","2026-08","1787263200","72741.81","72878.0","72498.0","72676.22","0.0"
"BTCUSDT","2026-08","1787266800","72676.23","73400.0","72664.56","73025.15","0.0"
"BTCUSDT","2026-08","1787270400","73027.02","73990.0","73027.02","73708.02","0.0"
"BTCUSDT","2026-08","1787274000","73707.82","75785.82","73668.0","75129.23","0.0"
"BTCUSDT","2026-08","1787277600","75129.23","75197.08","74384.63","74439.74","0.0"
"BTCUSDT","2026-08","1787281200","74439.75","74882.24","74247.46","74510.77","0.0"
"BTCUSDT","2026-08","1787284800","74510.77","75054.46","74510.77","75026.0","0.0"
"BTCUSDT","2026-08","1787288400","75026.0","75500.0","74918.79","75472.73","0.0"
"BTCUSDT","2026-08","1787292000","75472.73","75753.0","75104.0","75646.21","0.0"
"BTCUSDT","2026-08","1787295600","75646.2","76916.95","75620.0","76308.65","0.0"
"BTCUSDT","2026-08","1787299200","76308.66","79500.0","76235.76","79258.03","0.0"
"BTCUSDT","2026-08","1787302800","79258.02","79363.79","77251.0","77910.71","0.0"
"BTCUSDT","2026-08","1787306400","77910.71","78250.0","77621.8","77810.02","0.0"
"BTCUSDT","2026-08","1787310000","77810.01","77855.78","76411.38","76722.32","0.0"
"BTCUSDT","2026-08","1787313600","76722.31","77477.24","76538.0","77223.66","0.0"
"BTCUSDT","2026-08","1787317200","77223.66","77700.0","76243.04","77266.87","0.0"
"BTCUSDT","2026-08","1787320800","77266.88","77448.26","76552.74","77384.68","0.0"
"BTCUSDT","2026-08","1787324400","77384.69","77871.33","77170.0","77221.98","0.0"
"BTCUSDT","2026-08","1787328000","77221.98","77563.53","76784.81","77486.01","0.0"
"BTCUSDT","2026-08","1787331600","77486.01","77722.12","77189.95","77392.68","0.0"
"BTCUSDT","2026-08","1787335200","77392.69","77550.0","76643.72","77146.0","0.0"
"BTCUSDT","2026-08","1787338800","77145.99","77360.0","76856.2","77028.94","0.0"
"BTCUSDT","2026-08","1787342400","77028.94","77548.99","76863.56","77520.19","0.0"
"BTCUSDT","2026-08","1787346000","77520.19","78675.1","77388.0","78505.15","0.0"
"BTCUSDT","2026-08","1787349600","78505.14","78760.68","78081.8","78460.14","0.0"
"BTCUSDT","2026-08","1787353200","78460.13","78720.0","78100.26","78338.03","0.0"
"BTCUSDT","2026-08","1787356800","78338.03","78500.0","77683.37","77953.3","0.0"
"BTCUSDT","2026-08","1787360400","77953.3","78234.0","77816.66","77830.01","0.0"
"BTCUSDT","2026-08","1787364000","77830.01","78563.83","77791.19","78470.0","0.0"
"BTCUSDT","2026-08","1787367600","78470.0","78828.15","78372.0","78410.98","0.0"
"BTCUSDT","2026-08","1787371200","78410.98","78818.0","78207.61","78470.0","0.0"
"BTCUSDT","2026-08","1787374800","78470.0","78584.0","76500.0","77380.75","0.0"
"BTCUSDT","2026-08","1787378400","77380.75","77572.16","76985.14","77486.09","0.0"
"BTCUSDT","2026-08","1787382000","77486.09","77669.28","77220.0","77289.18","0.0"
"BTCUSDT","2026-08","1787385600","77289.18","77445.6","77037.42","77210.55","0.0"
"BTCUSDT","2026-08","1787389200","77210.55","77395.04","76851.25","77061.99","0.0"
"BTCUSDT","2026-08","1787392800","77062.0","77187.46","76533.87","76976.0","0.0"
"BTCUSDT","2026-08","1787396400","76976.01","77204.68","76772.05","77130.02","0.0"
"BTCUSDT","2026-08","1787400000","77130.01","77387.99","77073.86","77300.27","0.0"
"BTCUSDT","2026-08","1787403600","77300.27","77362.03","77116.0","77288.62","0.0"
"BTCUSDT","2026-08","1787407200","77288.62","77305.14","76930.0","77003.62","0.0"
"BTCUSDT","2026-08","1787410800","77003.62","77100.77","76880.0","76978.83","0.0"
"BTCUSDT","2026-08","1787414400","76978.83","77547.96","76956.36","77288.01","0.0"
"BTCUSDT","2026-08","1787418000","77288.01","77369.99","77066.66","77278.01","0.0"
"BTCUSDT","2026-08","1787421600","77278.01","77360.92","77138.0","77257.86","0.0"
"BTCUSDT","2026-08","1787425200","77257.87","77469.64","77206.53","77418.25","0.0"
"BTCUSDT","2026-08","1787428800","77418.26","77467.53","77258.0","77311.69","0.0"
"BTCUSDT","2026-08","1787432400","77311.69","77311.69","76828.78","76856.01","0.0"
"BTCUSDT","2026-08","1787436000","76856.0","77155.46","76772.0","76997.76","0.0"
"BTCUSDT","2026-08","1787439600","76997.77","77126.53","76900.0","77074.93","0.0"
"BTCUSDT","2026-08","1787443200","77074.94","77359.53","77042.91","77302.65","0.0"
"BTCUSDT","2026-08","1787446800","77302.65","77400.0","77158.0","77190.29","0.0"
"BTCUSDT","2026-08","1787450400","77190.29","77232.55","77005.88","77079.46","0.0"
"BTCUSDT","2026-08","1787454000","77079.46","77136.78","76837.0","76927.87","0.0"
"BTCUSDT","2026-08","1787457600","76927.87","77036.58","76477.04","76602.0","0.0"
"BTCUSDT","2026-08","1787461200","76602.0","76730.99","75545.67","76053.37","0.0"
"BTCUSDT","2026-08","1787464800","76053.38","76357.51","75872.89","76096.95","0.0"
"BTCUSDT","2026-08","1787468400","76096.96","76345.31","75907.82","76007.13","0.0"
"BTCUSDT","2026-08","1787472000","76007.12","76654.78","75952.09","76486.49","0.0"
"BTCUSDT","2026-08","1787475600","76486.49","76640.21","76467.0","76549.98","0.0"
"BTCUSDT","2026-08","1787479200","76549.99","76924.29","76542.0","76790.35","0.0"
"BTCUSDT","2026-08","1787482800","76790.35","77400.0","76744.94","77311.02","0.0"
"BTCUSDT","2026-08","1787486400","77311.02","77311.99","76975.63","77206.0","0.0"
"BTCUSDT","2026-08","1787490000","77206.01","77765.8","77192.21","77487.62","0.0"
"BTCUSDT","2026-08","1787493600","77487.62","77640.58","76802.0","77186.0","0.0"
"BTCUSDT","2026-08","1787497200","77186.0","77336.93","76913.49","77156.13","0.0"
"BTCUSDT","2026-08","1787500800","77156.14","77475.0","77156.13","77429.88","0.0"
"BTCUSDT","2026-08","1787504400","77429.87","77443.95","77148.2","77176.41","0.0"
"BTCUSDT","2026-08","1787508000","77176.41","77415.33","77116.0","77341.98","0.0"
"BTCUSDT","2026-08","1787511600","77341.99","77487.04","77255.99","77346.01","0.0"
"BTCUSDT","2026-08","1787515200","77346.0","77460.0","77200.03","77401.6","0.0"
"BTCUSDT","2026-08","1787518800","77401.59","78052.85","77401.59","77833.23","0.0"
"BTCUSDT","2026-08","1787522400","77833.23","77979.0","77560.02","77598.88","0.0"
"BTCUSDT","2026-08","1787526000","77598.87","77829.7","77290.22","77734.0","0.0"
"BTCUSDT","2026-08","1787529600","77734.0","77742.0","77142.85","77679.5","0.0"
"BTCUSDT","2026-08","1787533200","77679.51","77717.28","76918.0","76922.1","0.0"
"BTCUSDT","2026-08","1787536800","76922.11","77545.08","76883.61","77478.69","0.0"
"BTCUSDT","2026-08","1787540400","77478.7","77532.37","76933.0","76933.02","0.0"
"BTCUSDT","2026-08","1787544000","76933.02","77247.12","76670.01","76897.44","0.0"
"BTCUSDT","2026-08","1787547600","76897.44","77226.93","76842.72","77149.4","0.0"
"BTCUSDT","2026-08","1787551200","77149.39","77525.09","77071.0","77464.33","0.0"
"BTCUSDT","2026-08","1787554800","77464.33","77790.19","77281.68","77307.15","0.0"
"BTCUSDT","2026-08","1787558400","77307.14","77414.88","76838.0","77041.47","0.0"
"BTCUSDT","2026-08","1787562000","77041.46","77602.8","77028.0","77554.08","0.0"
"BTCUSDT","2026-08","1787565600","77554.08","78017.0","77534.09","77617.22","0.0"
"BTCUSDT","2026-08","1787569200","77617.23","78600.0","77450.0","78443.65","0.0"
"BTCUSDT","2026-08","1787572800","78443.65","79326.48","77982.0","79159.99","0.0"
"BTCUSDT","2026-08","1787576400","79159.98","79450.0","77851.9","78597.99","0.0"
"BTCUSDT","2026-08","1787580000","78597.99","79841.12","78597.99","79510.92","0.0"
"BTCUSDT","2026-08","1787583600","79510.93","80000.0","78824.78","79100.01","0.0"
"BTCUSDT","2026-08","1787587200","79100.01","79877.87","78901.1","79047.6","0.0"
"BTCUSDT","2026-08","1787590800","79047.61","79198.0","78468.61","78761.14","0.0"
"BTCUSDT","2026-08","1787594400","78761.14","79084.22","78718.01","78928.35","0.0"
"BTCUSDT","2026-08","1787598000","78928.35","79118.42","78600.0","78758.0","0.0"
"BTCUSDT","2026-08","1787601600","78757.99","78996.0","78560.0","78932.33","0.0"
"BTCUSDT","2026-08","1787605200","78932.33","79049.4","78853.43","78984.23","0.0"
"BTCUSDT","2026-08","1787608800","78984.23","78988.0","78692.0","78740.0","0.0"
"BTCUSDT","2026-08","1787612400","78740.0","79017.76","78622.13","78992.75","0.0"
"BTCUSDT","2026-08","1787616000","78992.76","79888.0","78715.63","79739.99","0.0"
"BTCUSDT","2026-08","1787619600","79739.99","79985.41","79478.0","79828.0","0.0"
"BTCUSDT","2026-08","1787623200","79828.0","81272.62","79742.0","80649.63","0.0"
"BTCUSDT","2026-08","1787626800","80649.62","80956.0","80314.31","80488.01","0.0"
"BTCUSDT","2026-08","1787630400","80488.01","80608.0","80150.0","80363.73","0.0"
"BTCUSDT","2026-08","1787634000","80363.74","80821.53","80322.0","80731.9","0.0"
"BTCUSDT","2026-08","1787637600","80731.9","80923.69","80420.0","80574.09","0.0"
"BTCUSDT","2026-08","1787641200","80574.09","80819.67","79369.17","79705.79","0.0"
"BTCUSDT","2026-08","1787644800","79705.79","80249.0","79622.0","79930.77","0.0"
"BTCUSDT","2026-08","1787648400","79930.76","79958.0","78888.0","79187.2","0.0"
"BTCUSDT","2026-08","1787652000","79187.2","79484.01","78992.0","79309.63","0.0"
"BTCUSDT","2026-08","1787655600","79309.63","79463.59","79044.18","79117.99","0.0"
"BTCUSDT","2026-08","1787659200","79118.0","79171.88","78640.0","78980.0","0.0"
"BTCUSDT","2026-08","1787662800","78980.01","79222.0","78120.74","78647.99","0.0"
"BTCUSDT","2026-08","1787666400","78648.0","79386.94","78531.55","79235.99","0.0"
"BTCUSDT","2026-08","1787670000","79236.0","79527.09","79020.04","79502.01","0.0"
"BTCUSDT","2026-08","1787673600","79502.01","79563.71","79067.72","79156.02","0.0"
"BTCUSDT","2026-08","1787677200","79156.02","79256.08","78752.06","79240.01","0.0"
"BTCUSDT","2026-08","1787680800","79240.02","79380.0","79048.44","79128.0","0.0"
"BTCUSDT","2026-08","1787684400","79128.01","79233.57","78728.35","78925.95","0.0"
"BTCUSDT","2026-08","1787688000","78925.96","78976.0","78165.27","78206.13","0.0"
"BTCUSDT","2026-08","1787691600","78206.14","78664.0","77851.0","78570.0","0.0"
"BTCUSDT","2026-08","1787695200","78569.99","79000.0","78569.99","78889.51","0.0"
"BTCUSDT","2026-08","1787698800","78889.51","78977.49","78396.88","78539.14","0.0"
"BTCUSDT","2026-08","1787702400","78539.13","78721.48","78312.0","78631.79","0.0"
"BTCUSDT","2026-08","1787706000","78631.7","78960.0","78607.29","78815.13","0.0"
"BTCUSDT","2026-08","1787709600","78815.13","79251.6","78748.56","79108.0","0.0"
"BTCUSDT","2026-08","1787713200","79108.01","79184.0","78900.0","79088.62","0.0"
"BTCUSDT","2026-08","1787716800","79088.61","79200.0","78790.68","78826.0","0.0"
"BTCUSDT","2026-08","1787720400","78826.0","79143.62","78638.0","79085.98","0.0"
"BTCUSDT","2026-08","1787724000","79085.98","79206.0","78816.0","78947.92","0.0"
"BTCUSDT","2026-08","1787727600","78947.92","79096.0","78867.0","78925.56","0.0"
"BTCUSDT","2026-08","1787731200","78925.57","79119.37","78600.0","78707.59","0.0"
"BTCUSDT","2026-08","1787734800","78707.59","78877.02","78244.83","78444.49","0.0"
"BTCUSDT","2026-08","1787738400","78444.5","78879.75","78291.09","78727.45","0.0"
"BTCUSDT","2026-08","1787742000","78727.46","78782.0","78317.0","78487.26","0.0"
"BTCUSDT","2026-08","1787745600","78487.26","78713.79","77918.25","78319.59","0.0"
"BTCUSDT","2026-08","1787749200","78319.58","78554.0","77913.19","78448.66","0.0"
"BTCUSDT","2026-08","1787752800","78448.66","78603.41","77774.0","77790.48","0.0"
"BTCUSDT","2026-08","1787756400","77790.48","78167.26","77632.58","78011.65","0.0"
"BTCUSDT","2026-08","1787760000","78011.64","78161.73","77858.0","77991.3","0.0"
"BTCUSDT","2026-08","1787763600","77991.29","78603.0","77991.29","78442.83","0.0"
"BTCUSDT","2026-08","1787767200","78442.84","78650.26","78280.01","78472.41","0.0"
"BTCUSDT","2026-08","1787770800","78472.41","78572.0","78292.0","78475.49","0.0"
"BTCUSDT","2026-08","1787774400","78475.49","78521.7","78200.0","78452.04","0.0"
"BTCUSDT","2026-08","1787778000","78452.04","78845.06","78392.19","78724.01","0.0"
"BTCUSDT","2026-08","1787781600","78724.0","78975.85","78554.0","78700.0","0.0"
"BTCUSDT","2026-08","1787785200","78700.0","79174.12","78654.0","79023.75","0.0"
"BTCUSDT","2026-08","1787788800","79023.75","79028.49","78690.01","78690.01","0.0"
"BTCUSDT","2026-08","1787792400","78690.02","79017.99","78546.13","78898.67","0.0"
"BTCUSDT","2026-08","1787796000","78898.68","78978.0","78704.62","78717.76","0.0"
"BTCUSDT","2026-08","1787799600","78717.76","78990.0","78643.23","78830.68","0.0"
"BTCUSDT","2026-08","1787803200","78830.68","78900.0","78684.18","78783.99","0.0"
"BTCUSDT","2026-08","1787806800","78783.99","78928.0","78600.0","78912.55","0.0"
"BTCUSDT","2026-08","1787810400","78912.54","78912.55","78604.78","78817.49","0.0"
"BTCUSDT","2026-08","1787814000","78817.5","79095.99","78754.0","79082.17","0.0"
"BTCUSDT","2026-08","1787817600","79082.18","80022.0","79048.0","79755.99","0.0"
"BTCUSDT","2026-08","1787821200","79756.0","80520.0","79683.09","79986.0","0.0"
"BTCUSDT","2026-08","1787824800","79986.0","80158.15","79342.0","79626.0","0.0"
"BTCUSDT","2026-08","1787828400","79625.99","79766.3","79172.65","79477.67","0.0"
"BTCUSDT","2026-08","1787832000","79477.66","79596.0","79266.0","79282.31","0.0"
"BTCUSDT","2026-08","1787835600","79282.31","79568.0","78920.0","79533.15","0.0"
"BTCUSDT","2026-08","1787839200","79533.16","80388.0","79354.47","80204.05","0.0"
"BTCUSDT","2026-08","1787842800","80204.06","80799.91","80094.0","80302.32","0.0"
"BTCUSDT","2026-08","1787846400","80302.32","80624.0","80189.39","80374.0","0.0"
"BTCUSDT","2026-08","1787850000","80374.0","80848.74","80230.0","80442.46","0.0"
"BTCUSDT","2026-08","1787853600","80442.47","80442.47","79749.7","80150.69","0.0"
"BTCUSDT","2026-08","1787857200","80150.69","80294.11","79886.0","79910.19","0.0"
"BTCUSDT","2026-08","1787860800","79910.19","80120.0","79882.86","80096.0","0.0"
"BTCUSDT","2026-08","1787864400","80096.0","80184.0","79975.74","80184.0","0.0"
"BTCUSDT","2026-08","1787868000","80184.0","80432.36","80150.0","80303.21","0.0"
"BTCUSDT","2026-08","1787871600","80303.21","80393.6","80134.0","80249.58","0.0"
"BTCUSDT","2026-08","1787875200","80249.59","80705.37","80153.99","80576.0","0.0"
"BTCUSDT","2026-08","1787878800","80575.99","81478.87","80434.15","80500.38","0.0"
"BTCUSDT","2026-08","1787882400","80500.38","80500.38","79723.02","79926.11","0.0"
"BTCUSDT","2026-08","1787886000","79926.11","80060.01","79775.61","79810.49","0.0"
"BTCUSDT","2026-08","1787889600","79810.48","79970.5","79603.81","79643.81","0.0"
"BTCUSDT","2026-08","1787893200","79643.8","79872.6","79558.11","79686.0","0.0"
"BTCUSDT","2026-08","1787896800","79686.0","79999.0","79685.99","79904.21","0.0"
"BTCUSDT","2026-08","1787900400","79904.21","79904.21","79573.36","79660.0","0.0"
"BTCUSDT","2026-08","1787904000","79660.0","79840.0","79480.0","79516.78","0.0"
"BTCUSDT","2026-08","1787907600","79516.77","79516.78","79259.43","79285.19","0.0"
"BTCUSDT","2026-08","1787911200","79285.19","79571.99","79001.01","79565.89","0.0"
"BTCUSDT","2026-08","1787914800","79565.9","79770.29","79555.22","79604.13","0.0"
"BTCUSDT","2026-08","1787918400","79604.12","79727.36","79306.11","79421.05","0.0"
"BTCUSDT","2026-08","1787922000","79421.04","79635.01","79034.56","79330.75","0.0"
"BTCUSDT","2026-08","1787925600","79330.34","79706.64","78423.03","79542.44","0.0"
"BTCUSDT","2026-08","1787929200","79542.44","79838.73","78312.64","78331.13","0.0"
"BTCUSDT","2026-08","1787932800","78331.13","78404.0","76888.0","77788.46","0.0"
"BTCUSDT","2026-08","1787936400","77788.45","78131.86","77642.78","77904.0","0.0"
"BTCUSDT","2026-08","1787940000","77904.0","77935.5","77270.0","77554.0","0.0"
"BTCUSDT","2026-08","1787943600","77554.0","77797.35","77376.0","77580.03","0.0"
"BTCUSDT","2026-08","1787947200","77580.03","77609.83","77310.24","77407.34","0.0"
"BTCUSDT","2026-08","1787950800","77407.34","77537.33","77255.69","77364.0","0.0"
"BTCUSDT","2026-08","1787954400","77364.0","77773.2","77342.0","77758.69","0.0"
"BTCUSDT","2026-08","1787958000","77758.69","77846.72","77640.74","77845.87","0.0"
"BTCUSDT","2026-08","1787961600","77845.88","77963.92","77722.0","77733.63","0.0"
"BTCUSDT","2026-08","1787965200","77733.63","77849.29","77631.28","77794.11","0.0"
"BTCUSDT","2026-08","1787968800","77794.11","77829.72","77584.53","77671.18","0.0"
"BTCUSDT","2026-08","1787972400","77671.18","77731.43","77507.16","77507.17","0.0"
"BTCUSDT","2026-08","1787976000","77507.17","77678.67","77507.17","77648.91","0.0"
"BTCUSDT","2026-08","1787979600","77648.91","77716.12","77604.06","77632.53","0.0"
"BTCUSDT","2026-08","1787983200","77632.52","77632.53","77382.37","77466.82","0.0"
"BTCUSDT","2026-08","1787986800","77466.83","77672.0","77438.01","77626.01","0.0"
"BTCUSDT","2026-08","1787990400","77626.01","77634.0","77487.73","77633.99","0.0"
"BTCUSDT","2026-08","1787994000","77634.0","77754.23","77566.01","77650.03","0.0"
"BTCUSDT","2026-08","1787997600","77650.02","77732.0","77526.0","77635.17","0.0"
"BTCUSDT","2026-08","1788001200","77635.17","77724.99","77573.32","77584.67","0.0"
"BTCUSDT","2026-08","1788004800","77584.66","77657.99","77506.63","77583.74","0.0"
"BTCUSDT","2026-08","1788008400","77583.74","77722.0","77559.45","77704.32","0.0"
"BTCUSDT","2026-08","1788012000","77704.32","78150.0","77663.83","78014.37","0.0"
"BTCUSDT","2026-08","1788015600","78014.37","78014.37","77806.9","77865.36","0.0"
"BTCUSDT","2026-08","1788019200","77865.36","78130.43","77858.29","78027.17","0.0"
"BTCUSDT","2026-08","1788022800","78027.17","78100.0","77896.0","78100.0","0.0"
"BTCUSDT","2026-08","1788026400","78099.99","78250.0","78018.02","78158.01","0.0"
"BTCUSDT","2026-08","1788030000","78158.01","78330.0","78138.87","78182.0","0.0"
"BTCUSDT","2026-08","1788033600","78181.99","78298.0","78117.95","78129.92","0.0"
"BTCUSDT","2026-08","1788037200","78129.92","78198.0","78062.0","78161.63","0.0"
"BTCUSDT","2026-08","1788040800","78161.62","78239.4","78086.0","78228.34","0.0"
"BTCUSDT","2026-08","1788044400","78228.33","78283.7","78190.0","78230.0","0.0"
"BTCUSDT","2026-08","1788048000","78230.0","78330.0","78147.17","78179.86","0.0"
"BTCUSDT","2026-08","1788051600","78179.86","78190.0","77994.02","78081.5","0.0"
"BTCUSDT","2026-08","1788055200","78081.49","78178.02","78014.74","78106.01","0.0"
"BTCUSDT","2026-08","1788058800","78106.0","78233.7","78065.99","78144.68","0.0"
"BTCUSDT","2026-08","1788062400","78144.68","78220.0","77990.0","78109.75","0.0"
"BTCUSDT","2026-08","1788066000","78109.74","78214.0","78109.74","78127.71","0.0"
"BTCUSDT","2026-08","1788069600","78127.72","78310.71","78106.07","78280.34","0.0"
"BTCUSDT","2026-08","1788073200","78280.34","78291.27","78118.0","78118.0","0.0"
"BTCUSDT","2026-08","1788076800","78118.0","78207.22","78034.0","78074.01","0.0"
"BTCUSDT","2026-08","1788080400","78074.01","78118.87","77986.0","78000.01","0.0"
"BTCUSDT","2026-08","1788084000","78000.01","78145.29","77962.49","78145.29","0.0"
"BTCUSDT","2026-08","1788087600","78145.29","78242.0","78117.11","78166.0","0.0"
"BTCUSDT","2026-08","1788091200","78165.99","78850.81","78165.99","78785.06","0.0"
"BTCUSDT","2026-08","1788094800","78785.06","78966.76","78590.14","78860.0","0.0"
"BTCUSDT","2026-08","1788098400","78860.01","78945.94","78722.0","78783.71","0.0"
"BTCUSDT","2026-08","1788102000","78783.7","78912.94","78626.0","78823.63","0.0"
"BTCUSDT","2026-08","1788105600","78823.62","79400.0","78750.0","79337.93","0.0"
"BTCUSDT","2026-08","1788109200","79337.93","79337.93","78774.85","79021.02","0.0"
"BTCUSDT","2026-08","1788112800","79021.02","79181.99","78776.0","79036.69","0.0"
"BTCUSDT","2026-08","1788116400","79036.68","79041.96","78721.98","78856.39","0.0"
"BTCUSDT","2026-08","1788120000","78856.39","78931.49","78438.23","78597.33","0.0"
"BTCUSDT","2026-08","1788123600","78597.32","78733.77","78229.82","78653.0","0.0"
"BTCUSDT","2026-08","1788127200","78653.0","78804.0","78280.0","78422.01","0.0"
"BTCUSDT","2026-08","1788130800","78422.01","78454.0","77000.0","77682.0","0.0"
"BTCUSDT","2026-08","1788134400","77682.0","78185.89","77436.4","77937.04","0.0"
"BTCUSDT","2026-08","1788138000","77937.03","77993.03","77565.08","77640.94","0.0"
"BTCUSDT","2026-08","1788141600","77640.93","78000.0","77392.0","77473.99","0.0"
"BTCUSDT","2026-08","1788145200","77474.0","77872.0","77394.0","77756.71","0.0"
"BTCUSDT","2026-08","1788148800","77756.7","77769.11","77458.83","77622.28","0.0"
"BTCUSDT","2026-08","1788152400","77622.29","78156.78","77514.0","78016.0","0.0"
"BTCUSDT","2026-08","1788156000","78016.01","78156.77","77864.16","78093.87","0.0"
"BTCUSDT","2026-08","1788159600","78093.88","78322.56","78034.01","78196.01","0.0"
"BTCUSDT","2026-08","1788163200","78196.01","78521.89","77982.0","78480.8","0.0"
"BTCUSDT","2026-08","1788166800","78480.79","78802.0","78396.35","78511.03","0.0"
"BTCUSDT","2026-08","1788170400","78511.03","78732.0","78316.91","78710.01","0.0"
"BTCUSDT","2026-08","1788174000","78710.02","78710.02","78302.0","78315.43","0.0"
"BTCUSDT","2026-08","1788177600","78315.43","78543.86","77675.04","77930.39","0.0"
"BTCUSDT","2026-08","1788181200","77930.4","78282.0","77716.75","77867.39","0.0"
"BTCUSDT","2026-08","1788184800","77867.39","78686.94","77746.6","78600.14","0.0"
"BTCUSDT","2026-08","1788188400","78601.93","78777.9","78212.3","78580.42","0.0"
"BTCUSDT","2026-08","1788192000","78580.43","78884.48","78524.0","78639.57","0.0"
"BTCUSDT","2026-08","1788195600","78639.57","79019.86","78494.0","78897.36","0.0"
"BTCUSDT","2026-08","1788199200","78897.35","79212.0","78779.24","79016.0","0.0"
"BTCUSDT","2026-08","1788202800","79016.01","79250.0","78851.93","78898.06","0.0"
"BTCUSDT","2026-08","1788206400","78898.06","79172.0","78784.32","78864.72","0.0"
"BTCUSDT","2026-08","1788210000","78864.73","79071.12","78732.22","78964.32","0.0"
"BTCUSDT","2026-08","1788213600","78964.33","79015.83","78579.3","78593.15","0.0"
"BTCUSDT","2026-08","1788217200","78593.15","78593.61","78405.01","78581.29","0.0"
