"symbol","month","timestamp","open","high","low","close","volume"
"ETHUSDT","2026-05","1777593600","2257.51","2266.0","2257.21","2260.0","0.0"
"ETHUSDT","2026-05","1777597200","2260.0","2270.56","2260.0","2267.75","0.0"
"ETHUSDT","2026-05","1777600800","2267.75","2270.0","2265.0","2266.94","0.0"
"ETHUSDT","2026-05","1777604400","2266.94","2295.0","2266.25","2282.87","0.0"
"ETHUSDT","2026-05","1777608000","2282.87","2285.89","2277.56","2280.12","0.0"
"ETHUSDT","2026-05","1777611600","2280.11","2286.75","2278.28","2283.26","0.0"
"ETHUSDT","2026-05","1777615200","2283.26","2286.66","2272.09","2277.45","0.0"
"ETHUSDT","2026-05","1777618800","2277.46","2281.1","2273.14","2279.48","0.0"
"ETHUSDT","2026-05","1777622400","2279.5","2288.5","2277.44","2286.92","0.0"
"ETHUSDT","2026-05","1777626000","2286.93","2287.1","2279.87","2282.07","0.0"
"ETHUSDT","2026-05","1777629600","2282.08","2285.88","2277.06","2282.53","0.0"
"ETHUSDT","2026-05","1777633200","2282.53","2293.0","2281.71","2286.45","0.0"
"ETHUSDT","2026-05","1777636800","2286.46","2311.49","2284.15","2301.36","0.0"
"ETHUSDT","2026-05","1777640400","2301.37","2324.0","2301.37","2318.22","0.0"
"ETHUSDT","2026-05","1777644000","2318.22","2325.28","2301.42","2308.04","0.0"
"ETHUSDT","2026-05","1777647600","2308.03","2316.74","2298.77","2307.64","0.0"
"ETHUSDT","2026-05","1777651200","2307.64","2314.21","2298.17","2301.94","0.0"
"ETHUSDT","2026-05","1777654800","2301.95","2313.53","2298.71","2311.76","0.0"
"ETHUSDT","2026-05","1777658400","2311.76","2312.5","2303.45","2304.76","0.0"
"ETHUSDT","2026-05","1777662000","2304.77","2307.84","2302.2","2304.85","0.0"
"ETHUSDT","2026-05","1777665600","2304.85","2305.86","2278.98","2285.19","0.0"
"ETHUSDT","2026-05","1777669200","2285.18","2294.25","2283.58","2292.68","0.0"
"ETHUSDT","2026-05","1777672800","2292.67","2299.35","2291.0","2293.5","0.0"
"ETHUSDT","2026-05","1777676400","2293.5","2296.23","2289.0","2295.63","0.0"
"ETHUSDT","2026-05","1777680000","2295.63","2299.3","2292.91","2297.6","0.0"
"ETHUSDT","2026-05","1777683600","2297.59","2300.98","2295.88","2298.63","0.0"
"ETHUSDT","2026-05","1777687200","2298.62","2308.34","2295.43","2303.31","0.0"
"ETHUSDT","2026-05","1777690800","2303.31","2308.34","2301.01","2304.44","0.0"
"ETHUSDT","2026-05","1777694400","2304.43","2304.91","2299.59","2301.26","0.0"
"ETHUSDT","2026-05","1777698000","2301.26","2301.52","2296.62","2299.47","0.0"
"ETHUSDT","2026-05","1777701600","2299.46","2306.35","2297.09","2305.58","0.0"
"ETHUSDT","2026-05","1777705200","2305.59","2306.16","2301.01","2301.02","0.0"
"ETHUSDT","2026-05","1777708800","2301.01","2304.44","2299.05","2303.35","0.0"
"ETHUSDT","2026-05","1777712400","2303.34","2307.78","2303.34","2305.13","0.0"
"ETHUSDT","2026-05","1777716000","2305.13","2305.96","2302.41","2303.54","0.0"
"ETHUSDT","2026-05","1777719600","2303.54","2304.99","2300.25","2302.1","0.0"
"ETHUSDT","2026-05","1777723200","2302.09","2305.92","2301.36","2303.52","0.0"
"ETHUSDT","2026-05","1777726800","2303.53","2311.83","2303.53","2308.08","0.0"
"ETHUSDT","2026-05","1777730400","2308.08","2308.59","2305.23","2306.69","0.0"
"ETHUSDT","2026-05","1777734000","2306.69","2310.1","2305.32","2309.19","0.0"
"ETHUSDT","2026-05","1777737600","2309.18","2313.98","2307.96","2309.31","0.0"
"ETHUSDT","2026-05","1777741200","2309.31","2310.25","2305.69","2305.9","0.0"
"ETHUSDT","2026-05","1777744800","2305.9","2311.57","2304.08","2310.3","0.0"
"ETHUSDT","2026-05","1777748400","2310.31","2312.79","2309.17","2311.08","0.0"
"ETHUSDT","2026-05","1777752000","2311.08","2311.84","2309.59","2311.58","0.0"
"ETHUSDT","2026-05","1777755600","2311.59","2343.6","2310.79","2325.62","0.0"
"ETHUSDT","2026-05","1777759200","2325.62","2328.36","2317.88","2327.0","0.0"
"ETHUSDT","2026-05","1777762800","2326.99","2326.99","2313.98","2316.97","0.0"
"ETHUSDT","2026-05","1777766400","2316.97","2317.69","2308.9","2313.98","0.0"
"ETHUSDT","2026-05","1777770000","2313.98","2314.09","2303.43","2304.14","0.0"
"ETHUSDT","2026-05","1777773600","2304.14","2306.83","2299.38","2303.41","0.0"
"ETHUSDT","2026-05","1777777200","2303.41","2304.0","2300.0","2301.9","0.0"
"ETHUSDT","2026-05","1777780800","2301.9","2304.37","2297.59","2301.53","0.0"
"ETHUSDT","2026-05","1777784400","2301.53","2305.56","2301.26","2304.11","0.0"
"ETHUSDT","2026-05","1777788000","2304.11","2306.38","2299.69","2304.49","0.0"
"ETHUSDT","2026-05","1777791600","2304.5","2314.01","2304.42","2309.28","0.0"
"ETHUSDT","2026-05","1777795200","2309.28","2312.67","2307.65","2308.28","0.0"
"ETHUSDT","2026-05","1777798800","2308.29","2322.27","2307.49","2316.47","0.0"
"ETHUSDT","2026-05","1777802400","2316.48","2316.73","2311.32","2311.54","0.0"
"ETHUSDT","2026-05","1777806000","2311.54","2327.5","2310.52","2319.63","0.0"
"ETHUSDT","2026-05","1777809600","2319.63","2332.61","2319.63","2325.71","0.0"
"ETHUSDT","2026-05","1777813200","2325.71","2328.74","2320.61","2322.21","0.0"
"ETHUSDT","2026-05","1777816800","2322.22","2329.6","2321.19","2328.28","0.0"
"ETHUSDT","2026-05","1777820400","2328.28","2333.91","2324.96","2328.44","0.0"
"ETHUSDT","2026-05","1777824000","2328.45","2335.0","2322.38","2328.41","0.0"
"ETHUSDT","2026-05","1777827600","2328.4","2335.35","2324.11","2331.85","0.0"
"ETHUSDT","2026-05","1777831200","2331.85","2333.6","2328.29","2330.98","0.0"
"ETHUSDT","2026-05","1777834800","2330.98","2337.87","2328.47","2335.59","0.0"
"ETHUSDT","2026-05","1777838400","2335.6","2344.35","2328.28","2329.58","0.0"
"ETHUSDT","2026-05","1777842000","2329.58","2334.18","2315.0","2324.27","0.0"
"ETHUSDT","2026-05","1777845600","2324.27","2356.92","2324.26","2343.89","0.0"
"ETHUSDT","2026-05","1777849200","2343.89","2347.47","2319.96","2322.65","0.0"
"ETHUSDT","2026-05","1777852800","2322.65","2322.65","2309.24","2319.0","0.0"
"ETHUSDT","2026-05","1777856400","2319.0","2354.02","2312.98","2351.2","0.0"
"ETHUSDT","2026-05","1777860000","2351.21","2387.99","2345.41","2374.73","0.0"
"ETHUSDT","2026-05","1777863600","2374.73","2391.0","2371.74","2385.12","0.0"
"ETHUSDT","2026-05","1777867200","2385.11","2398.93","2384.37","2390.12","0.0"
"ETHUSDT","2026-05","1777870800","2390.12","2391.28","2375.26","2376.19","0.0"
"ETHUSDT","2026-05","1777874400","2376.19","2378.42","2354.2","2368.41","0.0"
"ETHUSDT","2026-05","1777878000","2368.41","2373.87","2362.51","2362.8","0.0"
"ETHUSDT","2026-05","1777881600","2362.79","2365.11","2357.3","2360.04","0.0"
"ETHUSDT","2026-05","1777885200","2360.04","2371.09","2358.04","2368.71","0.0"
"ETHUSDT","2026-05","1777888800","2368.72","2369.89","2314.25","2338.36","0.0"
"ETHUSDT","2026-05","1777892400","2338.35","2343.62","2332.91","2337.59","0.0"
"ETHUSDT","2026-05","1777896000","2337.59","2343.78","2333.04","2335.53","0.0"
"ETHUSDT","2026-05","1777899600","2335.53","2344.53","2325.71","2336.53","0.0"
"ETHUSDT","2026-05","1777903200","2336.53","2381.8","2327.47","2371.39","0.0"
"ETHUSDT","2026-05","1777906800","2371.4","2374.38","2336.01","2350.1","0.0"
"ETHUSDT","2026-05","1777910400","2350.11","2365.0","2336.63","2355.28","0.0"
"ETHUSDT","2026-05","1777914000","2355.27","2379.52","2353.84","2370.09","0.0"
"ETHUSDT","2026-05","1777917600","2370.1","2374.86","2357.02","2361.41","0.0"
"ETHUSDT","2026-05","1777921200","2361.42","2364.35","2353.52","2356.52","0.0"
"ETHUSDT","2026-05","1777924800","2356.52","2359.12","2347.77","2350.15","0.0"
"ETHUSDT","2026-05","1777928400","2350.14","2364.59","2350.14","2360.89","0.0"
"ETHUSDT","2026-05","1777932000","2360.89","2365.91","2353.95","2354.58","0.0"
"ETHUSDT","2026-05","1777935600","2354.58","2354.58","2344.83","2347.16","0.0"
"ETHUSDT","2026-05","1777939200","2347.17","2359.0","2344.93","2358.83","0.0"
"ETHUSDT","2026-05","1777942800","2358.83","2364.49","2355.1","2361.82","0.0"
"ETHUSDT","2026-05","1777946400","2361.81","2377.8","2359.1","2367.72","0.0"
"ETHUSDT","2026-05","1777950000","2367.72","2389.38","2364.71","2382.43","0.0"
"ETHUSDT","2026-05","1777953600","2382.43","2386.0","2376.04","2381.11","0.0"
"ETHUSDT","2026-05","1777957200","2381.1","2390.74","2376.88","2380.19","0.0"
"ETHUSDT","2026-05","1777960800","2380.19","2381.51","2367.35","2378.85","0.0"
"ETHUSDT","2026-05","1777964400","2378.84","2388.56","2375.81","2380.59","0.0"
"ETHUSDT","2026-05","1777968000","2380.59","2384.62","2373.0","2376.81","0.0"
"ETHUSDT","2026-05","1777971600","2376.82","2376.96","2366.76","2369.6","0.0"
"ETHUSDT","2026-05","1777975200","2369.6","2379.34","2367.3","2378.41","0.0"
"ETHUSDT","2026-05","1777978800","2378.42","2383.49","2372.95","2379.89","0.0"
"ETHUSDT","2026-05","1777982400","2379.89","2390.47","2376.34","2388.52","0.0"
"ETHUSDT","2026-05","1777986000","2388.52","2399.5","2383.5","2388.72","0.0"
"ETHUSDT","2026-05","1777989600","2388.71","2392.36","2369.17","2378.78","0.0"
"ETHUSDT","2026-05","1777993200","2378.78","2387.93","2375.5","2381.31","0.0"
"ETHUSDT","2026-05","1777996800","2381.3","2383.38","2361.0","2365.94","0.0"
"ETHUSDT","2026-05","1778000400","2365.94","2369.92","2359.71","2362.8","0.0"
"ETHUSDT","2026-05","1778004000","2362.81","2374.78","2362.81","2372.28","0.0"
"ETHUSDT","2026-05","1778007600","2372.28","2376.73","2369.33","2371.94","0.0"
"ETHUSDT","2026-05","1778011200","2371.94","2387.0","2371.21","2382.41","0.0"
"ETHUSDT","2026-05","1778014800","2382.41","2388.54","2368.9","2375.43","0.0"
"ETHUSDT","2026-05","1778018400","2375.43","2381.68","2354.34","2367.51","0.0"
"ETHUSDT","2026-05","1778022000","2367.51","2369.75","2355.0","2360.77","0.0"
"ETHUSDT","2026-05","1778025600","2360.76","2367.72","2355.0","2364.63","0.0"
"ETHUSDT","2026-05","1778029200","2364.63","2376.99","2362.75","2373.19","0.0"
"ETHUSDT","2026-05","1778032800","2373.2","2373.7","2360.0","2369.75","0.0"
"ETHUSDT","2026-05","1778036400","2369.75","2380.87","2368.08","2376.8","0.0"
"ETHUSDT","2026-05","1778040000","2376.81","2379.4","2361.25","2366.08","0.0"
"ETHUSDT","2026-05","1778043600","2366.08","2366.99","2355.0","2365.03","0.0"
"ETHUSDT","2026-05","1778047200","2365.03","2371.29","2361.0","2370.52","0.0"
"ETHUSDT","2026-05","1778050800","2370.53","2375.0","2368.57","2371.74","0.0"
"ETHUSDT","2026-05","1778054400","2371.74","2396.19","2369.16","2394.33","0.0"
"ETHUSDT","2026-05","1778058000","2394.32","2418.39","2384.8","2412.76","0.0"
"ETHUSDT","2026-05","1778061600","2412.77","2414.43","2405.18","2410.2","0.0"
"ETHUSDT","2026-05","1778065200","2410.2","2423.74","2408.34","2410.47","0.0"
"ETHUSDT","2026-05","1778068800","2410.47","2413.59","2400.55","2405.11","0.0"
"ETHUSDT","2026-05","1778072400","2405.11","2405.11","2365.01","2368.51","0.0"
"ETHUSDT","2026-05","1778076000","2368.52","2373.29","2346.68","2359.23","0.0"
"ETHUSDT","2026-05","1778079600","2359.23","2366.0","2354.98","2359.1","0.0"
"ETHUSDT","2026-05","1778083200","2359.1","2367.47","2350.56","2358.08","0.0"
"ETHUSDT","2026-05","1778086800","2358.09","2360.99","2347.71","2349.7","0.0"
"ETHUSDT","2026-05","1778090400","2349.71","2352.55","2338.0","2345.0","0.0"
"ETHUSDT","2026-05","1778094000","2345.0","2350.0","2342.14","2348.5","0.0"
"ETHUSDT","2026-05","1778097600","2348.49","2357.04","2345.23","2350.94","0.0"
"ETHUSDT","2026-05","1778101200","2350.94","2357.45","2345.83","2354.52","0.0"
"ETHUSDT","2026-05","1778104800","2354.52","2355.05","2344.99","2347.28","0.0"
"ETHUSDT","2026-05","1778108400","2347.28","2351.34","2338.28","2350.84","0.0"
"ETHUSDT","2026-05","1778112000","2350.84","2352.3","2329.05","2329.65","0.0"
"ETHUSDT","2026-05","1778115600","2329.66","2335.0","2314.16","2327.41","0.0"
"ETHUSDT","2026-05","1778119200","2327.4","2327.95","2313.89","2321.88","0.0"
"ETHUSDT","2026-05","1778122800","2321.89","2326.2","2315.74","2322.39","0.0"
"ETHUSDT","2026-05","1778126400","2322.39","2327.52","2317.8","2327.51","0.0"
"ETHUSDT","2026-05","1778130000","2327.51","2333.97","2327.02","2331.08","0.0"
"ETHUSDT","2026-05","1778133600","2331.08","2338.57","2320.0","2337.13","0.0"
"ETHUSDT","2026-05","1778137200","2337.14","2346.89","2336.72","2344.59","0.0"
"ETHUSDT","2026-05","1778140800","2344.59","2346.6","2332.0","2333.73","0.0"
"ETHUSDT","2026-05","1778144400","2333.73","2337.11","2326.83","2329.05","0.0"
"ETHUSDT","2026-05","1778148000","2329.04","2331.63","2317.35","2326.78","0.0"
"ETHUSDT","2026-05","1778151600","2326.78","2331.59","2325.45","2329.94","0.0"
"ETHUSDT","2026-05","1778155200","2329.94","2337.13","2329.04","2333.01","0.0"
"ETHUSDT","2026-05","1778158800","2333.02","2333.02","2305.4","2314.32","0.0"
"ETHUSDT","2026-05","1778162400","2314.32","2318.75","2289.51","2298.98","0.0"
"ETHUSDT","2026-05","1778166000","2298.98","2304.52","2285.95","2294.82","0.0"
"ETHUSDT","2026-05","1778169600","2294.82","2298.2","2285.37","2291.81","0.0"
"ETHUSDT","2026-05","1778173200","2291.81","2301.25","2280.1","2299.6","0.0"
"ETHUSDT","2026-05","1778176800","2299.61","2304.0","2291.27","2296.19","0.0"
"ETHUSDT","2026-05","1778180400","2296.18","2297.09","2287.88","2295.98","0.0"
"ETHUSDT","2026-05","1778184000","2295.98","2302.57","2287.94","2289.1","0.0"
"ETHUSDT","2026-05","1778187600","2289.1","2294.29","2281.29","2287.68","0.0"
"ETHUSDT","2026-05","1778191200","2287.68","2290.24","2281.04","2287.03","0.0"
"ETHUSDT","2026-05","1778194800","2287.03","2293.24","2286.11","2291.06","0.0"
"ETHUSDT","2026-05","1778198400","2291.06","2294.28","2283.66","2286.83","0.0"
"ETHUSDT","2026-05","1778202000","2286.83","2289.31","2280.28","2285.06","0.0"
"ETHUSDT","2026-05","1778205600","2285.06","2285.71","2268.0","2279.15","0.0"
"ETHUSDT","2026-05","1778209200","2279.15","2281.6","2265.61","2278.76","0.0"
"ETHUSDT","2026-05","1778212800","2278.77","2284.54","2276.5","2281.63","0.0"
"ETHUSDT","2026-05","1778216400","2281.63","2284.0","2275.97","2275.97","0.0"
"ETHUSDT","2026-05","1778220000","2275.98","2278.5","2268.6","2275.22","0.0"
"ETHUSDT","2026-05","1778223600","2275.23","2282.69","2267.15","2281.35","0.0"
"ETHUSDT","2026-05","1778227200","2281.37","2289.13","2280.15","2283.56","0.0"
"ETHUSDT","2026-05","1778230800","2283.56","2292.12","2280.35","2284.34","0.0"
"ETHUSDT","2026-05","1778234400","2284.34","2290.96","2281.17","2287.94","0.0"
"ETHUSDT","2026-05","1778238000","2287.95","2298.01","2287.95","2295.38","0.0"
"ETHUSDT","2026-05","1778241600","2295.38","2302.0","2282.46","2284.53","0.0"
"ETHUSDT","2026-05","1778245200","2284.53","2287.0","2269.96","2276.46","0.0"
"ETHUSDT","2026-05","1778248800","2276.46","2292.66","2273.32","2285.72","0.0"
"ETHUSDT","2026-05","1778252400","2285.72","2294.44","2274.94","2293.2","0.0"
"ETHUSDT","2026-05","1778256000","2293.2","2294.37","2286.42","2289.93","0.0"
"ETHUSDT","2026-05","1778259600","2289.93","2315.63","2289.39","2304.86","0.0"
"ETHUSDT","2026-05","1778263200","2304.87","2321.22","2304.87","2313.49","0.0"
"ETHUSDT","2026-05","1778266800","2313.49","2320.36","2312.48","2316.05","0.0"
"ETHUSDT","2026-05","1778270400","2316.06","2317.0","2305.36","2306.65","0.0"
"ETHUSDT","2026-05","1778274000","2306.64","2314.94","2304.21","2314.63","0.0"
"ETHUSDT","2026-05","1778277600","2314.62","2319.15","2310.26","2310.98","0.0"
"ETHUSDT","2026-05","1778281200","2310.98","2310.98","2303.19","2307.06","0.0"
"ETHUSDT","2026-05","1778284800","2307.07","2312.03","2304.19","2308.55","0.0"
"ETHUSDT","2026-05","1778288400","2308.55","2318.45","2308.23","2314.22","0.0"
"ETHUSDT","2026-05","1778292000","2314.23","2320.3","2313.8","2317.07","0.0"
"ETHUSDT","2026-05","1778295600","2317.07","2320.77","2312.6","2315.33","0.0"
"ETHUSDT","2026-05","1778299200","2315.33","2325.33","2311.27","2312.35","0.0"
"ETHUSDT","2026-05","1778302800","2312.35","2318.29","2310.9","2314.82","0.0"
"ETHUSDT","2026-05","1778306400","2314.82","2319.59","2312.95","2314.35","0.0"
"ETHUSDT","2026-05","1778310000","2314.35","2318.56","2311.34","2314.69","0.0"
"ETHUSDT","2026-05","1778313600","2314.69","2320.53","2314.23","2317.16","0.0"
"ETHUSDT","2026-05","1778317200","2317.16","2317.52","2311.37","2313.28","0.0"
"ETHUSDT","2026-05","1778320800","2313.28","2315.03","2310.24","2312.5","0.0"
"ETHUSDT","2026-05","1778324400","2312.49","2315.56","2312.49","2314.57","0.0"
"ETHUSDT","2026-05","1778328000","2314.56","2318.27","2313.24","2316.54","0.0"
"ETHUSDT","2026-05","1778331600","2316.54","2316.55","2311.69","2314.34","0.0"
"ETHUSDT","2026-05","1778335200","2314.34","2315.32","2305.21","2308.27","0.0"
"ETHUSDT","2026-05","1778338800","2308.27","2317.64","2300.0","2317.63","0.0"
"ETHUSDT","2026-05","1778342400","2317.64","2325.28","2315.29","2319.99","0.0"
"ETHUSDT","2026-05","1778346000","2320.0","2333.61","2320.0","2329.45","0.0"
"ETHUSDT","2026-05","1778349600","2329.46","2338.37","2328.8","2330.22","0.0"
"ETHUSDT","2026-05","1778353200","2330.23","2333.1","2326.54","2332.01","0.0"
"ETHUSDT","2026-05","1778356800","2332.02","2332.81","2327.26","2329.18","0.0"
"ETHUSDT","2026-05","1778360400","2329.17","2331.55","2328.62","2330.82","0.0"
"ETHUSDT","2026-05","1778364000","2330.82","2333.47","2327.22","2329.89","0.0"
"ETHUSDT","2026-05","1778367600","2329.89","2331.96","2324.7","2326.44","0.0"
"ETHUSDT","2026-05","1778371200","2326.43","2329.71","2321.16","2323.89","0.0"
"ETHUSDT","2026-05","1778374800","2323.9","2324.97","2318.33","2323.67","0.0"
"ETHUSDT","2026-05","1778378400","2323.68","2328.0","2320.08","2327.94","0.0"
"ETHUSDT","2026-05","1778382000","2327.94","2332.91","2323.7","2327.76","0.0"
"ETHUSDT","2026-05","1778385600","2327.75","2330.98","2326.1","2328.27","0.0"
"ETHUSDT","2026-05","1778389200","2328.28","2330.0","2326.51","2327.3","0.0"
"ETHUSDT","2026-05","1778392800","2327.3","2330.75","2326.65","2329.3","0.0"
"ETHUSDT","2026-05","1778396400","2329.31","2332.09","2327.36","2327.36","0.0"
"ETHUSDT","2026-05","1778400000","2327.36","2331.83","2326.16","2330.15","0.0"
"ETHUSDT","2026-05","1778403600","2330.16","2333.59","2326.92","2328.22","0.0"
"ETHUSDT","2026-05","1778407200","2328.23","2328.82","2323.38","2325.46","0.0"
"ETHUSDT","2026-05","1778410800","2325.46","2327.42","2319.0","2322.58","0.0"
"ETHUSDT","2026-05","1778414400","2322.59","2325.35","2320.87","2324.12","0.0"
"ETHUSDT","2026-05","1778418000","2324.12","2331.99","2323.28","2329.8","0.0"
"ETHUSDT","2026-05","1778421600","2329.8","2335.0","2326.94","2330.9","0.0"
"ETHUSDT","2026-05","1778425200","2330.9","2351.66","2330.9","2347.56","0.0"
"ETHUSDT","2026-05","1778428800","2347.56","2350.85","2340.11","2350.0","0.0"
"ETHUSDT","2026-05","1778432400","2349.99","2368.0","2345.4","2364.1","0.0"
"ETHUSDT","2026-05","1778436000","2364.11","2366.79","2356.63","2358.54","0.0"
"ETHUSDT","2026-05","1778439600","2358.53","2366.79","2351.25","2365.54","0.0"
"ETHUSDT","2026-05","1778443200","2365.54","2369.86","2311.83","2328.76","0.0"
"ETHUSDT","2026-05","1778446800","2328.76","2336.85","2324.02","2330.8","0.0"
"ETHUSDT","2026-05","1778450400","2330.79","2377.64","2327.92","2373.78","0.0"
"ETHUSDT","2026-05","1778454000","2373.78","2382.53","2367.95","2371.27","0.0"
"ETHUSDT","2026-05","1778457600","2371.26","2374.92","2344.59","2352.35","0.0"
"ETHUSDT","2026-05","1778461200","2352.36","2365.58","2345.33","2358.54","0.0"
"ETHUSDT","2026-05","1778464800","2358.54","2360.79","2343.38","2345.39","0.0"
"ETHUSDT","2026-05","1778468400","2345.4","2345.4","2320.01","2330.56","0.0"
"ETHUSDT","2026-05","1778472000","2330.56","2335.99","2326.66","2332.85","0.0"
"ETHUSDT","2026-05","1778475600","2332.85","2340.49","2332.05","2335.3","0.0"
"ETHUSDT","2026-05","1778479200","2335.29","2342.44","2330.05","2333.48","0.0"
"ETHUSDT","2026-05","1778482800","2333.49","2333.49","2328.25","2330.54","0.0"
"ETHUSDT","2026-05","1778486400","2330.55","2334.66","2326.66","2330.48","0.0"
"ETHUSDT","2026-05","1778490000","2330.48","2338.61","2330.26","2336.08","0.0"
"ETHUSDT","2026-05","1778493600","2336.07","2339.9","2329.93","2329.94","0.0"
"ETHUSDT","2026-05","1778497200","2329.93","2335.8","2327.43","2335.8","0.0"
"ETHUSDT","2026-05","1778500800","2335.8","2338.89","2328.79","2329.5","0.0"
"ETHUSDT","2026-05","1778504400","2329.51","2332.86","2314.77","2322.32","0.0"
"ETHUSDT","2026-05","1778508000","2322.31","2328.8","2304.0","2316.48","0.0"
"ETHUSDT","2026-05","1778511600","2316.48","2335.6","2313.4","2333.48","0.0"
"ETHUSDT","2026-05","1778515200","2333.48","2341.21","2327.38","2329.78","0.0"
"ETHUSDT","2026-05","1778518800","2329.79","2343.83","2323.68","2336.71","0.0"
"ETHUSDT","2026-05","1778522400","2336.71","2344.35","2334.55","2335.35","0.0"
"ETHUSDT","2026-05","1778526000","2335.35","2344.0","2331.92","2340.43","0.0"
"ETHUSDT","2026-05","1778529600","2340.44","2345.44","2336.27","2338.15","0.0"
"ETHUSDT","2026-05","1778533200","2338.16","2342.49","2336.36","2340.71","0.0"
"ETHUSDT","2026-05","1778536800","2340.71","2345.68","2336.63","2341.43","0.0"
"ETHUSDT","2026-05","1778540400","2341.43","2342.23","2335.08","2339.87","0.0"
"ETHUSDT","2026-05","1778544000","2339.88","2340.85","2332.13","2333.54","0.0"
"ETHUSDT","2026-05","1778547600","2333.54","2335.66","2295.01","2311.41","0.0"
"ETHUSDT","2026-05","1778551200","2311.4","2317.0","2307.2","2315.89","0.0"
"ETHUSDT","2026-05","1778554800","2315.89","2317.31","2307.2","2309.37","0.0"
"ETHUSDT","2026-05","1778558400","2309.36","2314.49","2305.65","2310.92","0.0"
"ETHUSDT","2026-05","1778562000","2310.92","2314.08","2309.74","2310.12","0.0"
"ETHUSDT","2026-05","1778565600","2310.13","2313.84","2302.63","2303.89","0.0"
"ETHUSDT","2026-05","1778569200","2303.9","2304.82","2291.63","2295.2","0.0"
"ETHUSDT","2026-05","1778572800","2295.2","2296.27","2280.0","2288.01","0.0"
"ETHUSDT","2026-05","1778576400","2288.0","2295.3","2281.1","2292.84","0.0"
"ETHUSDT","2026-05","1778580000","2292.84","2293.88","2281.42","2286.2","0.0"
"ETHUSDT","2026-05","1778583600","2286.21","2287.09","2278.57","2287.01","0.0"
"ETHUSDT","2026-05","1778587200","2287.02","2294.01","2281.14","2288.97","0.0"
"ETHUSDT","2026-05","1778590800","2288.97","2292.51","2268.88","2271.99","0.0"
"ETHUSDT","2026-05","1778594400","2271.99","2281.89","2262.37","2269.18","0.0"
"ETHUSDT","2026-05","1778598000","2269.18","2274.38","2256.67","2261.85","0.0"
"ETHUSDT","2026-05","1778601600","2261.86","2271.24","2256.27","2263.83","0.0"
"ETHUSDT","2026-05","1778605200","2263.83","2278.0","2263.83","2276.59","0.0"
"ETHUSDT","2026-05","1778608800","2276.6","2284.6","2274.67","2279.3","0.0"
"ETHUSDT","2026-05","1778612400","2279.31","2287.43","2279.15","2285.09","0.0"
"ETHUSDT","2026-05","1778616000","2285.1","2287.39","2281.32","2285.04","0.0"
"ETHUSDT","2026-05","1778619600","2285.05","2287.64","2282.81","2285.4","0.0"
"ETHUSDT","2026-05","1778623200","2285.41","2291.37","2282.24","2282.34","0.0"
"ETHUSDT","2026-05","1778626800","2282.34","2284.18","2273.88","2274.96","0.0"
"ETHUSDT","2026-05","1778630400","2274.97","2286.79","2273.34","2281.56","0.0"
"ETHUSDT","2026-05","1778634000","2281.56","2295.29","2280.99","2289.98","0.0"
"ETHUSDT","2026-05","1778637600","2289.99","2299.89","2286.96","2293.99","0.0"
"ETHUSDT","2026-05","1778641200","2293.99","2303.77","2292.44","2301.77","0.0"
"ETHUSDT","2026-05","1778644800","2301.76","2309.0","2298.47","2306.67","0.0"
"ETHUSDT","2026-05","1778648400","2306.68","2307.48","2295.63","2297.76","0.0"
"ETHUSDT","2026-05","1778652000","2297.77","2305.13","2297.26","2301.84","0.0"
"ETHUSDT","2026-05","1778655600","2301.84","2303.03","2296.95","2301.07","0.0"
"ETHUSDT","2026-05","1778659200","2301.07","2316.96","2300.73","2316.64","0.0"
"ETHUSDT","2026-05","1778662800","2316.65","2323.36","2314.45","2321.19","0.0"
"ETHUSDT","2026-05","1778666400","2321.18","2321.6","2305.55","2308.46","0.0"
"ETHUSDT","2026-05","1778670000","2308.46","2308.91","2299.0","2301.82","0.0"
"ETHUSDT","2026-05","1778673600","2301.83","2307.54","2270.01","2284.35","0.0"
"ETHUSDT","2026-05","1778677200","2284.35","2288.31","2258.51","2262.8","0.0"
"ETHUSDT","2026-05","1778680800","2262.8","2270.97","2251.05","2267.39","0.0"
"ETHUSDT","2026-05","1778684400","2267.39","2270.25","2234.13","2236.49","0.0"
"ETHUSDT","2026-05","1778688000","2236.48","2253.35","2235.48","2250.75","0.0"
"ETHUSDT","2026-05","1778691600","2250.75","2261.77","2250.75","2258.31","0.0"
"ETHUSDT","2026-05","1778695200","2258.32","2268.49","2258.32","2259.68","0.0"
"ETHUSDT","2026-05","1778698800","2259.67","2260.71","2250.56","2256.53","0.0"
"ETHUSDT","2026-05","1778702400","2256.53","2264.46","2256.43","2263.75","0.0"
"ETHUSDT","2026-05","1778706000","2263.76","2264.07","2253.7","2255.79","0.0"
"ETHUSDT","2026-05","1778709600","2255.8","2260.55","2251.0","2259.6","0.0"
"ETHUSDT","2026-05","1778713200","2259.59","2261.79","2254.83","2258.65","0.0"
"ETHUSDT","2026-05","1778716800","2258.66","2269.37","2258.14","2266.58","0.0"
"ETHUSDT","2026-05","1778720400","2266.58","2269.37","2259.9","2264.91","0.0"
"ETHUSDT","2026-05","1778724000","2264.9","2266.75","2247.71","2251.53","0.0"
"ETHUSDT","2026-05","1778727600","2251.54","2255.0","2238.64","2242.14","0.0"
"ETHUSDT","2026-05","1778731200","2242.14","2258.25","2239.54","2256.7","0.0"
"ETHUSDT","2026-05","1778734800","2256.69","2273.71","2255.53","2268.44","0.0"
"ETHUSDT","2026-05","1778738400","2268.44","2275.2","2266.86","2267.71","0.0"
"ETHUSDT","2026-05","1778742000","2267.72","2270.79","2263.88","2265.48","0.0"
"ETHUSDT","2026-05","1778745600","2265.49","2270.99","2262.05","2266.36","0.0"
"ETHUSDT","2026-05","1778749200","2266.35","2267.72","2252.76","2257.8","0.0"
"ETHUSDT","2026-05","1778752800","2257.8","2265.51","2255.84","2262.14","0.0"
"ETHUSDT","2026-05","1778756400","2262.13","2264.0","2252.53","2253.81","0.0"
"ETHUSDT","2026-05","1778760000","2253.81","2263.24","2248.0","2261.48","0.0"
"ETHUSDT","2026-05","1778763600","2261.48","2265.32","2248.43","2249.42","0.0"
"ETHUSDT","2026-05","1778767200","2249.42","2289.0","2246.13","2286.99","0.0"
"ETHUSDT","2026-05","1778770800","2287.0","2299.7","2280.63","2298.48","0.0"
"ETHUSDT","2026-05","1778774400","2298.48","2318.66","2293.96","2316.36","0.0"
"ETHUSDT","2026-05","1778778000","2316.35","2319.33","2296.57","2308.18","0.0"
"ETHUSDT","2026-05","1778781600","2308.17","2316.78","2303.0","2309.63","0.0"
"ETHUSDT","2026-05","1778785200","2309.64","2312.22","2297.5","2298.34","0.0"
"ETHUSDT","2026-05","1778788800","2298.34","2301.43","2288.7","2298.08","0.0"
"ETHUSDT","2026-05","1778792400","2298.08","2300.27","2290.0","2297.19","0.0"
"ETHUSDT","2026-05","1778796000","2297.2","2301.67","2295.2","2298.16","0.0"
"ETHUSDT","2026-05","1778799600","2298.16","2298.16","2280.18","2283.25","0.0"
"ETHUSDT","2026-05","1778803200","2283.26","2300.29","2281.78","2291.39","0.0"
"ETHUSDT","2026-05","1778806800","2291.39","2294.74","2274.06","2275.45","0.0"
"ETHUSDT","2026-05","1778810400","2275.46","2279.26","2260.45","2276.37","0.0"
"ETHUSDT","2026-05","1778814000","2276.37","2279.64","2267.98","2273.34","0.0"
"ETHUSDT","2026-05","1778817600","2273.35","2273.91","2262.74","2263.33","0.0"
"ETHUSDT","2026-05","1778821200","2263.33","2267.0","2237.95","2245.41","0.0"
"ETHUSDT","2026-05","1778824800","2245.4","2256.92","2243.8","2255.35","0.0"
"ETHUSDT","2026-05","1778828400","2255.36","2271.64","2253.63","2265.11","0.0"
"ETHUSDT","2026-05","1778832000","2265.11","2265.42","2250.0","2257.56","0.0"
"ETHUSDT","2026-05","1778835600","2257.56","2260.0","2250.82","2254.5","0.0"
"ETHUSDT","2026-05","1778839200","2254.5","2264.49","2252.35","2262.44","0.0"
"ETHUSDT","2026-05","1778842800","2262.44","2263.95","2257.26","2257.57","0.0"
"ETHUSDT","2026-05","1778846400","2257.56","2260.72","2251.14","2254.29","0.0"
"ETHUSDT","2026-05","1778850000","2254.29","2254.29","2210.31","2213.68","0.0"
"ETHUSDT","2026-05","1778853600","2213.69","2223.79","2205.11","2213.35","0.0"
"ETHUSDT","2026-05","1778857200","2213.35","2223.96","2209.79","2222.85","0.0"
"ETHUSDT","2026-05","1778860800","2222.86","2231.11","2218.9","2224.59","0.0"
"ETHUSDT","2026-05","1778864400","2224.59","2232.88","2224.26","2229.47","0.0"
"ETHUSDT","2026-05","1778868000","2229.47","2232.86","2224.97","2228.36","0.0"
"ETHUSDT","2026-05","1778871600","2228.35","2228.42","2222.27","2223.35","0.0"
"ETHUSDT","2026-05","1778875200","2223.35","2226.13","2216.99","2220.14","0.0"
"ETHUSDT","2026-05","1778878800","2220.13","2225.08","2215.0","2216.99","0.0"
"ETHUSDT","2026-05","1778882400","2217.0","2225.01","2216.99","2224.18","0.0"
"ETHUSDT","2026-05","1778886000","2224.18","2226.29","2222.88","2224.66","0.0"
"ETHUSDT","2026-05","1778889600","2224.65","2231.51","2223.81","2227.0","0.0"
"ETHUSDT","2026-05","1778893200","2226.99","2230.85","2223.53","2229.62","0.0"
"ETHUSDT","2026-05","1778896800","2229.62","2231.5","2227.0","2229.91","0.0"
"ETHUSDT","2026-05","1778900400","2229.91","2230.64","2227.11","2228.01","0.0"
"ETHUSDT","2026-05","1778904000","2228.0","2228.96","2218.35","2225.98","0.0"
"ETHUSDT","2026-05","1778907600","2225.99","2227.13","2222.69","2225.37","0.0"
"ETHUSDT","2026-05","1778911200","2225.38","2226.89","2209.7","2215.45","0.0"
"ETHUSDT","2026-05","1778914800","2215.46","2215.81","2182.0","2194.81","0.0"
"ETHUSDT","2026-05","1778918400","2194.81","2196.87","2192.01","2193.26","0.0"
"ETHUSDT","2026-05","1778922000","2193.26","2193.85","2162.6","2173.57","0.0"
"ETHUSDT","2026-05","1778925600","2173.57","2175.0","2162.55","2173.85","0.0"
"ETHUSDT","2026-05","1778929200","2173.85","2181.0","2173.85","2176.1","0.0"
"ETHUSDT","2026-05","1778932800","2176.11","2179.26","2173.18","2176.5","0.0"
"ETHUSDT","2026-05","1778936400","2176.5","2180.0","2172.3","2177.12","0.0"
"ETHUSDT","2026-05","1778940000","2177.12","2188.16","2173.51","2179.93","0.0"
"ETHUSDT","2026-05","1778943600","2179.92","2183.79","2176.9","2180.0","0.0"
"ETHUSDT","2026-05","1778947200","2180.0","2183.52","2170.5","2174.11","0.0"
"ETHUSDT","2026-05","1778950800","2174.11","2180.79","2174.11","2178.91","0.0"
"ETHUSDT","2026-05","1778954400","2178.91","2185.22","2176.36","2181.35","0.0"
"ETHUSDT","2026-05","1778958000","2181.35","2182.77","2179.23","2179.57","0.0"
"ETHUSDT","2026-05","1778961600","2179.57","2182.9","2179.57","2181.45","0.0"
"ETHUSDT","2026-05","1778965200","2181.45","2183.54","2180.94","2182.39","0.0"
"ETHUSDT","2026-05","1778968800","2182.39","2183.28","2179.77","2180.47","0.0"
"ETHUSDT","2026-05","1778972400","2180.46","2183.03","2179.35","2180.77","0.0"
"ETHUSDT","2026-05","1778976000","2180.77","2185.6","2174.08","2177.59","0.0"
"ETHUSDT","2026-05","1778979600","2177.6","2183.6","2167.98","2169.18","0.0"
"ETHUSDT","2026-05","1778983200","2169.17","2176.25","2169.17","2174.5","0.0"
"ETHUSDT","2026-05","1778986800","2174.51","2184.5","2174.26","2181.7","0.0"
"ETHUSDT","2026-05","1778990400","2181.71","2190.37","2181.14","2187.61","0.0"
"ETHUSDT","2026-05","1778994000","2187.61","2195.0","2185.63","2185.91","0.0"
"ETHUSDT","2026-05","1778997600","2185.91","2188.0","2181.7","2185.02","0.0"
"ETHUSDT","2026-05","1779001200","2185.02","2188.49","2182.53","2186.64","0.0"
"ETHUSDT","2026-05","1779004800","2186.63","2187.06","2183.12","2185.95","0.0"
"ETHUSDT","2026-05","1779008400","2185.95","2191.38","2185.91","2190.23","0.0"
"ETHUSDT","2026-05","1779012000","2190.22","2198.14","2190.22","2194.28","0.0"
"ETHUSDT","2026-05","1779015600","2194.29","2194.72","2188.0","2192.0","0.0"
"ETHUSDT","2026-05","1779019200","2192.0","2198.04","2191.34","2194.3","0.0"
"ETHUSDT","2026-05","1779022800","2194.3","2194.93","2187.29","2192.12","0.0"
"ETHUSDT","2026-05","1779026400","2192.12","2192.39","2178.39","2186.64","0.0"
"ETHUSDT","2026-05","1779030000","2186.64","2188.84","2181.2","2186.51","0.0"
"ETHUSDT","2026-05","1779033600","2186.51","2189.12","2182.15","2182.51","0.0"
"ETHUSDT","2026-05","1779037200","2182.52","2184.95","2176.63","2183.67","0.0"
"ETHUSDT","2026-05","1779040800","2183.68","2188.5","2179.13","2188.49","0.0"
"ETHUSDT","2026-05","1779044400","2188.5","2193.62","2187.56","2192.53","0.0"
"ETHUSDT","2026-05","1779048000","2192.54","2193.68","2186.98","2189.55","0.0"
"ETHUSDT","2026-05","1779051600","2189.55","2194.82","2187.24","2191.81","0.0"
"ETHUSDT","2026-05","1779055200","2191.8","2191.8","2174.01","2179.69","0.0"
"ETHUSDT","2026-05","1779058800","2179.7","2179.7","2091.48","2131.0","0.0"
"ETHUSDT","2026-05","1779062400","2131.0","2132.0","2104.99","2115.46","0.0"
"ETHUSDT","2026-05","1779066000","2115.47","2121.33","2106.5","2117.54","0.0"
"ETHUSDT","2026-05","1779069600","2117.54","2124.0","2112.78","2116.64","0.0"
"ETHUSDT","2026-05","1779073200","2116.65","2123.91","2115.89","2118.44","0.0"
"ETHUSDT","2026-05","1779076800","2118.44","2125.5","2114.24","2124.85","0.0"
"ETHUSDT","2026-05","1779080400","2124.85","2125.83","2117.0","2118.25","0.0"
"ETHUSDT","2026-05","1779084000","2118.25","2121.0","2110.0","2119.03","0.0"
"ETHUSDT","2026-05","1779087600","2119.04","2123.99","2112.07","2120.82","0.0"
"ETHUSDT","2026-05","1779091200","2120.82","2124.05","2117.48","2121.57","0.0"
"ETHUSDT","2026-05","1779094800","2121.57","2121.93","2116.03","2116.88","0.0"
"ETHUSDT","2026-05","1779098400","2116.88","2117.59","2112.65","2114.55","0.0"
"ETHUSDT","2026-05","1779102000","2114.56","2139.75","2110.5","2133.9","0.0"
"ETHUSDT","2026-05","1779105600","2133.9","2157.24","2133.9","2151.01","0.0"
"ETHUSDT","2026-05","1779109200","2151.02","2151.41","2120.25","2130.91","0.0"
"ETHUSDT","2026-05","1779112800","2130.9","2130.9","2098.01","2110.32","0.0"
"ETHUSDT","2026-05","1779116400","2110.32","2111.3","2093.77","2107.48","0.0"
"ETHUSDT","2026-05","1779120000","2107.49","2111.19","2090.56","2097.71","0.0"
"ETHUSDT","2026-05","1779123600","2097.71","2110.19","2095.33","2108.21","0.0"
"ETHUSDT","2026-05","1779127200","2108.21","2109.12","2077.23","2081.32","0.0"
"ETHUSDT","2026-05","1779130800","2081.31","2128.49","2079.64","2125.07","0.0"
"ETHUSDT","2026-05","1779134400","2125.07","2131.03","2115.01","2117.61","0.0"
"ETHUSDT","2026-05","1779138000","2117.62","2142.67","2114.59","2137.38","0.0"
"ETHUSDT","2026-05","1779141600","2137.39","2142.57","2130.5","2135.74","0.0"
"ETHUSDT","2026-05","1779145200","2135.73","2139.17","2127.75","2130.08","0.0"
"ETHUSDT","2026-05","1779148800","2130.08","2146.95","2128.44","2135.88","0.0"
"ETHUSDT","2026-05","1779152400","2135.88","2138.4","2123.71","2124.92","0.0"
"ETHUSDT","2026-05","1779156000","2124.92","2135.67","2118.6","2123.31","0.0"
"ETHUSDT","2026-05","1779159600","2123.3","2134.61","2122.06","2131.3","0.0"
"ETHUSDT","2026-05","1779163200","2131.3","2136.65","2128.22","2133.88","0.0"
"ETHUSDT","2026-05","1779166800","2133.88","2137.74","2123.61","2135.21","0.0"
"ETHUSDT","2026-05","1779170400","2135.21","2140.31","2132.71","2137.52","0.0"
"ETHUSDT","2026-05","1779174000","2137.52","2145.0","2135.29","2140.97","0.0"
"ETHUSDT","2026-05","1779177600","2140.97","2141.4","2131.01","2133.72","0.0"
"ETHUSDT","2026-05","1779181200","2133.72","2134.5","2111.25","2114.49","0.0"
"ETHUSDT","2026-05","1779184800","2114.49","2121.96","2106.77","2118.36","0.0"
"ETHUSDT","2026-05","1779188400","2118.37","2120.24","2109.22","2110.85","0.0"
"ETHUSDT","2026-05","1779192000","2110.85","2119.35","2108.64","2118.49","0.0"
"ETHUSDT","2026-05","1779195600","2118.5","2127.53","2107.65","2119.03","0.0"
"ETHUSDT","2026-05","1779199200","2119.02","2123.6","2094.47","2106.55","0.0"
"ETHUSDT","2026-05","1779202800","2106.54","2113.42","2103.58","2110.19","0.0"
"ETHUSDT","2026-05","1779206400","2110.2","2122.45","2107.12","2121.12","0.0"
"ETHUSDT","2026-05","1779210000","2121.11","2125.07","2112.92","2115.75","0.0"
"ETHUSDT","2026-05","1779213600","2115.75","2119.62","2110.74","2115.28","0.0"
"ETHUSDT","2026-05","1779217200","2115.27","2123.16","2110.14","2113.15","0.0"
"ETHUSDT","2026-05","1779220800","2113.14","2118.82","2112.41","2118.39","0.0"
"ETHUSDT","2026-05","1779224400","2118.38","2120.59","2116.69","2116.97","0.0"
"ETHUSDT","2026-05","1779228000","2116.97","2116.97","2102.09","2106.4","0.0"
"ETHUSDT","2026-05","1779231600","2106.4","2118.68","2104.66","2111.93","0.0"
"ETHUSDT","2026-05","1779235200","2111.93","2115.95","2103.3","2111.29","0.0"
"ETHUSDT","2026-05","1779238800","2111.29","2119.24","2103.29","2115.28","0.0"
"ETHUSDT","2026-05","1779242400","2115.28","2117.14","2106.01","2109.43","0.0"
"ETHUSDT","2026-05","1779246000","2109.42","2116.3","2106.1","2111.6","0.0"
"ETHUSDT","2026-05","1779249600","2111.6","2114.78","2107.3","2113.2","0.0"
"ETHUSDT","2026-05","1779253200","2113.2","2130.38","2113.2","2125.63","0.0"
"ETHUSDT","2026-05","1779256800","2125.63","2134.41","2125.62","2133.75","0.0"
"ETHUSDT","2026-05","1779260400","2133.76","2136.5","2128.51","2129.74","0.0"
"ETHUSDT","2026-05","1779264000","2129.75","2138.0","2128.87","2131.91","0.0"
"ETHUSDT","2026-05","1779267600","2131.91","2133.0","2127.7","2129.36","0.0"
"ETHUSDT","2026-05","1779271200","2129.36","2137.02","2129.36","2130.82","0.0"
"ETHUSDT","2026-05","1779274800","2130.82","2132.24","2124.28","2128.3","0.0"
"ETHUSDT","2026-05","1779278400","2128.31","2140.0","2127.02","2134.01","0.0"
"ETHUSDT","2026-05","1779282000","2134.02","2135.73","2115.69","2120.61","0.0"
"ETHUSDT","2026-05","1779285600","2120.62","2139.63","2113.87","2135.25","0.0"
"ETHUSDT","2026-05","1779289200","2135.24","2149.0","2129.02","2136.75","0.0"
"ETHUSDT","2026-05","1779292800","2136.76","2140.51","2124.1","2135.46","0.0"
"ETHUSDT","2026-05","1779296400","2135.46","2148.77","2132.14","2140.5","0.0"
"ETHUSDT","2026-05","1779300000","2140.5","2140.95","2131.3","2132.1","0.0"
"ETHUSDT","2026-05","1779303600","2132.1","2141.45","2129.11","2139.12","0.0"
"ETHUSDT","2026-05","1779307200","2139.12","2140.76","2129.51","2135.93","0.0"
"ETHUSDT","2026-05","1779310800","2135.92","2138.59","2130.61","2130.62","0.0"
"ETHUSDT","2026-05","1779314400","2130.61","2130.61","2118.45","2128.32","0.0"
"ETHUSDT","2026-05","1779318000","2128.32","2130.37","2122.59","2129.44","0.0"
"ETHUSDT","2026-05","1779321600","2129.44","2145.32","2128.59","2142.92","0.0"
"ETHUSDT","2026-05","1779325200","2142.93","2157.5","2139.31","2141.07","0.0"
"ETHUSDT","2026-05","1779328800","2141.08","2148.04","2139.5","2141.5","0.0"
"ETHUSDT","2026-05","1779332400","2141.5","2146.85","2140.85","2145.76","0.0"
"ETHUSDT","2026-05","1779336000","2145.76","2148.75","2142.7","2145.0","0.0"
"ETHUSDT","2026-05","1779339600","2145.0","2148.19","2133.21","2136.3","0.0"
"ETHUSDT","2026-05","1779343200","2136.31","2138.61","2127.64","2128.57","0.0"
"ETHUSDT","2026-05","1779346800","2128.58","2137.0","2124.25","2135.06","0.0"
"ETHUSDT","2026-05","1779350400","2135.07","2148.33","2135.01","2138.26","0.0"
"ETHUSDT","2026-05","1779354000","2138.26","2140.94","2127.96","2127.98","0.0"
"ETHUSDT","2026-05","1779357600","2127.97","2130.09","2110.0","2114.19","0.0"
"ETHUSDT","2026-05","1779361200","2114.2","2119.94","2112.17","2115.27","0.0"
"ETHUSDT","2026-05","1779364800","2115.28","2119.91","2112.1","2117.22","0.0"
"ETHUSDT","2026-05","1779368400","2117.22","2124.09","2105.15","2120.46","0.0"
"ETHUSDT","2026-05","1779372000","2120.47","2125.59","2110.68","2121.96","0.0"
"ETHUSDT","2026-05","1779375600","2121.97","2138.05","2119.44","2132.65","0.0"
"ETHUSDT","2026-05","1779379200","2132.64","2136.66","2122.82","2127.79","0.0"
"ETHUSDT","2026-05","1779382800","2127.8","2153.75","2126.0","2146.6","0.0"
"ETHUSDT","2026-05","1779386400","2146.6","2148.0","2121.79","2126.87","0.0"
"ETHUSDT","2026-05","1779390000","2126.87","2145.78","2126.48","2142.83","0.0"
"ETHUSDT","2026-05","1779393600","2142.84","2143.46","2137.13","2138.62","0.0"
"ETHUSDT","2026-05","1779397200","2138.63","2141.0","2134.21","2135.42","0.0"
"ETHUSDT","2026-05","1779400800","2135.43","2136.87","2131.03","2131.85","0.0"
"ETHUSDT","2026-05","1779404400","2131.84","2136.77","2127.27","2133.76","0.0"
"ETHUSDT","2026-05","1779408000","2133.77","2134.99","2129.28","2129.33","0.0"
"ETHUSDT","2026-05","1779411600","2129.32","2137.0","2125.68","2135.88","0.0"
"ETHUSDT","2026-05","1779415200","2135.89","2140.01","2134.47","2137.98","0.0"
"ETHUSDT","2026-05","1779418800","2137.97","2141.39","2135.29","2137.88","0.0"
"ETHUSDT","2026-05","1779422400","2137.89","2141.34","2132.56","2134.0","0.0"
"ETHUSDT","2026-05","1779426000","2134.01","2135.95","2127.39","2129.21","0.0"
"ETHUSDT","2026-05","1779429600","2129.21","2130.86","2123.95","2125.68","0.0"
"ETHUSDT","2026-05","1779433200","2125.68","2132.73","2122.22","2128.7","0.0"
"ETHUSDT","2026-05","1779436800","2128.7","2133.34","2119.94","2122.3","0.0"
"ETHUSDT","2026-05","1779440400","2122.29","2125.24","2119.18","2123.98","0.0"
"ETHUSDT","2026-05","1779444000","2123.97","2125.4","2120.81","2123.0","0.0"
"ETHUSDT","2026-05","1779447600","2123.0","2131.01","2120.1","2130.78","0.0"
"ETHUSDT","2026-05","1779451200","2130.78","2138.0","2129.31","2134.99","0.0"
"ETHUSDT","2026-05","1779454800","2135.0","2135.75","2124.01","2130.23","0.0"
"ETHUSDT","2026-05","1779458400","2130.23","2130.23","2112.58","2116.94","0.0"
"ETHUSDT","2026-05","1779462000","2116.94","2125.49","2112.47","2119.48","0.0"
"ETHUSDT","2026-05","1779465600","2119.49","2124.0","2118.11","2122.78","0.0"
"ETHUSDT","2026-05","1779469200","2122.78","2130.0","2119.43","2119.6","0.0"
"ETHUSDT","2026-05","1779472800","2119.61","2121.57","2084.51","2099.99","0.0"
"ETHUSDT","2026-05","1779476400","2099.99","2103.1","2058.0","2065.54","0.0"
"ETHUSDT","2026-05","1779480000","2065.54","2078.85","2064.31","2073.4","0.0"
"ETHUSDT","2026-05","1779483600","2073.4","2079.59","2071.52","2078.18","0.0"
"ETHUSDT","2026-05","1779487200","2078.17","2079.58","2066.55","2072.71","0.0"
"ETHUSDT","2026-05","1779490800","2072.72","2077.24","2057.79","2065.85","0.0"
"ETHUSDT","2026-05","1779494400","2065.86","2070.61","2053.0","2064.63","0.0"
"ETHUSDT","2026-05","1779498000","2064.63","2069.92","2062.67","2068.93","0.0"
"ETHUSDT","2026-05","1779501600","2068.93","2070.37","2064.9","2068.52","0.0"
"ETHUSDT","2026-05","1779505200","2068.52","2072.0","2068.21","2070.78","0.0"
"ETHUSDT","2026-05","1779508800","2070.78","2071.19","2065.55","2067.3","0.0"
"ETHUSDT","2026-05","1779512400","2067.29","2068.0","2061.9","2064.85","0.0"
"ETHUSDT","2026-05","1779516000","2064.85","2065.81","2060.71","2061.69","0.0"
"ETHUSDT","2026-05","1779519600","2061.7","2063.06","2009.3","2028.59","0.0"
"ETHUSDT","2026-05","1779523200","2028.58","2032.1","2021.07","2030.32","0.0"
"ETHUSDT","2026-05","1779526800","2030.32","2031.0","2027.1","2027.29","0.0"
"ETHUSDT","2026-05","1779530400","2027.29","2033.79","2027.11","2031.57","0.0"
"ETHUSDT","2026-05","1779534000","2031.56","2036.01","2030.84","2031.48","0.0"
"ETHUSDT","2026-05","1779537600","2031.48","2032.07","2027.35","2031.07","0.0"
"ETHUSDT","2026-05","1779541200","2031.08","2046.1","2031.07","2044.89","0.0"
"ETHUSDT","2026-05","1779544800","2044.88","2065.32","2041.12","2061.64","0.0"
"ETHUSDT","2026-05","1779548400","2061.64","2068.68","2055.67","2060.27","0.0"
"ETHUSDT","2026-05","1779552000","2060.27","2065.0","2057.25","2061.65","0.0"
"ETHUSDT","2026-05","1779555600","2061.66","2065.87","2059.28","2063.98","0.0"
"ETHUSDT","2026-05","1779559200","2063.98","2083.64","2063.74","2074.27","0.0"
"ETHUSDT","2026-05","1779562800","2074.27","2081.0","2069.86","2077.33","0.0"
"ETHUSDT","2026-05","1779566400","2077.34","2147.0","2074.84","2146.3","0.0"
"ETHUSDT","2026-05","1779570000","2146.3","2149.95","2106.27","2116.84","0.0"
"ETHUSDT","2026-05","1779573600","2116.84","2120.28","2102.65","2116.83","0.0"
"ETHUSDT","2026-05","1779577200","2116.84","2121.84","2114.42","2117.68","0.0"
"ETHUSDT","2026-05","1779580800","2117.69","2121.5","2113.1","2119.45","0.0"
"ETHUSDT","2026-05","1779584400","2119.45","2125.51","2118.31","2122.56","0.0"
"ETHUSDT","2026-05","1779588000","2122.56","2125.45","2118.3","2122.53","0.0"
"ETHUSDT","2026-05","1779591600","2122.54","2127.28","2116.74","2119.04","0.0"
"ETHUSDT","2026-05","1779595200","2119.05","2123.86","2119.05","2120.21","0.0"
"ETHUSDT","2026-05","1779598800","2120.22","2121.39","2113.65","2119.98","0.0"
"ETHUSDT","2026-05","1779602400","2119.98","2129.93","2117.6","2128.13","0.0"
"ETHUSDT","2026-05","1779606000","2128.13","2129.79","2119.49","2121.01","0.0"
"ETHUSDT","2026-05","1779609600","2121.02","2123.23","2119.25","2120.32","0.0"
"ETHUSDT","2026-05","1779613200","2120.33","2124.37","2119.05","2123.41","0.0"
"ETHUSDT","2026-05","1779616800","2123.42","2132.14","2119.38","2122.35","0.0"
"ETHUSDT","2026-05","1779620400","2122.34","2127.82","2122.23","2126.18","0.0"
"ETHUSDT","2026-05","1779624000","2126.19","2126.58","2117.32","2119.97","0.0"
"ETHUSDT","2026-05","1779627600","2119.97","2121.05","2105.79","2110.14","0.0"
"ETHUSDT","2026-05","1779631200","2110.14","2112.52","2079.52","2097.98","0.0"
"ETHUSDT","2026-05","1779634800","2097.98","2100.0","2094.14","2095.84","0.0"
"ETHUSDT","2026-05","1779638400","2095.83","2109.0","2095.22","2103.62","0.0"
"ETHUSDT","2026-05","1779642000","2103.61","2106.68","2101.4","2102.88","0.0"
"ETHUSDT","2026-05","1779645600","2102.89","2104.78","2097.8","2099.97","0.0"
"ETHUSDT","2026-05","1779649200","2099.97","2102.58","2096.34","2100.87","0.0"
"ETHUSDT","2026-05","1779652800","2100.87","2102.11","2091.51","2093.15","0.0"
"ETHUSDT","2026-05","1779656400","2093.15","2098.63","2063.0","2070.59","0.0"
"ETHUSDT","2026-05","1779660000","2070.59","2099.49","2070.56","2092.37","0.0"
"ETHUSDT","2026-05","1779663600","2092.38","2107.0","2091.67","2099.85","0.0"
"ETHUSDT","2026-05","1779667200","2099.86","2109.4","2099.7","2104.95","0.0"
"ETHUSDT","2026-05","1779670800","2104.96","2107.99","2093.22","2094.13","0.0"
"ETHUSDT","2026-05","1779674400","2094.13","2113.25","2094.13","2098.35","0.0"
"ETHUSDT","2026-05","1779678000","2098.35","2100.0","2092.57","2095.58","0.0"
"ETHUSDT","2026-05","1779681600","2095.59","2108.14","2092.26","2105.83","0.0"
"ETHUSDT","2026-05","1779685200","2105.83","2111.7","2104.39","2108.22","0.0"
"ETHUSDT","2026-05","1779688800","2108.21","2111.42","2099.27","2108.99","0.0"
"ETHUSDT","2026-05","1779692400","2109.0","2117.55","2106.5","2116.28","0.0"
"ETHUSDT","2026-05","1779696000","2116.29","2117.79","2111.7","2116.82","0.0"
"ETHUSDT","2026-05","1779699600","2116.83","2124.1","2116.17","2117.02","0.0"
"ETHUSDT","2026-05","1779703200","2117.03","2121.23","2114.86","2117.03","0.0"
"ETHUSDT","2026-05","1779706800","2117.02","2120.3","2114.26","2114.95","0.0"
"ETHUSDT","2026-05","1779710400","2114.95","2119.61","2112.25","2117.34","0.0"
"ETHUSDT","2026-05","1779714000","2117.35","2120.0","2114.27","2116.28","0.0"
"ETHUSDT","2026-05","1779717600","2116.28","2130.24","2115.77","2128.34","0.0"
"ETHUSDT","2026-05","1779721200","2128.35","2138.28","2122.9","2127.12","0.0"
"ETHUSDT","2026-05","1779724800","2127.13","2141.98","2125.14","2136.4","0.0"
"ETHUSDT","2026-05","1779728400","2136.4","2140.52","2128.24","2128.55","0.0"
"ETHUSDT","2026-05","1779732000","2128.54","2133.81","2126.64","2126.85","0.0"
"ETHUSDT","2026-05","1779735600","2126.86","2126.86","2116.55","2121.43","0.0"
"ETHUSDT","2026-05","1779739200","2121.42","2123.16","2107.38","2108.64","0.0"
"ETHUSDT","2026-05","1779742800","2108.64","2113.04","2108.0","2110.9","0.0"
"ETHUSDT","2026-05","1779746400","2110.9","2115.68","2102.35","2103.61","0.0"
"ETHUSDT","2026-05","1779750000","2103.6","2113.85","2102.62","2113.01","0.0"
"ETHUSDT","2026-05","1779753600","2113.01","2113.89","2084.83","2097.75","0.0"
"ETHUSDT","2026-05","1779757200","2097.74","2100.5","2088.03","2094.35","0.0"
"ETHUSDT","2026-05","1779760800","2094.36","2095.8","2084.79","2088.83","0.0"
"ETHUSDT","2026-05","1779764400","2088.83","2093.84","2084.52","2093.12","0.0"
"ETHUSDT","2026-05","1779768000","2093.11","2096.45","2088.82","2093.67","0.0"
"ETHUSDT","2026-05","1779771600","2093.68","2103.65","2092.05","2100.91","0.0"
"ETHUSDT","2026-05","1779775200","2100.9","2104.65","2094.78","2101.73","0.0"
"ETHUSDT","2026-05","1779778800","2101.73","2102.63","2090.65","2095.61","0.0"
"ETHUSDT","2026-05","1779782400","2095.61","2100.14","2095.13","2097.25","0.0"
"ETHUSDT","2026-05","1779786000","2097.26","2099.62","2094.1","2096.81","0.0"
"ETHUSDT","2026-05","1779789600","2096.8","2137.29","2094.23","2127.56","0.0"
"ETHUSDT","2026-05","1779793200","2127.57","2130.6","2118.6","2121.01","0.0"
"ETHUSDT","2026-05","1779796800","2121.0","2126.93","2111.01","2126.2","0.0"
"ETHUSDT","2026-05","1779800400","2126.2","2131.5","2109.62","2125.3","0.0"
"ETHUSDT","2026-05","1779804000","2125.3","2140.49","2105.85","2109.29","0.0"
"ETHUSDT","2026-05","1779807600","2109.3","2112.2","2078.75","2087.36","0.0"
"ETHUSDT","2026-05","1779811200","2087.36","2089.97","2073.48","2079.56","0.0"
"ETHUSDT","2026-05","1779814800","2079.56","2083.84","2055.06","2070.84","0.0"
"ETHUSDT","2026-05","1779818400","2070.84","2081.21","2066.8","2068.59","0.0"
"ETHUSDT","2026-05","1779822000","2068.6","2076.85","2065.72","2074.29","0.0"
"ETHUSDT","2026-05","1779825600","2074.3","2078.51","2073.9","2078.35","0.0"
"ETHUSDT","2026-05","1779829200","2078.35","2078.78","2069.45","2072.85","0.0"
"ETHUSDT","2026-05","1779832800","2072.85","2076.52","2065.98","2068.79","0.0"
"ETHUSDT","2026-05","1779836400","2068.79","2076.85","2068.79","2073.77","0.0"
"ETHUSDT","2026-05","1779840000","2073.77","2084.23","2073.77","2083.36","0.0"
"ETHUSDT","2026-05","1779843600","2083.35","2083.93","2071.86","2074.53","0.0"
"ETHUSDT","2026-05","1779847200","2074.53","2076.26","2069.11","2076.26","0.0"
"ETHUSDT","2026-05","1779850800","2076.25","2080.0","2068.9","2070.0","0.0"
"ETHUSDT","2026-05","1779854400","2070.01","2073.08","2056.31","2072.21","0.0"
"ETHUSDT","2026-05","1779858000","2072.21","2079.2","2071.62","2077.37","0.0"
"ETHUSDT","2026-05","1779861600","2077.38","2081.46","2075.01","2079.62","0.0"
"ETHUSDT","2026-05","1779865200","2079.62","2084.16","2076.07","2083.78","0.0"
"ETHUSDT","2026-05","1779868800","2083.77","2096.71","2083.56","2085.05","0.0"
"ETHUSDT","2026-05","1779872400","2085.06","2087.78","2078.26","2083.36","0.0"
"ETHUSDT","2026-05","1779876000","2083.36","2087.9","2079.47","2079.5","0.0"
"ETHUSDT","2026-05","1779879600","2079.51","2085.29","2078.88","2080.55","0.0"
"ETHUSDT","2026-05","1779883200","2080.56","2097.4","2073.84","2078.76","0.0"
"ETHUSDT","2026-05","1779886800","2078.76","2080.64","2051.96","2064.53","0.0"
"ETHUSDT","2026-05","1779890400","2064.52","2071.86","2054.84","2062.62","0.0"
"ETHUSDT","2026-05","1779894000","2062.62","2079.73","2061.21","2071.38","0.0"
"ETHUSDT","2026-05","1779897600","2071.39","2074.5","2060.0","2070.15","0.0"
"ETHUSDT","2026-05","1779901200","2070.14","2070.3","2044.08","2052.28","0.0"
"ETHUSDT","2026-05","1779904800","2052.27","2056.92","2043.31","2056.71","0.0"
"ETHUSDT","2026-05","1779908400","2056.72","2061.16","2054.42","2057.47","0.0"
"ETHUSDT","2026-05","1779912000","2057.47","2066.14","2057.22","2063.29","0.0"
"ETHUSDT","2026-05","1779915600","2063.3","2063.3","2016.0","2021.04","0.0"
"ETHUSDT","2026-05","1779919200","2021.04","2035.0","2016.27","2025.34","0.0"
"ETHUSDT","2026-05","1779922800","2025.34","2030.19","2018.17","2024.84","0.0"
"ETHUSDT","2026-05","1779926400","2024.83","2029.2","2020.7","2028.23","0.0"
"ETHUSDT","2026-05","1779930000","2028.23","2029.2","2012.7","2020.32","0.0"
"ETHUSDT","2026-05","1779933600","2020.32","2021.99","2014.77","2017.75","0.0"
"ETHUSDT","2026-05","1779937200","2017.75","2020.96","1972.0","1981.55","0.0"
"ETHUSDT","2026-05","1779940800","1981.55","1986.39","1967.0","1982.33","0.0"
"ETHUSDT","2026-05","1779944400","1982.33","1983.55","1975.66","1978.52","0.0"
"ETHUSDT","2026-05","1779948000","1978.52","1984.83","1972.5","1984.07","0.0"
"ETHUSDT","2026-05","1779951600","1984.07","1996.78","1982.41","1995.56","0.0"
"ETHUSDT","2026-05","1779955200","1995.56","1996.23","1985.0","1988.26","0.0"
"ETHUSDT","2026-05","1779958800","1988.27","1995.51","1984.85","1994.04","0.0"
"ETHUSDT","2026-05","1779962400","1994.04","1998.4","1988.71","1990.32","0.0"
"ETHUSDT","2026-05","1779966000","1990.32","1992.72","1986.53","1989.89","0.0"
"ETHUSDT","2026-05","1779969600","1989.88","1994.58","1981.57","1991.89","0.0"
"ETHUSDT","2026-05","1779973200","1991.88","1995.0","1975.35","1981.55","0.0"
"ETHUSDT","2026-05","1779976800","1981.55","2002.5","1967.38","1993.62","0.0"
"ETHUSDT","2026-05","1779980400","1993.61","1999.4","1983.84","1990.65","0.0"
"ETHUSDT","2026-05","1779984000","1990.65","2015.0","1985.22","2013.19","0.0"
"ETHUSDT","2026-05","1779987600","2013.18","2027.14","2009.26","2019.51","0.0"
"ETHUSDT","2026-05","1779991200","2019.51","2030.0","2018.24","2025.0","0.0"
"ETHUSDT","2026-05","1779994800","2025.0","2025.01","2014.04","2014.55","0.0"
"ETHUSDT","2026-05","1779998400","2014.54","2020.03","2006.44","2014.11","0.0"
"ETHUSDT","2026-05","1780002000","2014.12","2024.63","2013.42","2020.17","0.0"
"ETHUSDT","2026-05","1780005600","2020.17","2022.9","2005.43","2005.6","0.0"
"ETHUSDT","2026-05","1780009200","2005.6","2011.96","2005.6","2009.9","0.0"
"ETHUSDT","2026-05","1780012800","2009.89","2017.17","2009.89","2012.46","0.0"
"ETHUSDT","2026-05","1780016400","2012.45","2016.47","2005.9","2008.23","0.0"
"ETHUSDT","2026-05","1780020000","2008.23","2010.62","1997.24","1999.22","0.0"
"ETHUSDT","2026-05","1780023600","1999.23","2007.86","1999.23","2002.78","0.0"
"ETHUSDT","2026-05","1780027200","2002.79","2008.51","1998.4","2008.51","0.0"
"ETHUSDT","2026-05","1780030800","2008.51","2015.3","2008.0","2014.56","0.0"
"ETHUSDT","2026-05","1780034400","2014.56","2021.51","2012.17","2018.09","0.0"
"ETHUSDT","2026-05","1780038000","2018.09","2019.81","2003.46","2007.62","0.0"
"ETHUSDT","2026-05","1780041600","2007.61","2013.91","2005.45","2006.11","0.0"
"ETHUSDT","2026-05","1780045200","2006.11","2016.11","2006.11","2014.85","0.0"
"ETHUSDT","2026-05","1780048800","2014.84","2014.85","2009.77","2011.1","0.0"
"ETHUSDT","2026-05","1780052400","2011.11","2014.29","2002.35","2007.58","0.0"
"ETHUSDT","2026-05","1780056000","2007.58","2007.58","1995.1","1999.78","0.0"
"ETHUSDT","2026-05","1780059600","1999.78","2006.16","1988.14","1999.53","0.0"
"ETHUSDT","2026-05","1780063200","1999.53","2004.31","1976.48","2001.84","0.0"
"ETHUSDT","2026-05","1780066800","2001.85","2046.59","1999.45","2031.62","0.0"
"ETHUSDT","2026-05","1780070400","2031.62","2043.0","2022.24","2040.45","0.0"
"ETHUSDT","2026-05","1780074000","2040.46","2044.29","2026.21","2028.27","0.0"
"ETHUSDT","2026-05","1780077600","2028.28","2031.64","2006.21","2011.41","0.0"
"ETHUSDT","2026-05","1780081200","2011.41","2022.2","2005.0","2016.96","0.0"
"ETHUSDT","2026-05","1780084800","2016.96","2023.84","2015.0","2018.17","0.0"
"ETHUSDT","2026-05","1780088400","2018.17","2023.99","2008.23","2009.4","0.0"
"ETHUSDT","2026-05","1780092000","2009.41","2017.24","2007.78","2013.83","0.0"
"ETHUSDT","2026-05","1780095600","2013.83","2015.6","2007.0","2014.54","0.0"
"ETHUSDT","2026-05","1780099200","2014.54","2016.18","2010.69","2014.74","0.0"
"ETHUSDT","2026-05","1780102800","2014.75","2021.55","2013.67","2019.46","0.0"
"ETHUSDT","2026-05","1780106400","2019.46","2021.34","2017.12","2021.34","0.0"
"ETHUSDT","2026-05","1780110000","2021.34","2023.55","2014.74","2016.83","0.0"
"ETHUSDT","2026-05","1780113600","2016.83","2018.44","2002.0","2010.8","0.0"
"ETHUSDT","2026-05","1780117200","2010.81","2019.5","2008.02","2015.95","0.0"
"ETHUSDT","2026-05","1780120800","2015.95","2020.56","2012.86","2016.98","0.0"
"ETHUSDT","2026-05","1780124400","2016.99","2017.88","2013.62","2016.32","0.0"
"ETHUSDT","2026-05","1780128000","2016.32","2016.32","2013.92","2014.16","0.0"
"ETHUSDT","2026-05","1780131600","2014.16","2017.27","2013.92","2016.79","0.0"
"ETHUSDT","2026-05","1780135200","2016.79","2022.0","2016.34","2017.98","0.0"
"ETHUSDT","2026-05","1780138800","2017.99","2019.05","2015.19","2017.4","0.0"
"ETHUSDT","2026-05","1780142400","2017.4","2020.35","2017.14","2019.86","0.0"
"ETHUSDT","2026-05","1780146000","2019.85","2022.77","2017.44","2020.73","0.0"
"ETHUSDT","2026-05","1780149600","2020.73","2030.62","2020.61","2026.6","0.0"
"ETHUSDT","2026-05","1780153200","2026.59","2032.0","2024.2","2026.61","0.0"
"ETHUSDT","2026-05","1780156800","2026.63","2028.33","2024.35","2027.09","0.0"
"ETHUSDT","2026-05","1780160400","2027.09","2029.01","2019.5","2027.17","0.0"
"ETHUSDT","2026-05","1780164000","2027.17","2030.01","2024.56","2027.59","0.0"
"ETHUSDT","2026-05","1780167600","2027.59","2029.12","2024.54","2028.76","0.0"
"ETHUSDT","2026-05","1780171200","2028.77","2029.68","2025.7","2027.05","0.0"
"ETHUSDT","2026-05","1780174800","2027.05","2031.41","2027.05","2028.15","0.0"
"ETHUSDT","2026-05","1780178400","2028.15","2028.15","2020.94","2023.57","0.0"
"ETHUSDT","2026-05","1780182000","2023.56","2026.1","2020.35","2022.44","0.0"
"ETHUSDT","2026-05","1780185600","2022.44","2027.83","2020.83","2027.12","0.0"
"ETHUSDT","2026-05","1780189200","2027.11","2034.23","2026.85","2029.11","0.0"
"ETHUSDT","2026-05","1780192800","2029.11","2038.0","2027.81","2034.36","0.0"
"ETHUSDT","2026-05","1780196400","2034.35","2036.88","2032.12","2033.41","0.0"
"ETHUSDT","2026-05","1780200000","2033.41","2034.99","2031.27","2033.91","0.0"
"ETHUSDT","2026-05","1780203600","2033.9","2033.9","2029.29","2030.18","0.0"
"ETHUSDT","2026-05","1780207200","2030.18","2030.93","2028.52","2029.87","0.0"
"ETHUSDT","2026-05","1780210800","2029.87","2029.87","2022.78","2024.01","0.0"
"ETHUSDT","2026-05","1780214400","2024.02","2029.11","2022.85","2027.63","0.0"
"ETHUSDT","2026-05","1780218000","2027.64","2028.6","2018.35","2021.13","0.0"
"ETHUSDT","2026-05","1780221600","2021.13","2021.65","2015.34","2021.05","0.0"
"ETHUSDT","2026-05","1780225200","2021.05","2024.12","2021.04","2023.27","0.0"
"ETHUSDT","2026-05","1780228800","2023.28","2025.16","2019.69","2022.35","0.0"
"ETHUSDT","2026-05","1780232400","2022.35","2026.5","2019.78","2020.5","0.0"
"ETHUSDT","2026-05","1780236000","2020.5","2021.69","2005.83","2008.06","0.0"
"ETHUSDT","2026-05","1780239600","2008.06","2015.22","2007.57","2010.52","0.0"
"ETHUSDT","2026-05","1780243200","2010.52","2012.42","1997.72","2002.09","0.0"
"ETHUSDT","2026-05","1780246800","2002.09","2007.69","1996.21","2006.0","0.0"
"ETHUSDT","2026-05","1780250400","2006.0","2006.07","1999.0","2000.68","0.0"
"ETHUSDT","2026-05","1780254000","2000.69","2002.49","1993.75","1999.59","0.0"
"ETHUSDT","2026-05","1780257600","1999.58","2008.25","1999.58","2007.09","0.0"
"ETHUSDT","2026-05","1780261200","2007.09","2014.28","2005.0","2012.18","0.0"
"ETHUSDT","2026-05","1780264800","2012.18","2014.42","2004.47","2012.43","0.0"
"ETHUSDT","2026-05","1780268400","2012.43","2023.0","2000.11","2007.01","0.0"
"ETHUSDT","2026-06","1780272000","2007.02","2021.5","1997.0","2015.44","0.0"
"ETHUSDT","2026-06","1780275600","2015.44","2016.73","1994.12","1994.7","0.0"
"ETHUSDT","2026-06","1780279200","1994.7","2017.89","1991.31","2011.47","0.0"
"ETHUSDT","2026-06","1780282800","2011.47","2018.09","2008.66","2009.09","0.0"
"ETHUSDT","2026-06","1780286400","2009.09","2011.97","1993.91","1999.99","0.0"
"ETHUSDT","2026-06","1780290000","1999.98","2001.27","1991.65","1994.55","0.0"
"ETHUSDT","2026-06","1780293600","1994.56","1995.34","1980.14","1988.07","0.0"
"ETHUSDT","2026-06","1780297200","1988.08","1990.62","1971.7","1976.43","0.0"
"ETHUSDT","2026-06","1780300800","1976.42","1985.07","1969.9","1983.96","0.0"
"ETHUSDT","2026-06","1780304400","1983.96","1990.11","1983.94","1987.53","0.0"
"ETHUSDT","2026-06","1780308000","1987.53","1988.92","1980.99","1984.49","0.0"
"ETHUSDT","2026-06","1780311600","1984.49","1986.89","1977.07","1981.44","0.0"
"ETHUSDT","2026-06","1780315200","1981.44","1994.39","1967.51","1989.55","0.0"
"ETHUSDT","2026-06","1780318800","1989.55","1990.29","1956.04","1971.22","0.0"
"ETHUSDT","2026-06","1780322400","1971.22","1977.34","1964.64","1968.63","0.0"
"ETHUSDT","2026-06","1780326000","1968.64","1980.24","1960.25","1968.45","0.0"
"ETHUSDT","2026-06","1780329600","1968.45","1978.97","1958.79","1978.15","0.0"
"ETHUSDT","2026-06","1780333200","1978.14","1996.73","1977.72","1990.62","0.0"
"ETHUSDT","2026-06","1780336800","1990.62","1996.0","1983.45","1992.72","0.0"
"ETHUSDT","2026-06","1780340400","1992.72","2008.83","1992.21","2004.53","0.0"
"ETHUSDT","2026-06","1780344000","2004.53","2008.7","2001.14","2005.57","0.0"
"ETHUSDT","2026-06","1780347600","2005.56","2009.2","1992.59","1994.57","0.0"
"ETHUSDT","2026-06","1780351200","1994.57","2006.0","1984.5","2004.43","0.0"
"ETHUSDT","2026-06","1780354800","2004.42","2008.38","1998.13","2006.73","0.0"
"ETHUSDT","2026-06","1780358400","2006.73","2006.78","1995.38","1996.44","0.0"
"ETHUSDT","2026-06","1780362000","1996.43","1999.0","1979.49","1980.15","0.0"
"ETHUSDT","2026-06","1780365600","1980.15","1997.08","1962.76","1997.07","0.0"
"ETHUSDT","2026-06","1780369200","1997.08","2005.0","1995.14","2003.94","0.0"
"ETHUSDT","2026-06","1780372800","2003.94","2006.44","1995.95","1996.85","0.0"
"ETHUSDT","2026-06","1780376400","1996.86","2001.23","1985.0","1985.01","0.0"
"ETHUSDT","2026-06","1780380000","1985.01","1988.88","1978.14","1982.38","0.0"
"ETHUSDT","2026-06","1780383600","1982.39","1990.0","1973.88","1981.88","0.0"
"ETHUSDT","2026-06","1780387200","1981.89","1989.0","1977.0","1979.21","0.0"
"ETHUSDT","2026-06","1780390800","1979.22","1979.78","1966.69","1975.28","0.0"
"ETHUSDT","2026-06","1780394400","1975.27","1983.88","1971.75","1983.49","0.0"
"ETHUSDT","2026-06","1780398000","1983.49","1983.72","1975.8","1978.53","0.0"
"ETHUSDT","2026-06","1780401600","1978.53","1982.75","1972.57","1976.27","0.0"
"ETHUSDT","2026-06","1780405200","1976.28","1981.79","1970.5","1974.33","0.0"
"ETHUSDT","2026-06","1780408800","1974.34","1975.22","1925.8","1941.36","0.0"
"ETHUSDT","2026-06","1780412400","1941.35","1941.59","1890.0","1914.81","0.0"
"ETHUSDT","2026-06","1780416000","1914.81","1943.87","1909.57","1920.59","0.0"
"ETHUSDT","2026-06","1780419600","1920.59","1931.53","1919.59","1924.18","0.0"
"ETHUSDT","2026-06","1780423200","1924.18","1928.0","1903.38","1913.11","0.0"
"ETHUSDT","2026-06","1780426800","1913.11","1917.8","1881.01","1912.28","0.0"
"ETHUSDT","2026-06","1780430400","1912.28","1919.01","1895.53","1906.74","0.0"
"ETHUSDT","2026-06","1780434000","1906.75","1911.45","1897.23","1900.34","0.0"
"ETHUSDT","2026-06","1780437600","1900.35","1909.59","1862.23","1868.77","0.0"
"ETHUSDT","2026-06","1780441200","1868.78","1873.37","1839.02","1859.84","0.0"
"ETHUSDT","2026-06","1780444800","1859.84","1874.11","1854.62","1867.35","0.0"
"ETHUSDT","2026-06","1780448400","1867.35","1870.01","1850.0","1864.51","0.0"
"ETHUSDT","2026-06","1780452000","1864.52","1864.94","1851.2","1854.09","0.0"
"ETHUSDT","2026-06","1780455600","1854.09","1856.71","1816.92","1828.24","0.0"
"ETHUSDT","2026-06","1780459200","1828.24","1852.0","1827.65","1850.84","0.0"
"ETHUSDT","2026-06","1780462800","1850.84","1876.12","1849.99","1873.45","0.0"
"ETHUSDT","2026-06","1780466400","1873.44","1884.41","1870.28","1871.87","0.0"
"ETHUSDT","2026-06","1780470000","1871.87","1880.38","1867.97","1878.39","0.0"
"ETHUSDT","2026-06","1780473600","1878.39","1883.43","1873.32","1880.02","0.0"
"ETHUSDT","2026-06","1780477200","1880.01","1886.58","1869.95","1876.28","0.0"
"ETHUSDT","2026-06","1780480800","1876.28","1893.07","1875.01","1884.79","0.0"
"ETHUSDT","2026-06","1780484400","1884.79","1888.29","1876.12","1878.16","0.0"
"ETHUSDT","2026-06","1780488000","1878.17","1880.0","1868.02","1876.4","0.0"
"ETHUSDT","2026-06","1780491600","1876.41","1879.68","1861.35","1867.64","0.0"
"ETHUSDT","2026-06","1780495200","1867.64","1868.72","1852.8","1858.51","0.0"
"ETHUSDT","2026-06","1780498800","1858.51","1859.75","1836.21","1837.21","0.0"
"ETHUSDT","2026-06","1780502400","1837.22","1844.08","1811.15","1832.68","0.0"
"ETHUSDT","2026-06","1780506000","1832.68","1839.53","1818.14","1828.11","0.0"
"ETHUSDT","2026-06","1780509600","1828.12","1834.41","1821.65","1832.25","0.0"
"ETHUSDT","2026-06","1780513200","1832.25","1833.64","1795.23","1803.41","0.0"
"ETHUSDT","2026-06","1780516800","1803.41","1813.11","1769.62","1781.44","0.0"
"ETHUSDT","2026-06","1780520400","1781.44","1850.29","1777.67","1850.1","0.0"
"ETHUSDT","2026-06","1780524000","1850.1","1852.2","1822.77","1829.0","0.0"
"ETHUSDT","2026-06","1780527600","1829.01","1830.93","1812.84","1813.05","0.0"
"ETHUSDT","2026-06","1780531200","1813.05","1820.5","1782.6","1793.85","0.0"
"ETHUSDT","2026-06","1780534800","1793.86","1801.06","1755.0","1759.77","0.0"
"ETHUSDT","2026-06","1780538400","1759.76","1778.93","1717.28","1766.82","0.0"
"ETHUSDT","2026-06","1780542000","1766.83","1812.52","1766.6","1809.24","0.0"
"ETHUSDT","2026-06","1780545600","1809.24","1818.0","1802.69","1805.49","0.0"
"ETHUSDT","2026-06","1780549200","1805.49","1805.49","1780.59","1784.06","0.0"
"ETHUSDT","2026-06","1780552800","1784.05","1802.06","1782.07","1789.95","0.0"
"ETHUSDT","2026-06","1780556400","1789.96","1790.72","1773.52","1777.45","0.0"
"ETHUSDT","2026-06","1780560000","1777.44","1783.27","1763.98","1773.63","0.0"
"ETHUSDT","2026-06","1780563600","1773.63","1774.14","1744.53","1766.52","0.0"
"ETHUSDT","2026-06","1780567200","1766.58","1767.22","1730.13","1736.86","0.0"
"ETHUSDT","2026-06","1780570800","1736.86","1754.67","1732.53","1751.51","0.0"
"ETHUSDT","2026-06","1780574400","1751.51","1782.91","1744.29","1778.16","0.0"
"ETHUSDT","2026-06","1780578000","1778.17","1790.0","1755.65","1785.52","0.0"
"ETHUSDT","2026-06","1780581600","1785.53","1794.43","1766.33","1774.38","0.0"
"ETHUSDT","2026-06","1780585200","1774.37","1791.29","1770.64","1777.02","0.0"
"ETHUSDT","2026-06","1780588800","1777.03","1781.25","1766.13","1772.2","0.0"
"ETHUSDT","2026-06","1780592400","1772.2","1776.03","1754.0","1768.05","0.0"
"ETHUSDT","2026-06","1780596000","1768.06","1783.64","1760.01","1776.28","0.0"
"ETHUSDT","2026-06","1780599600","1776.27","1787.11","1771.0","1776.94","0.0"
"ETHUSDT","2026-06","1780603200","1776.93","1777.52","1764.66","1774.88","0.0"
"ETHUSDT","2026-06","1780606800","1774.87","1783.02","1757.11","1761.2","0.0"
"ETHUSDT","2026-06","1780610400","1761.2","1770.26","1752.46","1768.73","0.0"
"ETHUSDT","2026-06","1780614000","1768.74","1777.02","1757.35","1770.77","0.0"
"ETHUSDT","2026-06","1780617600","1770.76","1774.99","1758.51","1759.42","0.0"
"ETHUSDT","2026-06","1780621200","1759.43","1764.07","1746.52","1753.33","0.0"
"ETHUSDT","2026-06","1780624800","1753.34","1754.9","1727.65","1730.24","0.0"
"ETHUSDT","2026-06","1780628400","1730.24","1739.5","1722.36","1729.71","0.0"
"ETHUSDT","2026-06","1780632000","1729.72","1746.05","1718.25","1744.64","0.0"
"ETHUSDT","2026-06","1780635600","1744.64","1747.8","1681.29","1684.16","0.0"
"ETHUSDT","2026-06","1780639200","1684.16","1689.5","1625.78","1656.52","0.0"
"ETHUSDT","2026-06","1780642800","1656.52","1680.0","1633.45","1679.21","0.0"
"ETHUSDT","2026-06","1780646400","1679.22","1679.64","1659.43","1663.87","0.0"
"ETHUSDT","2026-06","1780650000","1663.88","1690.07","1662.85","1682.72","0.0"
"ETHUSDT","2026-06","1780653600","1682.73","1685.03","1672.05","1676.87","0.0"
"ETHUSDT","2026-06","1780657200","1676.86","1681.8","1663.0","1663.44","0.0"
"ETHUSDT","2026-06","1780660800","1663.43","1671.47","1646.1","1657.28","0.0"
"ETHUSDT","2026-06","1780664400","1657.28","1677.7","1612.35","1615.04","0.0"
"ETHUSDT","2026-06","1780668000","1615.05","1624.56","1590.8","1600.96","0.0"
"ETHUSDT","2026-06","1780671600","1600.96","1604.6","1572.22","1583.29","0.0"
"ETHUSDT","2026-06","1780675200","1583.29","1612.44","1547.01","1608.49","0.0"
"ETHUSDT","2026-06","1780678800","1608.48","1612.89","1588.0","1594.28","0.0"
"ETHUSDT","2026-06","1780682400","1594.28","1598.66","1544.68","1553.26","0.0"
"ETHUSDT","2026-06","1780686000","1553.26","1580.3","1540.19","1574.06","0.0"
"ETHUSDT","2026-06","1780689600","1574.07","1608.5","1557.36","1603.38","0.0"
"ETHUSDT","2026-06","1780693200","1603.38","1619.3","1602.45","1609.8","0.0"
"ETHUSDT","2026-06","1780696800","1609.81","1610.25","1589.68","1597.14","0.0"
"ETHUSDT","2026-06","1780700400","1597.14","1603.89","1561.07","1583.4","0.0"
"ETHUSDT","2026-06","1780704000","1583.4","1601.22","1582.71","1593.03","0.0"
"ETHUSDT","2026-06","1780707600","1593.04","1596.77","1578.15","1583.16","0.0"
"ETHUSDT","2026-06","1780711200","1583.16","1585.84","1566.66","1576.2","0.0"
"ETHUSDT","2026-06","1780714800","1576.2","1576.73","1555.28","1563.34","0.0"
"ETHUSDT","2026-06","1780718400","1563.34","1569.57","1510.43","1522.56","0.0"
"ETHUSDT","2026-06","1780722000","1522.57","1569.17","1505.68","1566.71","0.0"
"ETHUSDT","2026-06","1780725600","1566.72","1581.62","1556.01","1560.16","0.0"
"ETHUSDT","2026-06","1780729200","1560.1","1580.22","1556.07","1575.14","0.0"
"ETHUSDT","2026-06","1780732800","1575.14","1593.04","1570.01","1582.57","0.0"
"ETHUSDT","2026-06","1780736400","1582.56","1588.53","1565.97","1570.69","0.0"
"ETHUSDT","2026-06","1780740000","1570.7","1570.7","1535.68","1548.27","0.0"
"ETHUSDT","2026-06","1780743600","1548.26","1567.4","1547.24","1558.89","0.0"
"ETHUSDT","2026-06","1780747200","1558.9","1575.82","1551.56","1571.32","0.0"
"ETHUSDT","2026-06","1780750800","1571.32","1573.36","1553.92","1557.03","0.0"
"ETHUSDT","2026-06","1780754400","1557.04","1566.96","1556.09","1557.7","0.0"
"ETHUSDT","2026-06","1780758000","1557.71","1565.84","1544.87","1560.45","0.0"
"ETHUSDT","2026-06","1780761600","1560.45","1566.0","1553.36","1563.57","0.0"
"ETHUSDT","2026-06","1780765200","1563.58","1566.51","1547.05","1553.54","0.0"
"ETHUSDT","2026-06","1780768800","1553.53","1566.25","1550.01","1556.58","0.0"
"ETHUSDT","2026-06","1780772400","1556.59","1563.51","1553.52","1554.56","0.0"
"ETHUSDT","2026-06","1780776000","1554.55","1559.99","1550.85","1557.61","0.0"
"ETHUSDT","2026-06","1780779600","1557.62","1565.21","1557.62","1558.2","0.0"
"ETHUSDT","2026-06","1780783200","1558.2","1561.93","1551.57","1558.33","0.0"
"ETHUSDT","2026-06","1780786800","1558.33","1570.06","1556.86","1569.69","0.0"
"ETHUSDT","2026-06","1780790400","1569.68","1572.42","1564.1","1565.03","0.0"
"ETHUSDT","2026-06","1780794000","1565.03","1596.54","1564.16","1590.12","0.0"
"ETHUSDT","2026-06","1780797600","1590.12","1594.92","1582.39","1592.67","0.0"
"ETHUSDT","2026-06","1780801200","1592.67","1600.51","1589.72","1595.01","0.0"
"ETHUSDT","2026-06","1780804800","1595.0","1599.1","1585.0","1597.0","0.0"
"ETHUSDT","2026-06","1780808400","1597.0","1609.96","1593.25","1604.02","0.0"
"ETHUSDT","2026-06","1780812000","1604.02","1623.52","1598.54","1612.01","0.0"
"ETHUSDT","2026-06","1780815600","1612.01","1616.46","1606.99","1615.18","0.0"
"ETHUSDT","2026-06","1780819200","1615.18","1642.27","1608.39","1641.35","0.0"
"ETHUSDT","2026-06","1780822800","1641.35","1648.7","1627.9","1633.52","0.0"
"ETHUSDT","2026-06","1780826400","1633.53","1635.73","1624.78","1625.7","0.0"
"ETHUSDT","2026-06","1780830000","1625.7","1633.99","1622.22","1630.12","0.0"
"ETHUSDT","2026-06","1780833600","1630.12","1631.24","1607.0","1620.17","0.0"
"ETHUSDT","2026-06","1780837200","1620.17","1623.0","1613.36","1617.46","0.0"
"ETHUSDT","2026-06","1780840800","1617.46","1640.0","1616.91","1628.13","0.0"
"ETHUSDT","2026-06","1780844400","1628.12","1636.12","1620.85","1630.07","0.0"
"ETHUSDT","2026-06","1780848000","1630.07","1633.52","1623.37","1628.52","0.0"
"ETHUSDT","2026-06","1780851600","1628.52","1638.0","1627.65","1631.35","0.0"
"ETHUSDT","2026-06","1780855200","1631.34","1636.74","1629.0","1630.36","0.0"
"ETHUSDT","2026-06","1780858800","1630.37","1630.56","1604.0","1613.11","0.0"
"ETHUSDT","2026-06","1780862400","1613.1","1631.65","1609.43","1628.14","0.0"
"ETHUSDT","2026-06","1780866000","1628.14","1634.57","1623.72","1634.53","0.0"
"ETHUSDT","2026-06","1780869600","1634.53","1721.93","1629.05","1672.56","0.0"
"ETHUSDT","2026-06","1780873200","1672.55","1691.93","1670.76","1690.51","0.0"
"ETHUSDT","2026-06","1780876800","1690.5","1711.58","1683.24","1697.59","0.0"
"ETHUSDT","2026-06","1780880400","1697.6","1700.2","1670.94","1687.34","0.0"
"ETHUSDT","2026-06","1780884000","1687.34","1689.5","1678.07","1683.9","0.0"
"ETHUSDT","2026-06","1780887600","1683.91","1692.62","1677.0","1680.01","0.0"
"ETHUSDT","2026-06","1780891200","1680.02","1681.0","1655.95","1657.05","0.0"
"ETHUSDT","2026-06","1780894800","1657.05","1659.87","1645.0","1653.68","0.0"
"ETHUSDT","2026-06","1780898400","1653.68","1669.99","1652.78","1666.53","0.0"
"ETHUSDT","2026-06","1780902000","1666.54","1683.49","1661.63","1673.47","0.0"
"ETHUSDT","2026-06","1780905600","1673.46","1673.46","1658.76","1661.17","0.0"
"ETHUSDT","2026-06","1780909200","1661.17","1672.0","1657.21","1671.1","0.0"
"ETHUSDT","2026-06","1780912800","1671.09","1676.95","1663.32","1672.36","0.0"
"ETHUSDT","2026-06","1780916400","1672.37","1696.77","1667.81","1683.76","0.0"
"ETHUSDT","2026-06","1780920000","1683.77","1698.9","1667.46","1695.61","0.0"
"ETHUSDT","2026-06","1780923600","1695.6","1696.82","1678.44","1681.59","0.0"
"ETHUSDT","2026-06","1780927200","1681.59","1694.46","1676.55","1691.25","0.0"
"ETHUSDT","2026-06","1780930800","1691.24","1706.22","1688.69","1691.59","0.0"
"ETHUSDT","2026-06","1780934400","1691.59","1703.88","1682.69","1682.7","0.0"
"ETHUSDT","2026-06","1780938000","1682.7","1687.86","1675.8","1686.8","0.0"
"ETHUSDT","2026-06","1780941600","1686.81","1692.54","1678.69","1684.71","0.0"
"ETHUSDT","2026-06","1780945200","1684.71","1691.76","1681.14","1684.78","0.0"
"ETHUSDT","2026-06","1780948800","1684.78","1689.71","1679.25","1689.71","0.0"
"ETHUSDT","2026-06","1780952400","1689.71","1714.5","1689.71","1703.52","0.0"
"ETHUSDT","2026-06","1780956000","1703.51","1704.19","1688.36","1703.22","0.0"
"ETHUSDT","2026-06","1780959600","1703.21","1714.45","1686.72","1690.49","0.0"
"ETHUSDT","2026-06","1780963200","1690.48","1696.88","1660.0","1663.26","0.0"
"ETHUSDT","2026-06","1780966800","1663.26","1674.27","1658.8","1669.02","0.0"
"ETHUSDT","2026-06","1780970400","1669.01","1672.19","1654.63","1667.89","0.0"
"ETHUSDT","2026-06","1780974000","1667.88","1671.68","1663.83","1669.44","0.0"
"ETHUSDT","2026-06","1780977600","1669.44","1696.41","1664.33","1686.35","0.0"
"ETHUSDT","2026-06","1780981200","1686.36","1695.23","1681.53","1688.25","0.0"
"ETHUSDT","2026-06","1780984800","1688.25","1695.49","1684.06","1685.98","0.0"
"ETHUSDT","2026-06","1780988400","1685.99","1691.59","1675.2","1679.86","0.0"
"ETHUSDT","2026-06","1780992000","1679.86","1680.64","1668.16","1675.28","0.0"
"ETHUSDT","2026-06","1780995600","1675.28","1680.16","1665.0","1670.61","0.0"
"ETHUSDT","2026-06","1780999200","1670.6","1676.41","1667.11","1674.72","0.0"
"ETHUSDT","2026-06","1781002800","1674.72","1675.46","1666.12","1671.96","0.0"
"ETHUSDT","2026-06","1781006400","1671.96","1683.32","1671.04","1676.9","0.0"
"ETHUSDT","2026-06","1781010000","1676.9","1680.63","1664.05","1666.71","0.0"
"ETHUSDT","2026-06","1781013600","1666.71","1670.84","1633.84","1645.9","0.0"
"ETHUSDT","2026-06","1781017200","1645.9","1653.89","1634.45","1636.4","0.0"
"ETHUSDT","2026-06","1781020800","1636.4","1639.35","1614.02","1632.27","0.0"
"ETHUSDT","2026-06","1781024400","1632.28","1649.76","1632.18","1643.04","0.0"
"ETHUSDT","2026-06","1781028000","1643.03","1655.49","1639.87","1652.28","0.0"
"ETHUSDT","2026-06","1781031600","1652.27","1658.64","1647.82","1657.33","0.0"
"ETHUSDT","2026-06","1781035200","1657.33","1663.77","1655.34","1660.59","0.0"
"ETHUSDT","2026-06","1781038800","1660.59","1661.69","1647.29","1650.33","0.0"
"ETHUSDT","2026-06","1781042400","1650.32","1655.0","1639.52","1640.0","0.0"
"ETHUSDT","2026-06","1781046000","1640.01","1642.87","1630.36","1639.52","0.0"
"ETHUSDT","2026-06","1781049600","1639.52","1646.83","1629.52","1645.74","0.0"
"ETHUSDT","2026-06","1781053200","1645.75","1646.91","1633.55","1638.98","0.0"
"ETHUSDT","2026-06","1781056800","1638.99","1642.5","1621.77","1624.22","0.0"
"ETHUSDT","2026-06","1781060400","1624.21","1636.53","1623.52","1630.82","0.0"
"ETHUSDT","2026-06","1781064000","1630.82","1632.92","1622.45","1625.98","0.0"
"ETHUSDT","2026-06","1781067600","1625.99","1630.0","1616.33","1627.99","0.0"
"ETHUSDT","2026-06","1781071200","1628.0","1634.41","1622.76","1632.08","0.0"
"ETHUSDT","2026-06","1781074800","1632.08","1643.58","1630.73","1640.09","0.0"
"ETHUSDT","2026-06","1781078400","1640.1","1640.89","1618.18","1621.34","0.0"
"ETHUSDT","2026-06","1781082000","1621.35","1626.44","1606.01","1623.67","0.0"
"ETHUSDT","2026-06","1781085600","1623.67","1629.99","1618.1","1628.23","0.0"
"ETHUSDT","2026-06","1781089200","1628.23","1630.22","1612.0","1620.05","0.0"
"ETHUSDT","2026-06","1781092800","1620.06","1645.46","1615.91","1635.4","0.0"
"ETHUSDT","2026-06","1781096400","1635.4","1667.96","1632.0","1651.81","0.0"
"ETHUSDT","2026-06","1781100000","1651.82","1655.64","1637.27","1646.72","0.0"
"ETHUSDT","2026-06","1781103600","1646.72","1665.05","1635.85","1657.97","0.0"
"ETHUSDT","2026-06","1781107200","1657.98","1658.73","1632.5","1641.99","0.0"
"ETHUSDT","2026-06","1781110800","1641.99","1647.59","1622.51","1632.32","0.0"
"ETHUSDT","2026-06","1781114400","1632.32","1636.88","1622.52","1631.13","0.0"
"ETHUSDT","2026-06","1781118000","1631.13","1633.69","1623.13","1630.15","0.0"
"ETHUSDT","2026-06","1781121600","1630.15","1636.21","1623.15","1630.65","0.0"
"ETHUSDT","2026-06","1781125200","1630.64","1630.64","1603.44","1611.44","0.0"
"ETHUSDT","2026-06","1781128800","1611.45","1622.38","1604.62","1616.52","0.0"
"ETHUSDT","2026-06","1781132400","1616.52","1625.09","1609.39","1621.59","0.0"
"ETHUSDT","2026-06","1781136000","1621.6","1634.72","1621.6","1628.64","0.0"
"ETHUSDT","2026-06","1781139600","1628.63","1647.88","1628.57","1642.83","0.0"
"ETHUSDT","2026-06","1781143200","1642.83","1645.5","1630.9","1641.07","0.0"
"ETHUSDT","2026-06","1781146800","1641.06","1661.3","1636.09","1653.95","0.0"
"ETHUSDT","2026-06","1781150400","1653.94","1659.72","1650.0","1656.89","0.0"
"ETHUSDT","2026-06","1781154000","1656.89","1656.9","1647.63","1647.95","0.0"
"ETHUSDT","2026-06","1781157600","1647.96","1663.14","1646.2","1654.82","0.0"
"ETHUSDT","2026-06","1781161200","1654.81","1658.3","1651.7","1654.41","0.0"
"ETHUSDT","2026-06","1781164800","1654.4","1664.14","1654.33","1659.96","0.0"
"ETHUSDT","2026-06","1781168400","1659.97","1662.0","1656.47","1658.98","0.0"
"ETHUSDT","2026-06","1781172000","1658.97","1661.58","1654.28","1658.85","0.0"
"ETHUSDT","2026-06","1781175600","1658.85","1673.5","1656.43","1666.84","0.0"
"ETHUSDT","2026-06","1781179200","1666.84","1666.88","1642.12","1651.84","0.0"
"ETHUSDT","2026-06","1781182800","1651.85","1659.52","1644.45","1653.24","0.0"
"ETHUSDT","2026-06","1781186400","1653.24","1655.4","1638.95","1643.04","0.0"
"ETHUSDT","2026-06","1781190000","1643.04","1650.83","1636.19","1645.55","0.0"
"ETHUSDT","2026-06","1781193600","1645.56","1649.5","1638.35","1639.75","0.0"
"ETHUSDT","2026-06","1781197200","1639.74","1693.59","1632.71","1688.66","0.0"
"ETHUSDT","2026-06","1781200800","1688.65","1691.85","1676.98","1683.98","0.0"
"ETHUSDT","2026-06","1781204400","1683.97","1693.55","1675.98","1681.26","0.0"
"ETHUSDT","2026-06","1781208000","1681.26","1683.01","1667.18","1672.37","0.0"
"ETHUSDT","2026-06","1781211600","1672.37","1683.29","1672.14","1677.0","0.0"
"ETHUSDT","2026-06","1781215200","1676.99","1683.21","1675.43","1676.17","0.0"
"ETHUSDT","2026-06","1781218800","1676.16","1679.25","1670.19","1673.46","0.0"
"ETHUSDT","2026-06","1781222400","1673.46","1677.74","1669.86","1672.74","0.0"
"ETHUSDT","2026-06","1781226000","1672.74","1672.74","1660.93","1667.09","0.0"
"ETHUSDT","2026-06","1781229600","1667.08","1678.42","1666.87","1675.59","0.0"
"ETHUSDT","2026-06","1781233200","1675.6","1676.6","1668.81","1673.25","0.0"
"ETHUSDT","2026-06","1781236800","1673.25","1682.0","1669.29","1677.47","0.0"
"ETHUSDT","2026-06","1781240400","1677.48","1677.86","1662.31","1664.23","0.0"
"ETHUSDT","2026-06","1781244000","1664.23","1666.82","1652.09","1657.34","0.0"
"ETHUSDT","2026-06","1781247600","1657.35","1664.99","1656.23","1662.12","0.0"
"ETHUSDT","2026-06","1781251200","1662.12","1678.22","1662.12","1673.53","0.0"
"ETHUSDT","2026-06","1781254800","1673.53","1685.65","1671.48","1680.16","0.0"
"ETHUSDT","2026-06","1781258400","1680.16","1683.35","1671.91","1674.85","0.0"
"ETHUSDT","2026-06","1781262000","1674.85","1678.51","1672.1","1673.89","0.0"
"ETHUSDT","2026-06","1781265600","1673.88","1673.88","1663.07","1666.54","0.0"
"ETHUSDT","2026-06","1781269200","1666.55","1668.91","1653.74","1657.6","0.0"
"ETHUSDT","2026-06","1781272800","1657.6","1685.93","1656.26","1685.64","0.0"
"ETHUSDT","2026-06","1781276400","1685.65","1691.07","1658.75","1660.08","0.0"
"ETHUSDT","2026-06","1781280000","1660.08","1675.81","1657.38","1672.9","0.0"
"ETHUSDT","2026-06","1781283600","1672.91","1678.1","1667.37","1668.84","0.0"
"ETHUSDT","2026-06","1781287200","1668.84","1673.57","1663.6","1666.87","0.0"
"ETHUSDT","2026-06","1781290800","1666.86","1672.47","1664.9","1665.92","0.0"
"ETHUSDT","2026-06","1781294400","1665.92","1667.85","1662.02","1664.92","0.0"
"ETHUSDT","2026-06","1781298000","1664.93","1668.01","1663.21","1664.19","0.0"
"ETHUSDT","2026-06","1781301600","1664.18","1667.49","1661.46","1662.6","0.0"
"ETHUSDT","2026-06","1781305200","1662.6","1666.41","1659.02","1666.41","0.0"
"ETHUSDT","2026-06","1781308800","1666.42","1669.34","1665.31","1667.47","0.0"
"ETHUSDT","2026-06","1781312400","1667.47","1675.9","1666.53","1674.03","0.0"
"ETHUSDT","2026-06","1781316000","1674.03","1674.52","1665.69","1668.02","0.0"
"ETHUSDT","2026-06","1781319600","1668.03","1669.57","1663.36","1665.25","0.0"
"ETHUSDT","2026-06","1781323200","1665.25","1668.28","1663.52","1664.51","0.0"
"ETHUSDT","2026-06","1781326800","1664.52","1665.61","1662.2","1665.22","0.0"
"ETHUSDT","2026-06","1781330400","1665.22","1670.25","1663.88","1669.7","0.0"
"ETHUSDT","2026-06","1781334000","1669.71","1677.74","1668.47","1676.38","0.0"
"ETHUSDT","2026-06","1781337600","1676.38","1679.92","1673.63","1674.57","0.0"
"ETHUSDT","2026-06","1781341200","1674.57","1676.3","1672.93","1673.7","0.0"
"ETHUSDT","2026-06","1781344800","1673.7","1676.37","1672.8","1674.18","0.0"
"ETHUSDT","2026-06","1781348400","1674.19","1678.96","1673.55","1678.34","0.0"
"ETHUSDT","2026-06","1781352000","1678.33","1683.77","1676.99","1680.53","0.0"
"ETHUSDT","2026-06","1781355600","1680.52","1681.58","1676.69","1678.02","0.0"
"ETHUSDT","2026-06","1781359200","1678.02","1681.47","1677.82","1679.97","0.0"
"ETHUSDT","2026-06","1781362800","1679.98","1686.56","1678.5","1682.15","0.0"
"ETHUSDT","2026-06","1781366400","1682.14","1682.48","1671.44","1676.74","0.0"
"ETHUSDT","2026-06","1781370000","1676.74","1678.4","1673.23","1674.31","0.0"
"ETHUSDT","2026-06","1781373600","1674.31","1682.63","1674.2","1678.53","0.0"
"ETHUSDT","2026-06","1781377200","1678.53","1680.0","1675.86","1678.29","0.0"
"ETHUSDT","2026-06","1781380800","1678.3","1678.3","1675.11","1676.53","0.0"
"ETHUSDT","2026-06","1781384400","1676.53","1697.28","1674.91","1686.44","0.0"
"ETHUSDT","2026-06","1781388000","1686.44","1686.65","1681.62","1681.63","0.0"
"ETHUSDT","2026-06","1781391600","1681.62","1684.2","1678.1","1681.18","0.0"
"ETHUSDT","2026-06","1781395200","1681.19","1683.52","1678.83","1681.91","0.0"
"ETHUSDT","2026-06","1781398800","1681.9","1690.36","1680.3","1683.99","0.0"
"ETHUSDT","2026-06","1781402400","1683.98","1685.7","1681.59","1682.47","0.0"
"ETHUSDT","2026-06","1781406000","1682.46","1683.28","1679.85","1681.73","0.0"
"ETHUSDT","2026-06","1781409600","1681.74","1682.66","1676.35","1677.95","0.0"
"ETHUSDT","2026-06","1781413200","1677.95","1679.14","1674.0","1678.13","0.0"
"ETHUSDT","2026-06","1781416800","1678.13","1682.5","1675.3","1676.39","0.0"
"ETHUSDT","2026-06","1781420400","1676.4","1677.55","1673.72","1675.91","0.0"
"ETHUSDT","2026-06","1781424000","1675.91","1678.92","1674.73","1675.58","0.0"
"ETHUSDT","2026-06","1781427600","1675.58","1679.0","1669.15","1678.49","0.0"
"ETHUSDT","2026-06","1781431200","1678.48","1678.55","1673.13","1673.13","0.0"
"ETHUSDT","2026-06","1781434800","1673.13","1677.15","1672.36","1673.73","0.0"
"ETHUSDT","2026-06","1781438400","1673.73","1674.58","1665.35","1666.9","0.0"
"ETHUSDT","2026-06","1781442000","1666.9","1669.15","1664.5","1666.54","0.0"
"ETHUSDT","2026-06","1781445600","1666.53","1670.2","1654.9","1659.76","0.0"
"ETHUSDT","2026-06","1781449200","1659.76","1664.67","1659.6","1662.95","0.0"
"ETHUSDT","2026-06","1781452800","1662.95","1668.57","1659.36","1661.38","0.0"
"ETHUSDT","2026-06","1781456400","1661.37","1666.52","1660.92","1662.09","0.0"
"ETHUSDT","2026-06","1781460000","1662.09","1663.27","1658.95","1662.08","0.0"
"ETHUSDT","2026-06","1781463600","1662.07","1667.93","1661.13","1665.43","0.0"
"ETHUSDT","2026-06","1781467200","1665.44","1673.72","1662.67","1670.48","0.0"
"ETHUSDT","2026-06","1781470800","1670.48","1732.28","1669.97","1718.67","0.0"
"ETHUSDT","2026-06","1781474400","1718.68","1729.1","1712.34","1722.62","0.0"
"ETHUSDT","2026-06","1781478000","1722.62","1726.43","1716.79","1725.62","0.0"
"ETHUSDT","2026-06","1781481600","1725.63","1733.04","1719.78","1720.83","0.0"
"ETHUSDT","2026-06","1781485200","1720.83","1721.91","1709.66","1715.79","0.0"
"ETHUSDT","2026-06","1781488800","1715.8","1726.96","1714.23","1716.78","0.0"
"ETHUSDT","2026-06","1781492400","1716.78","1724.17","1715.55","1720.78","0.0"
"ETHUSDT","2026-06","1781496000","1720.78","1720.78","1716.0","1717.04","0.0"
"ETHUSDT","2026-06","1781499600","1717.05","1722.63","1715.95","1720.66","0.0"
"ETHUSDT","2026-06","1781503200","1720.67","1723.29","1718.25","1719.82","0.0"
"ETHUSDT","2026-06","1781506800","1719.82","1723.8","1716.49","1716.59","0.0"
"ETHUSDT","2026-06","1781510400","1716.6","1721.91","1715.6","1720.36","0.0"
"ETHUSDT","2026-06","1781514000","1720.35","1726.94","1712.17","1718.65","0.0"
"ETHUSDT","2026-06","1781517600","1718.65","1748.6","1718.27","1737.77","0.0"
"ETHUSDT","2026-06","1781521200","1737.77","1769.0","1734.11","1764.67","0.0"
"ETHUSDT","2026-06","1781524800","1764.67","1777.77","1760.28","1777.48","0.0"
"ETHUSDT","2026-06","1781528400","1777.48","1827.67","1774.6","1814.12","0.0"
"ETHUSDT","2026-06","1781532000","1814.12","1818.58","1804.71","1814.55","0.0"
"ETHUSDT","2026-06","1781535600","1814.55","1849.54","1813.15","1845.53","0.0"
"ETHUSDT","2026-06","1781539200","1845.53","1847.13","1837.48","1842.85","0.0"
"ETHUSDT","2026-06","1781542800","1842.85","1842.86","1823.58","1829.19","0.0"
"ETHUSDT","2026-06","1781546400","1829.19","1835.58","1825.85","1828.13","0.0"
"ETHUSDT","2026-06","1781550000","1828.12","1834.44","1811.66","1821.89","0.0"
"ETHUSDT","2026-06","1781553600","1821.88","1826.62","1815.33","1816.95","0.0"
"ETHUSDT","2026-06","1781557200","1816.94","1822.15","1809.53","1811.35","0.0"
"ETHUSDT","2026-06","1781560800","1811.36","1813.55","1787.0","1789.68","0.0"
"ETHUSDT","2026-06","1781564400","1789.69","1797.58","1782.82","1796.13","0.0"
"ETHUSDT","2026-06","1781568000","1796.14","1802.09","1789.0","1789.6","0.0"
"ETHUSDT","2026-06","1781571600","1789.59","1797.42","1789.13","1792.27","0.0"
"ETHUSDT","2026-06","1781575200","1792.26","1794.1","1767.4","1770.13","0.0"
"ETHUSDT","2026-06","1781578800","1770.13","1780.73","1764.84","1779.16","0.0"
"ETHUSDT","2026-06","1781582400","1779.16","1783.32","1758.0","1760.64","0.0"
"ETHUSDT","2026-06","1781586000","1760.65","1766.0","1760.57","1762.05","0.0"
"ETHUSDT","2026-06","1781589600","1762.06","1774.17","1762.06","1771.4","0.0"
"ETHUSDT","2026-06","1781593200","1771.41","1776.47","1769.02","1774.24","0.0"
"ETHUSDT","2026-06","1781596800","1774.25","1807.97","1773.25","1803.23","0.0"
"ETHUSDT","2026-06","1781600400","1803.23","1805.79","1787.07","1789.63","0.0"
"ETHUSDT","2026-06","1781604000","1789.63","1800.0","1788.61","1793.95","0.0"
"ETHUSDT","2026-06","1781607600","1793.95","1800.0","1790.7","1799.59","0.0"
"ETHUSDT","2026-06","1781611200","1799.6","1839.77","1796.71","1814.88","0.0"
"ETHUSDT","2026-06","1781614800","1814.89","1817.1","1791.57","1797.88","0.0"
"ETHUSDT","2026-06","1781618400","1797.86","1805.57","1763.36","1780.56","0.0"
"ETHUSDT","2026-06","1781622000","1780.56","1788.32","1774.52","1782.44","0.0"
"ETHUSDT","2026-06","1781625600","1782.43","1785.58","1773.03","1777.89","0.0"
"ETHUSDT","2026-06","1781629200","1777.9","1799.45","1777.38","1795.1","0.0"
"ETHUSDT","2026-06","1781632800","1795.1","1808.44","1792.58","1799.21","0.0"
"ETHUSDT","2026-06","1781636400","1799.2","1801.04","1790.14","1795.41","0.0"
"ETHUSDT","2026-06","1781640000","1795.41","1798.5","1789.53","1797.82","0.0"
"ETHUSDT","2026-06","1781643600","1797.82","1800.48","1790.57","1796.52","0.0"
"ETHUSDT","2026-06","1781647200","1796.53","1799.49","1791.03","1796.21","0.0"
"ETHUSDT","2026-06","1781650800","1796.22","1798.89","1791.26","1792.99","0.0"
"ETHUSDT","2026-06","1781654400","1793.0","1799.01","1791.95","1794.22","0.0"
"ETHUSDT","2026-06","1781658000","1794.22","1799.12","1778.99","1797.76","0.0"
"ETHUSDT","2026-06","1781661600","1797.76","1810.21","1788.78","1795.59","0.0"
"ETHUSDT","2026-06","1781665200","1795.59","1797.36","1787.65","1793.58","0.0"
"ETHUSDT","2026-06","1781668800","1793.58","1801.79","1792.0","1794.3","0.0"
"ETHUSDT","2026-06","1781672400","1794.3","1799.45","1789.13","1793.98","0.0"
"ETHUSDT","2026-06","1781676000","1793.98","1797.2","1786.44","1790.38","0.0"
"ETHUSDT","2026-06","1781679600","1790.38","1792.34","1778.71","1785.08","0.0"
"ETHUSDT","2026-06","1781683200","1785.09","1786.15","1760.4","1765.31","0.0"
"ETHUSDT","2026-06","1781686800","1765.3","1777.78","1765.0","1773.07","0.0"
"ETHUSDT","2026-06","1781690400","1773.08","1776.05","1767.14","1768.38","0.0"
"ETHUSDT","2026-06","1781694000","1768.39","1770.77","1759.35","1763.92","0.0"
"ETHUSDT","2026-06","1781697600","1763.93","1765.99","1742.94","1759.44","0.0"
"ETHUSDT","2026-06","1781701200","1759.42","1771.91","1754.72","1761.25","0.0"
"ETHUSDT","2026-06","1781704800","1761.24","1765.52","1741.05","1754.96","0.0"
"ETHUSDT","2026-06","1781708400","1754.97","1776.94","1751.21","1773.41","0.0"
"ETHUSDT","2026-06","1781712000","1773.42","1791.73","1769.52","1772.02","0.0"
"ETHUSDT","2026-06","1781715600","1772.03","1796.08","1767.54","1789.27","0.0"
"ETHUSDT","2026-06","1781719200","1789.27","1789.4","1746.42","1770.32","0.0"
"ETHUSDT","2026-06","1781722800","1770.31","1775.85","1729.26","1734.72","0.0"
"ETHUSDT","2026-06","1781726400","1734.73","1747.92","1732.97","1747.36","0.0"
"ETHUSDT","2026-06","1781730000","1747.37","1748.01","1736.39","1738.9","0.0"
"ETHUSDT","2026-06","1781733600","1738.91","1746.6","1725.34","1740.31","0.0"
"ETHUSDT","2026-06","1781737200","1740.31","1751.66","1740.1","1750.6","0.0"
"ETHUSDT","2026-06","1781740800","1750.61","1759.49","1749.98","1752.97","0.0"
"ETHUSDT","2026-06","1781744400","1752.97","1762.99","1752.64","1754.92","0.0"
"ETHUSDT","2026-06","1781748000","1754.93","1759.0","1750.34","1755.85","0.0"
"ETHUSDT","2026-06","1781751600","1755.86","1756.26","1741.46","1744.17","0.0"
"ETHUSDT","2026-06","1781755200","1744.17","1745.92","1730.0","1730.64","0.0"
"ETHUSDT","2026-06","1781758800","1730.63","1733.0","1722.24","1730.97","0.0"
"ETHUSDT","2026-06","1781762400","1730.97","1736.79","1725.53","1735.56","0.0"
"ETHUSDT","2026-06","1781766000","1735.56","1753.29","1732.91","1749.79","0.0"
"ETHUSDT","2026-06","1781769600","1749.8","1753.61","1743.7","1747.67","0.0"
"ETHUSDT","2026-06","1781773200","1747.67","1751.87","1742.53","1746.07","0.0"
"ETHUSDT","2026-06","1781776800","1746.07","1752.84","1739.46","1746.9","0.0"
"ETHUSDT","2026-06","1781780400","1746.9","1749.39","1739.11","1743.31","0.0"
"ETHUSDT","2026-06","1781784000","1743.31","1753.06","1741.88","1750.41","0.0"
"ETHUSDT","2026-06","1781787600","1750.41","1752.51","1729.08","1736.78","0.0"
"ETHUSDT","2026-06","1781791200","1736.78","1745.46","1729.66","1739.79","0.0"
"ETHUSDT","2026-06","1781794800","1739.78","1740.09","1680.0","1682.23","0.0"
"ETHUSDT","2026-06","1781798400","1682.23","1692.95","1680.39","1686.93","0.0"
"ETHUSDT","2026-06","1781802000","1686.96","1687.68","1671.79","1679.42","0.0"
"ETHUSDT","2026-06","1781805600","1679.41","1689.4","1676.35","1685.38","0.0"
"ETHUSDT","2026-06","1781809200","1685.38","1707.48","1682.78","1705.39","0.0"
"ETHUSDT","2026-06","1781812800","1705.4","1717.23","1705.4","1710.47","0.0"
"ETHUSDT","2026-06","1781816400","1710.47","1711.96","1701.64","1708.39","0.0"
"ETHUSDT","2026-06","1781820000","1708.39","1708.56","1700.19","1706.81","0.0"
"ETHUSDT","2026-06","1781823600","1706.81","1712.38","1702.96","1711.11","0.0"
"ETHUSDT","2026-06","1781827200","1711.11","1716.3","1708.64","1713.84","0.0"
"ETHUSDT","2026-06","1781830800","1713.85","1719.51","1706.19","1713.5","0.0"
"ETHUSDT","2026-06","1781834400","1713.5","1715.21","1701.29","1707.15","0.0"
"ETHUSDT","2026-06","1781838000","1707.15","1708.28","1682.35","1697.69","0.0"
"ETHUSDT","2026-06","1781841600","1697.7","1702.97","1686.0","1689.72","0.0"
"ETHUSDT","2026-06","1781845200","1689.72","1697.75","1689.39","1697.51","0.0"
"ETHUSDT","2026-06","1781848800","1697.51","1703.4","1696.18","1700.26","0.0"
"ETHUSDT","2026-06","1781852400","1700.27","1700.98","1690.09","1695.82","0.0"
"ETHUSDT","2026-06","1781856000","1695.82","1699.11","1693.66","1697.94","0.0"
"ETHUSDT","2026-06","1781859600","1697.94","1699.82","1688.72","1689.2","0.0"
"ETHUSDT","2026-06","1781863200","1689.21","1694.67","1687.05","1692.61","0.0"
"ETHUSDT","2026-06","1781866800","1692.6","1694.24","1688.84","1691.74","0.0"
"ETHUSDT","2026-06","1781870400","1691.74","1696.12","1679.11","1695.36","0.0"
"ETHUSDT","2026-06","1781874000","1695.37","1711.59","1687.75","1703.47","0.0"
"ETHUSDT","2026-06","1781877600","1703.46","1709.98","1696.51","1706.97","0.0"
"ETHUSDT","2026-06","1781881200","1706.96","1712.06","1698.37","1707.86","0.0"
"ETHUSDT","2026-06","1781884800","1707.87","1711.76","1695.09","1696.8","0.0"
"ETHUSDT","2026-06","1781888400","1696.8","1706.25","1693.7","1704.85","0.0"
"ETHUSDT","2026-06","1781892000","1704.85","1705.45","1698.3","1702.7","0.0"
"ETHUSDT","2026-06","1781895600","1702.69","1704.61","1698.15","1701.2","0.0"
"ETHUSDT","2026-06","1781899200","1701.21","1709.37","1698.89","1708.96","0.0"
"ETHUSDT","2026-06","1781902800","1708.97","1708.97","1701.52","1702.03","0.0"
"ETHUSDT","2026-06","1781906400","1702.02","1710.38","1700.45","1707.61","0.0"
"ETHUSDT","2026-06","1781910000","1707.61","1715.0","1704.88","1711.19","0.0"
"ETHUSDT","2026-06","1781913600","1711.18","1718.0","1708.41","1708.8","0.0"
"ETHUSDT","2026-06","1781917200","1708.8","1713.36","1706.62","1709.89","0.0"
"ETHUSDT","2026-06","1781920800","1709.89","1710.52","1704.06","1704.85","0.0"
"ETHUSDT","2026-06","1781924400","1704.85","1709.33","1704.56","1708.17","0.0"
"ETHUSDT","2026-06","1781928000","1708.18","1715.47","1706.51","1713.52","0.0"
"ETHUSDT","2026-06","1781931600","1713.52","1733.89","1712.25","1726.1","0.0"
"ETHUSDT","2026-06","1781935200","1726.11","1729.84","1723.98","1727.67","0.0"
"ETHUSDT","2026-06","1781938800","1727.66","1729.56","1723.05","1725.82","0.0"
"ETHUSDT","2026-06","1781942400","1725.81","1726.9","1721.25","1722.83","0.0"
"ETHUSDT","2026-06","1781946000","1722.83","1730.0","1722.83","1728.47","0.0"
"ETHUSDT","2026-06","1781949600","1728.46","1729.53","1725.26","1727.62","0.0"
"ETHUSDT","2026-06","1781953200","1727.63","1731.76","1725.84","1727.18","0.0"
"ETHUSDT","2026-06","1781956800","1727.18","1730.35","1723.61","1726.86","0.0"
"ETHUSDT","2026-06","1781960400","1726.86","1727.21","1712.81","1717.56","0.0"
"ETHUSDT","2026-06","1781964000","1717.56","1746.67","1708.11","1733.48","0.0"
"ETHUSDT","2026-06","1781967600","1733.49","1749.55","1729.44","1740.63","0.0"
"ETHUSDT","2026-06","1781971200","1740.63","1740.91","1730.9","1733.92","0.0"
"ETHUSDT","2026-06","1781974800","1733.92","1733.93","1721.03","1726.86","0.0"
"ETHUSDT","2026-06","1781978400","1726.87","1732.0","1726.0","1726.63","0.0"
"ETHUSDT","2026-06","1781982000","1726.62","1730.18","1725.24","1729.27","0.0"
"ETHUSDT","2026-06","1781985600","1729.27","1731.34","1726.53","1730.98","0.0"
"ETHUSDT","2026-06","1781989200","1730.98","1738.01","1730.38","1735.33","0.0"
"ETHUSDT","2026-06","1781992800","1735.33","1746.17","1732.96","1743.32","0.0"
"ETHUSDT","2026-06","1781996400","1743.32","1743.76","1740.52","1741.08","0.0"
"ETHUSDT","2026-06","1782000000","1741.08","1741.09","1736.19","1737.92","0.0"
"ETHUSDT","2026-06","1782003600","1737.92","1740.0","1734.5","1737.01","0.0"
"ETHUSDT","2026-06","1782007200","1737.0","1738.18","1735.66","1736.09","0.0"
"ETHUSDT","2026-06","1782010800","1736.08","1741.45","1733.51","1737.87","0.0"
"ETHUSDT","2026-06","1782014400","1737.88","1741.41","1731.63","1732.85","0.0"
"ETHUSDT","2026-06","1782018000","1732.85","1736.27","1729.8","1733.47","0.0"
"ETHUSDT","2026-06","1782021600","1733.46","1738.66","1732.52","1736.14","0.0"
"ETHUSDT","2026-06","1782025200","1736.14","1736.44","1731.79","1732.36","0.0"
"ETHUSDT","2026-06","1782028800","1732.36","1733.22","1724.0","1729.1","0.0"
"ETHUSDT","2026-06","1782032400","1729.11","1734.37","1725.89","1732.78","0.0"
"ETHUSDT","2026-06","1782036000","1732.77","1737.02","1731.03","1731.38","0.0"
"ETHUSDT","2026-06","1782039600","1731.39","1734.81","1718.56","1725.36","0.0"
"ETHUSDT","2026-06","1782043200","1725.37","1726.93","1717.14","1726.0","0.0"
"ETHUSDT","2026-06","1782046800","1725.99","1728.14","1722.12","1725.15","0.0"
"ETHUSDT","2026-06","1782050400","1725.15","1728.46","1721.78","1728.44","0.0"
"ETHUSDT","2026-06","1782054000","1728.45","1732.57","1727.12","1730.72","0.0"
"ETHUSDT","2026-06","1782057600","1730.71","1730.71","1722.21","1728.15","0.0"
"ETHUSDT","2026-06","1782061200","1728.16","1731.54","1725.97","1727.36","0.0"
"ETHUSDT","2026-06","1782064800","1727.37","1737.81","1721.67","1735.39","0.0"
"ETHUSDT","2026-06","1782068400","1735.4","1739.32","1733.59","1734.14","0.0"
"ETHUSDT","2026-06","1782072000","1734.14","1735.34","1717.3","1721.3","0.0"
"ETHUSDT","2026-06","1782075600","1721.32","1724.19","1702.0","1718.6","0.0"
"ETHUSDT","2026-06","1782079200","1718.59","1721.38","1708.57","1717.65","0.0"
"ETHUSDT","2026-06","1782082800","1717.64","1717.64","1704.25","1706.94","0.0"
"ETHUSDT","2026-06","1782086400","1706.94","1732.2","1706.94","1726.95","0.0"
"ETHUSDT","2026-06","1782090000","1726.95","1759.84","1724.56","1743.82","0.0"
"ETHUSDT","2026-06","1782093600","1743.83","1745.28","1737.28","1737.28","0.0"
"ETHUSDT","2026-06","1782097200","1737.27","1740.98","1726.54","1730.0","0.0"
"ETHUSDT","2026-06","1782100800","1730.0","1735.96","1727.69","1735.31","0.0"
"ETHUSDT","2026-06","1782104400","1735.3","1739.83","1734.2","1736.85","0.0"
"ETHUSDT","2026-06","1782108000","1736.85","1740.21","1733.21","1735.06","0.0"
"ETHUSDT","2026-06","1782111600","1735.07","1751.58","1734.76","1746.34","0.0"
"ETHUSDT","2026-06","1782115200","1746.34","1752.23","1743.56","1747.79","0.0"
"ETHUSDT","2026-06","1782118800","1747.8","1750.38","1743.75","1746.2","0.0"
"ETHUSDT","2026-06","1782122400","1746.19","1751.58","1745.23","1748.81","0.0"
"ETHUSDT","2026-06","1782126000","1748.81","1774.7","1747.48","1767.68","0.0"
"ETHUSDT","2026-06","1782129600","1767.68","1772.0","1761.29","1764.0","0.0"
"ETHUSDT","2026-06","1782133200","1764.0","1779.9","1762.06","1777.51","0.0"
"ETHUSDT","2026-06","1782136800","1777.52","1778.0","1749.85","1754.61","0.0"
"ETHUSDT","2026-06","1782140400","1754.62","1758.06","1742.41","1744.74","0.0"
"ETHUSDT","2026-06","1782144000","1744.75","1746.29","1733.71","1740.1","0.0"
"ETHUSDT","2026-06","1782147600","1740.1","1743.12","1731.32","1740.93","0.0"
"ETHUSDT","2026-06","1782151200","1740.92","1747.7","1729.42","1733.51","0.0"
"ETHUSDT","2026-06","1782154800","1733.51","1736.82","1729.15","1734.59","0.0"
"ETHUSDT","2026-06","1782158400","1734.59","1740.07","1731.14","1734.61","0.0"
"ETHUSDT","2026-06","1782162000","1734.61","1737.53","1726.83","1732.74","0.0"
"ETHUSDT","2026-06","1782165600","1732.74","1735.93","1717.02","1724.15","0.0"
"ETHUSDT","2026-06","1782169200","1724.16","1730.6","1721.38","1728.19","0.0"
"ETHUSDT","2026-06","1782172800","1728.19","1731.74","1719.75","1731.27","0.0"
"ETHUSDT","2026-06","1782176400","1731.26","1736.25","1721.22","1730.61","0.0"
"ETHUSDT","2026-06","1782180000","1730.61","1735.04","1726.36","1732.65","0.0"
"ETHUSDT","2026-06","1782183600","1732.65","1733.11","1725.98","1729.9","0.0"
"ETHUSDT","2026-06","1782187200","1729.91","1731.25","1717.75","1719.07","0.0"
"ETHUSDT","2026-06","1782190800","1719.07","1721.38","1710.5","1713.44","0.0"
"ETHUSDT","2026-06","1782194400","1713.51","1713.7","1680.52","1692.29","0.0"
"ETHUSDT","2026-06","1782198000","1692.3","1696.47","1682.34","1683.01","0.0"
"ETHUSDT","2026-06","1782201600","1683.02","1684.8","1635.65","1648.48","0.0"
"ETHUSDT","2026-06","1782205200","1648.47","1654.39","1648.15","1650.97","0.0"
"ETHUSDT","2026-06","1782208800","1650.97","1658.91","1649.37","1652.65","0.0"
"ETHUSDT","2026-06","1782212400","1652.65","1663.9","1652.65","1660.9","0.0"
"ETHUSDT","2026-06","1782216000","1660.9","1662.59","1653.6","1654.53","0.0"
"ETHUSDT","2026-06","1782219600","1654.54","1664.13","1645.52","1662.83","0.0"
"ETHUSDT","2026-06","1782223200","1662.82","1672.0","1658.04","1662.1","0.0"
"ETHUSDT","2026-06","1782226800","1662.1","1663.39","1651.39","1659.78","0.0"
"ETHUSDT","2026-06","1782230400","1659.78","1673.89","1656.99","1659.35","0.0"
"ETHUSDT","2026-06","1782234000","1659.34","1664.87","1654.67","1656.85","0.0"
"ETHUSDT","2026-06","1782237600","1656.86","1660.64","1650.0","1655.53","0.0"
"ETHUSDT","2026-06","1782241200","1655.53","1663.97","1655.47","1662.58","0.0"
"ETHUSDT","2026-06","1782244800","1662.57","1667.64","1661.42","1664.13","0.0"
"ETHUSDT","2026-06","1782248400","1664.12","1668.37","1663.52","1666.75","0.0"
"ETHUSDT","2026-06","1782252000","1666.74","1672.92","1663.0","1664.67","0.0"
"ETHUSDT","2026-06","1782255600","1664.67","1669.55","1660.27","1667.13","0.0"
"ETHUSDT","2026-06","1782259200","1667.13","1674.72","1666.75","1671.37","0.0"
"ETHUSDT","2026-06","1782262800","1671.37","1680.46","1666.12","1672.71","0.0"
"ETHUSDT","2026-06","1782266400","1672.71","1673.62","1663.53","1664.03","0.0"
"ETHUSDT","2026-06","1782270000","1664.03","1670.09","1658.18","1666.67","0.0"
"ETHUSDT","2026-06","1782273600","1666.67","1671.01","1658.22","1669.0","0.0"
"ETHUSDT","2026-06","1782277200","1669.0","1679.57","1667.8","1674.48","0.0"
"ETHUSDT","2026-06","1782280800","1674.48","1677.0","1670.54","1674.89","0.0"
"ETHUSDT","2026-06","1782284400","1674.89","1678.53","1670.94","1673.12","0.0"
"ETHUSDT","2026-06","1782288000","1673.13","1675.2","1669.23","1673.28","0.0"
"ETHUSDT","2026-06","1782291600","1673.28","1673.38","1665.29","1667.15","0.0"
"ETHUSDT","2026-06","1782295200","1667.14","1668.0","1662.88","1663.69","0.0"
"ETHUSDT","2026-06","1782298800","1663.68","1693.67","1655.76","1679.57","0.0"
"ETHUSDT","2026-06","1782302400","1679.57","1681.29","1670.52","1671.53","0.0"
"ETHUSDT","2026-06","1782306000","1671.53","1672.17","1641.44","1645.43","0.0"
"ETHUSDT","2026-06","1782309600","1645.42","1657.4","1638.14","1647.26","0.0"
"ETHUSDT","2026-06","1782313200","1647.27","1651.24","1616.8","1618.08","0.0"
"ETHUSDT","2026-06","1782316800","1618.08","1636.08","1585.2","1589.87","0.0"
"ETHUSDT","2026-06","1782320400","1589.86","1597.83","1552.95","1560.66","0.0"
"ETHUSDT","2026-06","1782324000","1560.66","1585.11","1556.86","1572.26","0.0"
"ETHUSDT","2026-06","1782327600","1572.27","1585.39","1567.12","1584.58","0.0"
"ETHUSDT","2026-06","1782331200","1584.59","1622.12","1580.0","1613.63","0.0"
"ETHUSDT","2026-06","1782334800","1613.63","1621.81","1606.09","1621.37","0.0"
"ETHUSDT","2026-06","1782338400","1621.37","1629.82","1613.65","1615.46","0.0"
"ETHUSDT","2026-06","1782342000","1615.45","1623.46","1613.75","1622.17","0.0"
"ETHUSDT","2026-06","1782345600","1622.18","1626.51","1616.56","1619.12","0.0"
"ETHUSDT","2026-06","1782349200","1619.12","1624.24","1614.69","1620.72","0.0"
"ETHUSDT","2026-06","1782352800","1620.73","1621.47","1615.04","1621.0","0.0"
"ETHUSDT","2026-06","1782356400","1621.01","1624.12","1616.23","1619.6","0.0"
"ETHUSDT","2026-06","1782360000","1619.61","1636.52","1617.12","1635.03","0.0"
"ETHUSDT","2026-06","1782363600","1635.04","1652.23","1633.58","1645.89","0.0"
"ETHUSDT","2026-06","1782367200","1645.89","1660.54","1644.15","1653.95","0.0"
"ETHUSDT","2026-06","1782370800","1653.95","1659.89","1651.22","1657.19","0.0"
"ETHUSDT","2026-06","1782374400","1657.2","1658.98","1651.03","1652.92","0.0"
"ETHUSDT","2026-06","1782378000","1652.93","1655.41","1646.62","1648.88","0.0"
"ETHUSDT","2026-06","1782381600","1648.89","1649.83","1633.6","1636.58","0.0"
"ETHUSDT","2026-06","1782385200","1636.58","1639.17","1628.05","1633.27","0.0"
"ETHUSDT","2026-06","1782388800","1633.28","1650.38","1624.71","1635.81","0.0"
"ETHUSDT","2026-06","1782392400","1635.82","1640.98","1532.9","1538.15","0.0"
"ETHUSDT","2026-06","1782396000","1538.15","1593.07","1538.15","1568.37","0.0"
"ETHUSDT","2026-06","1782399600","1568.37","1573.55","1544.68","1570.01","0.0"
"ETHUSDT","2026-06","1782403200","1570.01","1587.7","1558.17","1562.04","0.0"
"ETHUSDT","2026-06","1782406800","1562.04","1575.43","1557.56","1574.92","0.0"
"ETHUSDT","2026-06","1782410400","1574.92","1577.49","1560.0","1567.56","0.0"
"ETHUSDT","2026-06","1782414000","1567.56","1567.83","1554.6","1559.42","0.0"
"ETHUSDT","2026-06","1782417600","1559.41","1570.74","1556.73","1560.33","0.0"
"ETHUSDT","2026-06","1782421200","1560.33","1583.09","1560.14","1580.77","0.0"
"ETHUSDT","2026-06","1782424800","1580.76","1583.65","1566.62","1570.3","0.0"
"ETHUSDT","2026-06","1782428400","1570.29","1579.82","1564.57","1567.84","0.0"
"ETHUSDT","2026-06","1782432000","1567.86","1571.78","1563.69","1564.72","0.0"
"ETHUSDT","2026-06","1782435600","1564.73","1568.65","1555.33","1560.13","0.0"
"ETHUSDT","2026-06","1782439200","1560.13","1560.94","1520.0","1524.7","0.0"
"ETHUSDT","2026-06","1782442800","1524.7","1563.65","1512.0","1557.93","0.0"
"ETHUSDT","2026-06","1782446400","1557.93","1560.7","1547.41","1549.79","0.0"
"ETHUSDT","2026-06","1782450000","1549.8","1559.22","1548.4","1555.69","0.0"
"ETHUSDT","2026-06","1782453600","1555.68","1574.02","1543.43","1570.99","0.0"
"ETHUSDT","2026-06","1782457200","1571.0","1586.5","1570.65","1581.12","0.0"
"ETHUSDT","2026-06","1782460800","1581.12","1582.43","1563.55","1566.43","0.0"
"ETHUSDT","2026-06","1782464400","1566.44","1567.28","1549.33","1552.99","0.0"
"ETHUSDT","2026-06","1782468000","1552.99","1556.15","1545.0","1548.37","0.0"
"ETHUSDT","2026-06","1782471600","1548.36","1555.2","1541.01","1545.14","0.0"
"ETHUSDT","2026-06","1782475200","1545.15","1560.61","1527.81","1536.28","0.0"
"ETHUSDT","2026-06","1782478800","1536.29","1571.4","1521.54","1569.4","0.0"
"ETHUSDT","2026-06","1782482400","1569.4","1575.36","1553.66","1559.98","0.0"
"ETHUSDT","2026-06","1782486000","1559.98","1588.23","1559.56","1580.14","0.0"
"ETHUSDT","2026-06","1782489600","1580.13","1594.7","1572.44","1577.84","0.0"
"ETHUSDT","2026-06","1782493200","1577.83","1589.03","1576.59","1581.92","0.0"
"ETHUSDT","2026-06","1782496800","1581.91","1585.51","1570.32","1573.34","0.0"
"ETHUSDT","2026-06","1782500400","1573.35","1584.2","1570.5","1574.51","0.0"
"ETHUSDT","2026-06","1782504000","1574.51","1583.4","1568.0","1571.03","0.0"
"ETHUSDT","2026-06","1782507600","1571.02","1579.4","1568.43","1575.18","0.0"
"ETHUSDT","2026-06","1782511200","1575.17","1579.45","1569.44","1577.95","0.0"
"ETHUSDT","2026-06","1782514800","1577.94","1580.76","1574.44","1578.68","0.0"
"ETHUSDT","2026-06","1782518400","1578.68","1582.07","1571.55","1576.82","0.0"
"ETHUSDT","2026-06","1782522000","1576.83","1577.7","1574.0","1576.01","0.0"
"ETHUSDT","2026-06","1782525600","1576.0","1587.17","1574.64","1583.13","0.0"
"ETHUSDT","2026-06","1782529200","1583.13","1585.09","1578.41","1580.62","0.0"
"ETHUSDT","2026-06","1782532800","1580.62","1585.22","1579.0","1579.48","0.0"
"ETHUSDT","2026-06","1782536400","1579.48","1581.12","1577.0","1578.65","0.0"
"ETHUSDT","2026-06","1782540000","1578.66","1584.61","1575.2","1582.71","0.0"
"ETHUSDT","2026-06","1782543600","1582.71","1586.38","1580.39","1585.71","0.0"
"ETHUSDT","2026-06","1782547200","1585.72","1585.95","1582.05","1584.18","0.0"
"ETHUSDT","2026-06","1782550800","1584.18","1584.91","1579.39","1582.93","0.0"
"ETHUSDT","2026-06","1782554400","1582.93","1584.97","1582.18","1584.31","0.0"
"ETHUSDT","2026-06","1782558000","1584.31","1585.12","1579.0","1584.0","0.0"
"ETHUSDT","2026-06","1782561600","1584.0","1586.49","1581.42","1585.95","0.0"
"ETHUSDT","2026-06","1782565200","1585.95","1593.23","1584.98","1592.3","0.0"
"ETHUSDT","2026-06","1782568800","1592.31","1598.88","1589.49","1594.68","0.0"
"ETHUSDT","2026-06","1782572400","1594.68","1611.02","1594.09","1605.68","0.0"
"ETHUSDT","2026-06","1782576000","1605.68","1607.92","1601.7","1606.97","0.0"
"ETHUSDT","2026-06","1782579600","1606.98","1607.1","1588.6","1591.42","0.0"
"ETHUSDT","2026-06","1782583200","1591.42","1594.7","1589.2","1593.92","0.0"
"ETHUSDT","2026-06","1782586800","1593.91","1595.25","1573.36","1578.51","0.0"
"ETHUSDT","2026-06","1782590400","1578.51","1583.24","1578.48","1581.48","0.0"
"ETHUSDT","2026-06","1782594000","1581.48","1585.69","1573.93","1575.38","0.0"
"ETHUSDT","2026-06","1782597600","1575.38","1579.56","1562.86","1578.98","0.0"
"ETHUSDT","2026-06","1782601200","1578.98","1581.58","1570.55","1573.99","0.0"
"ETHUSDT","2026-06","1782604800","1574.0","1578.08","1572.71","1574.75","0.0"
"ETHUSDT","2026-06","1782608400","1574.74","1576.95","1570.0","1575.11","0.0"
"ETHUSDT","2026-06","1782612000","1575.11","1580.05","1569.07","1572.0","0.0"
"ETHUSDT","2026-06","1782615600","1572.01","1576.11","1572.01","1575.08","0.0"
"ETHUSDT","2026-06","1782619200","1575.08","1577.34","1570.64","1574.32","0.0"
"ETHUSDT","2026-06","1782622800","1574.32","1574.33","1564.33","1569.17","0.0"
"ETHUSDT","2026-06","1782626400","1569.18","1570.65","1562.41","1567.84","0.0"
"ETHUSDT","2026-06","1782630000","1567.85","1577.13","1567.84","1575.96","0.0"
"ETHUSDT","2026-06","1782633600","1575.96","1585.32","1573.75","1581.58","0.0"
"ETHUSDT","2026-06","1782637200","1581.58","1586.35","1578.37","1579.09","0.0"
"ETHUSDT","2026-06","1782640800","1579.08","1581.42","1572.23","1577.16","0.0"
"ETHUSDT","2026-06","1782644400","1577.16","1584.0","1575.9","1582.87","0.0"
"ETHUSDT","2026-06","1782648000","1582.86","1588.82","1578.21","1583.56","0.0"
"ETHUSDT","2026-06","1782651600","1583.56","1583.85","1575.04","1579.68","0.0"
"ETHUSDT","2026-06","1782655200","1579.68","1586.36","1577.92","1581.56","0.0"
"ETHUSDT","2026-06","1782658800","1581.55","1585.36","1577.2","1580.89","0.0"
"ETHUSDT","2026-06","1782662400","1580.9","1581.94","1566.62","1572.85","0.0"
"ETHUSDT","2026-06","1782666000","1572.84","1577.36","1563.53","1572.35","0.0"
"ETHUSDT","2026-06","1782669600","1572.34","1575.15","1569.08","1571.78","0.0"
"ETHUSDT","2026-06","1782673200","1571.79","1574.55","1556.81","1564.62","0.0"
"ETHUSDT","2026-06","1782676800","1564.61","1576.42","1564.3","1573.2","0.0"
"ETHUSDT","2026-06","1782680400","1573.2","1573.87","1559.21","1563.62","0.0"
"ETHUSDT","2026-06","1782684000","1563.63","1582.29","1548.37","1557.09","0.0"
"ETHUSDT","2026-06","1782687600","1557.08","1580.1","1555.35","1571.96","0.0"
"ETHUSDT","2026-06","1782691200","1571.96","1574.69","1552.21","1573.53","0.0"
"ETHUSDT","2026-06","1782694800","1573.53","1574.28","1560.19","1568.7","0.0"
"ETHUSDT","2026-06","1782698400","1568.71","1579.15","1550.43","1576.6","0.0"
"ETHUSDT","2026-06","1782702000","1576.6","1589.75","1576.6","1584.78","0.0"
"ETHUSDT","2026-06","1782705600","1584.77","1585.05","1574.65","1575.5","0.0"
"ETHUSDT","2026-06","1782709200","1575.5","1583.1","1562.26","1583.1","0.0"
"ETHUSDT","2026-06","1782712800","1583.1","1589.08","1579.81","1582.82","0.0"
"ETHUSDT","2026-06","1782716400","1582.82","1584.9","1577.92","1580.16","0.0"
"ETHUSDT","2026-06","1782720000","1580.17","1582.33","1569.85","1572.98","0.0"
"ETHUSDT","2026-06","1782723600","1572.98","1580.44","1570.49","1576.2","0.0"
"ETHUSDT","2026-06","1782727200","1576.2","1587.0","1576.2","1578.6","0.0"
"ETHUSDT","2026-06","1782730800","1578.6","1582.54","1570.32","1574.93","0.0"
"ETHUSDT","2026-06","1782734400","1574.93","1597.28","1566.6","1576.11","0.0"
"ETHUSDT","2026-06","1782738000","1576.12","1588.82","1564.85","1572.74","0.0"
"ETHUSDT","2026-06","1782741600","1572.74","1579.34","1557.35","1572.9","0.0"
"ETHUSDT","2026-06","1782745200","1572.9","1585.41","1561.7","1580.26","0.0"
"ETHUSDT","2026-06","1782748800","1580.26","1587.71","1574.06","1585.37","0.0"
"ETHUSDT","2026-06","1782752400","1585.37","1637.58","1585.37","1628.03","0.0"
"ETHUSDT","2026-06","1782756000","1628.04","1628.61","1618.37","1621.1","0.0"
"ETHUSDT","2026-06","1782759600","1621.1","1627.36","1616.23","1625.6","0.0"
"ETHUSDT","2026-06","1782763200","1625.6","1626.65","1617.37","1617.66","0.0"
"ETHUSDT","2026-06","1782766800","1617.66","1623.0","1611.5","1619.99","0.0"
"ETHUSDT","2026-06","1782770400","1620.0","1622.11","1610.36","1612.9","0.0"
"ETHUSDT","2026-06","1782774000","1612.9","1613.98","1607.41","1613.07","0.0"
"ETHUSDT","2026-06","1782777600","1613.07","1614.41","1592.71","1594.41","0.0"
"ETHUSDT","2026-06","1782781200","1594.42","1599.83","1589.0","1593.92","0.0"
"ETHUSDT","2026-06","1782784800","1593.92","1593.93","1586.49","1590.57","0.0"
"ETHUSDT","2026-06","1782788400","1590.57","1596.18","1586.58","1587.18","0.0"
"ETHUSDT","2026-06","1782792000","1587.18","1590.99","1579.79","1588.11","0.0"
"ETHUSDT","2026-06","1782795600","1588.1","1592.02","1585.22","1591.6","0.0"
"ETHUSDT","2026-06","1782799200","1591.61","1594.65","1589.0","1593.72","0.0"
"ETHUSDT","2026-06","1782802800","1593.72","1596.25","1590.07","1592.51","0.0"
"ETHUSDT","2026-06","1782806400","1592.51","1594.28","1579.54","1583.98","0.0"
"ETHUSDT","2026-06","1782810000","1583.97","1587.03","1581.49","1585.35","0.0"
"ETHUSDT","2026-06","1782813600","1585.35","1586.93","1582.23","1584.51","0.0"
"ETHUSDT","2026-06","1782817200","1584.52","1586.15","1575.85","1578.58","0.0"
"ETHUSDT","2026-06","1782820800","1578.57","1578.58","1551.33","1552.79","0.0"
"ETHUSDT","2026-06","1782824400","1552.8","1567.51","1550.2","1567.29","0.0"
"ETHUSDT","2026-06","1782828000","1567.29","1578.0","1561.33","1563.52","0.0"
"ETHUSDT","2026-06","1782831600","1563.52","1576.94","1557.35","1565.18","0.0"
"ETHUSDT","2026-06","1782835200","1565.19","1575.0","1561.84","1572.38","0.0"
"ETHUSDT","2026-06","1782838800","1572.38","1577.1","1568.64","1570.86","0.0"
"ETHUSDT","2026-06","1782842400","1570.87","1581.83","1569.59","1579.11","0.0"
"ETHUSDT","2026-06","1782846000","1579.1","1581.92","1575.56","1580.53","0.0"
"ETHUSDT","2026-06","1782849600","1580.52","1582.98","1573.4","1575.99","0.0"
"ETHUSDT","2026-06","1782853200","1575.99","1577.26","1570.0","1571.68","0.0"
"ETHUSDT","2026-06","1782856800","1571.68","1575.3","1566.81","1567.64","0.0"
"ETHUSDT","2026-06","1782860400","1567.64","1572.8","1566.0","1572.01","0.0"
"ETHUSDT","2026-07","1782864000","1572.0","1576.7","1566.13","1575.07","0.0"
"ETHUSDT","2026-07","1782867600","1575.07","1586.6","1552.92","1577.91","0.0"
"ETHUSDT","2026-07","1782871200","1577.91","1589.55","1574.53","1586.3","0.0"
"ETHUSDT","2026-07","1782874800","1586.3","1599.19","1582.45","1594.81","0.0"
"ETHUSDT","2026-07","1782878400","1594.81","1604.02","1590.89","1599.35","0.0"
"ETHUSDT","2026-07","1782882000","1599.35","1600.83","1591.21","1593.0","0.0"
"ETHUSDT","2026-07","1782885600","1593.0","1593.15","1571.5","1575.99","0.0"
"ETHUSDT","2026-07","1782889200","1575.99","1581.19","1572.5","1578.36","0.0"
"ETHUSDT","2026-07","1782892800","1578.36","1582.37","1568.51","1582.37","0.0"
"ETHUSDT","2026-07","1782896400","1582.36","1585.33","1578.68","1581.01","0.0"
"ETHUSDT","2026-07","1782900000","1581.0","1581.52","1572.11","1573.43","0.0"
"ETHUSDT","2026-07","1782903600","1573.43","1575.96","1567.13","1569.89","0.0"
"ETHUSDT","2026-07","1782907200","1569.88","1572.49","1565.26","1570.24","0.0"
"ETHUSDT","2026-07","1782910800","1570.24","1598.0","1570.0","1597.22","0.0"
"ETHUSDT","2026-07","1782914400","1597.22","1617.04","1591.2","1601.18","0.0"
"ETHUSDT","2026-07","1782918000","1601.19","1631.0","1600.98","1620.09","0.0"
"ETHUSDT","2026-07","1782921600","1620.1","1629.26","1612.77","1614.54","0.0"
"ETHUSDT","2026-07","1782925200","1614.54","1624.79","1607.17","1622.72","0.0"
"ETHUSDT","2026-07","1782928800","1622.72","1624.5","1612.01","1616.59","0.0"
"ETHUSDT","2026-07","1782932400","1616.59","1624.0","1614.42","1618.09","0.0"
"ETHUSDT","2026-07","1782936000","1618.07","1620.46","1610.38","1617.68","0.0"
"ETHUSDT","2026-07","1782939600","1617.67","1638.63","1617.55","1632.12","0.0"
"ETHUSDT","2026-07","1782943200","1632.11","1646.26","1620.58","1621.63","0.0"
"ETHUSDT","2026-07","1782946800","1621.62","1621.63","1608.35","1609.58","0.0"
"ETHUSDT","2026-07","1782950400","1609.59","1609.8","1597.22","1603.42","0.0"
"ETHUSDT","2026-07","1782954000","1603.42","1625.0","1602.63","1620.48","0.0"
"ETHUSDT","2026-07","1782957600","1620.47","1624.45","1614.64","1620.68","0.0"
"ETHUSDT","2026-07","1782961200","1620.69","1642.32","1618.12","1639.47","0.0"
"ETHUSDT","2026-07","1782964800","1639.46","1639.94","1630.44","1632.71","0.0"
"ETHUSDT","2026-07","1782968400","1632.71","1634.84","1625.21","1626.5","0.0"
"ETHUSDT","2026-07","1782972000","1626.51","1629.88","1617.51","1619.14","0.0"
"ETHUSDT","2026-07","1782975600","1619.14","1619.88","1614.32","1615.97","0.0"
"ETHUSDT","2026-07","1782979200","1615.97","1626.35","1615.08","1624.92","0.0"
"ETHUSDT","2026-07","1782982800","1624.91","1651.95","1620.34","1643.33","0.0"
"ETHUSDT","2026-07","1782986400","1643.32","1649.62","1641.48","1646.12","0.0"
"ETHUSDT","2026-07","1782990000","1646.12","1657.53","1644.53","1650.32","0.0"
"ETHUSDT","2026-07","1782993600","1650.31","1669.72","1647.66","1662.82","0.0"
"ETHUSDT","2026-07","1782997200","1662.81","1713.77","1660.73","1710.72","0.0"
"ETHUSDT","2026-07","1783000800","1710.73","1725.0","1692.96","1701.55","0.0"
"ETHUSDT","2026-07","1783004400","1701.55","1703.5","1688.72","1697.05","0.0"
"ETHUSDT","2026-07","1783008000","1697.06","1704.0","1686.49","1699.67","0.0"
"ETHUSDT","2026-07","1783011600","1699.66","1705.94","1694.51","1695.89","0.0"
"ETHUSDT","2026-07","1783015200","1695.88","1707.14","1695.45","1702.06","0.0"
"ETHUSDT","2026-07","1783018800","1702.05","1705.53","1694.75","1700.15","0.0"
"ETHUSDT","2026-07","1783022400","1700.15","1706.68","1696.08","1705.75","0.0"
"ETHUSDT","2026-07","1783026000","1705.75","1705.89","1697.36","1700.23","0.0"
"ETHUSDT","2026-07","1783029600","1700.23","1700.98","1694.2","1696.88","0.0"
"ETHUSDT","2026-07","1783033200","1696.88","1701.8","1692.13","1700.57","0.0"
"ETHUSDT","2026-07","1783036800","1700.57","1702.98","1694.72","1696.75","0.0"
"ETHUSDT","2026-07","1783040400","1696.75","1718.97","1695.34","1712.33","0.0"
"ETHUSDT","2026-07","1783044000","1712.33","1715.33","1696.23","1704.76","0.0"
"ETHUSDT","2026-07","1783047600","1704.75","1712.11","1699.53","1706.43","0.0"
"ETHUSDT","2026-07","1783051200","1706.43","1708.5","1702.34","1703.08","0.0"
"ETHUSDT","2026-07","1783054800","1703.07","1721.8","1702.28","1714.92","0.0"
"ETHUSDT","2026-07","1783058400","1714.93","1721.53","1712.94","1716.03","0.0"
"ETHUSDT","2026-07","1783062000","1716.03","1722.21","1713.97","1717.77","0.0"
"ETHUSDT","2026-07","1783065600","1717.77","1735.13","1715.68","1719.89","0.0"
"ETHUSDT","2026-07","1783069200","1719.89","1731.25","1717.03","1726.28","0.0"
"ETHUSDT","2026-07","1783072800","1726.27","1749.0","1726.26","1742.16","0.0"
"ETHUSDT","2026-07","1783076400","1742.17","1748.0","1737.47","1742.54","0.0"
"ETHUSDT","2026-07","1783080000","1742.54","1745.03","1731.55","1736.44","0.0"
"ETHUSDT","2026-07","1783083600","1736.44","1753.29","1736.09","1748.15","0.0"
"ETHUSDT","2026-07","1783087200","1748.14","1748.15","1728.99","1737.14","0.0"
"ETHUSDT","2026-07","1783090800","1737.15","1745.9","1729.75","1731.24","0.0"
"ETHUSDT","2026-07","1783094400","1731.24","1735.5","1727.87","1733.63","0.0"
"ETHUSDT","2026-07","1783098000","1733.62","1741.86","1732.33","1738.18","0.0"
"ETHUSDT","2026-07","1783101600","1738.19","1741.13","1736.19","1738.77","0.0"
"ETHUSDT","2026-07","1783105200","1738.78","1753.0","1737.34","1745.38","0.0"
"ETHUSDT","2026-07","1783108800","1745.39","1774.0","1743.61","1766.15","0.0"
"ETHUSDT","2026-07","1783112400","1766.15","1775.78","1756.75","1763.46","0.0"
"ETHUSDT","2026-07","1783116000","1763.46","1764.06","1756.0","1757.52","0.0"
"ETHUSDT","2026-07","1783119600","1757.53","1762.03","1755.45","1758.21","0.0"
"ETHUSDT","2026-07","1783123200","1758.22","1764.0","1756.5","1758.7","0.0"
"ETHUSDT","2026-07","1783126800","1758.7","1758.7","1746.0","1747.93","0.0"
"ETHUSDT","2026-07","1783130400","1747.93","1751.04","1744.09","1749.31","0.0"
"ETHUSDT","2026-07","1783134000","1749.31","1756.74","1747.26","1753.92","0.0"
"ETHUSDT","2026-07","1783137600","1753.91","1764.61","1752.0","1761.67","0.0"
"ETHUSDT","2026-07","1783141200","1761.68","1761.68","1753.27","1755.99","0.0"
"ETHUSDT","2026-07","1783144800","1755.98","1761.27","1751.72","1754.77","0.0"
"ETHUSDT","2026-07","1783148400","1754.78","1759.67","1752.86","1758.19","0.0"
"ETHUSDT","2026-07","1783152000","1758.18","1765.55","1757.39","1762.31","0.0"
"ETHUSDT","2026-07","1783155600","1762.3","1763.05","1755.0","1758.13","0.0"
"ETHUSDT","2026-07","1783159200","1758.12","1760.88","1757.12","1759.14","0.0"
"ETHUSDT","2026-07","1783162800","1759.14","1760.15","1756.19","1758.24","0.0"
"ETHUSDT","2026-07","1783166400","1758.23","1766.45","1758.23","1764.22","0.0"
"ETHUSDT","2026-07","1783170000","1764.22","1778.63","1761.62","1764.06","0.0"
"ETHUSDT","2026-07","1783173600","1764.05","1775.0","1763.92","1772.23","0.0"
"ETHUSDT","2026-07","1783177200","1772.23","1799.92","1772.22","1791.09","0.0"
"ETHUSDT","2026-07","1783180800","1791.08","1792.0","1783.32","1786.81","0.0"
"ETHUSDT","2026-07","1783184400","1786.81","1807.65","1779.0","1799.36","0.0"
"ETHUSDT","2026-07","1783188000","1799.36","1805.84","1791.58","1793.63","0.0"
"ETHUSDT","2026-07","1783191600","1793.62","1797.66","1788.47","1792.83","0.0"
"ETHUSDT","2026-07","1783195200","1792.83","1795.81","1783.84","1787.15","0.0"
"ETHUSDT","2026-07","1783198800","1787.15","1794.25","1786.24","1789.25","0.0"
"ETHUSDT","2026-07","1783202400","1789.25","1789.45","1782.19","1784.73","0.0"
"ETHUSDT","2026-07","1783206000","1784.73","1785.59","1772.1","1780.64","0.0"
"ETHUSDT","2026-07","1783209600","1780.64","1780.75","1769.64","1772.71","0.0"
"ETHUSDT","2026-07","1783213200","1772.7","1774.66","1760.72","1766.62","0.0"
"ETHUSDT","2026-07","1783216800","1766.61","1767.79","1757.0","1760.88","0.0"
"ETHUSDT","2026-07","1783220400","1760.87","1764.0","1757.76","1761.59","0.0"
"ETHUSDT","2026-07","1783224000","1761.58","1772.69","1760.07","1767.54","0.0"
"ETHUSDT","2026-07","1783227600","1767.53","1767.87","1760.5","1765.98","0.0"
"ETHUSDT","2026-07","1783231200","1765.98","1768.0","1762.01","1764.69","0.0"
"ETHUSDT","2026-07","1783234800","1764.69","1772.35","1761.76","1770.1","0.0"
"ETHUSDT","2026-07","1783238400","1770.09","1773.27","1766.46","1767.71","0.0"
"ETHUSDT","2026-07","1783242000","1767.72","1767.83","1748.79","1757.98","0.0"
"ETHUSDT","2026-07","1783245600","1757.99","1761.96","1755.03","1761.39","0.0"
"ETHUSDT","2026-07","1783249200","1761.39","1765.0","1758.7","1760.08","0.0"
"ETHUSDT","2026-07","1783252800","1760.08","1769.44","1756.03","1765.12","0.0"
"ETHUSDT","2026-07","1783256400","1765.12","1767.55","1761.51","1766.26","0.0"
"ETHUSDT","2026-07","1783260000","1766.25","1772.77","1764.96","1772.56","0.0"
"ETHUSDT","2026-07","1783263600","1772.56","1781.28","1770.11","1774.67","0.0"
"ETHUSDT","2026-07","1783267200","1774.66","1777.5","1770.31","1773.0","0.0"
"ETHUSDT","2026-07","1783270800","1773.0","1785.75","1772.99","1779.48","0.0"
"ETHUSDT","2026-07","1783274400","1779.47","1786.23","1777.8","1781.28","0.0"
"ETHUSDT","2026-07","1783278000","1781.28","1784.52","1777.7","1781.43","0.0"
"ETHUSDT","2026-07","1783281600","1781.44","1783.53","1776.26","1777.1","0.0"
"ETHUSDT","2026-07","1783285200","1777.1","1793.25","1769.29","1786.88","0.0"
"ETHUSDT","2026-07","1783288800","1786.91","1808.0","1784.34","1790.0","0.0"
"ETHUSDT","2026-07","1783292400","1789.99","1802.75","1782.75","1785.65","0.0"
"ETHUSDT","2026-07","1783296000","1785.65","1794.13","1774.35","1793.28","0.0"
"ETHUSDT","2026-07","1783299600","1793.27","1799.02","1785.4","1786.31","0.0"
"ETHUSDT","2026-07","1783303200","1786.31","1790.28","1779.26","1783.71","0.0"
"ETHUSDT","2026-07","1783306800","1783.71","1784.99","1772.22","1779.71","0.0"
"ETHUSDT","2026-07","1783310400","1779.7","1784.79","1776.34","1777.98","0.0"
"ETHUSDT","2026-07","1783314000","1777.98","1778.18","1764.42","1774.06","0.0"
"ETHUSDT","2026-07","1783317600","1774.06","1775.28","1769.23","1769.63","0.0"
"ETHUSDT","2026-07","1783321200","1769.64","1775.54","1766.98","1772.32","0.0"
"ETHUSDT","2026-07","1783324800","1772.32","1778.6","1763.08","1765.55","0.0"
"ETHUSDT","2026-07","1783328400","1765.54","1766.3","1755.77","1758.67","0.0"
"ETHUSDT","2026-07","1783332000","1758.67","1774.32","1758.24","1771.09","0.0"
"ETHUSDT","2026-07","1783335600","1771.1","1775.65","1759.59","1759.64","0.0"
"ETHUSDT","2026-07","1783339200","1759.64","1760.92","1735.27","1740.85","0.0"
"ETHUSDT","2026-07","1783342800","1740.85","1753.54","1728.95","1744.89","0.0"
"ETHUSDT","2026-07","1783346400","1744.89","1763.14","1742.1","1751.78","0.0"
"ETHUSDT","2026-07","1783350000","1751.79","1788.96","1751.56","1788.57","0.0"
"ETHUSDT","2026-07","1783353600","1788.57","1805.0","1782.42","1792.51","0.0"
"ETHUSDT","2026-07","1783357200","1792.5","1800.4","1787.3","1788.26","0.0"
"ETHUSDT","2026-07","1783360800","1788.27","1796.24","1786.76","1792.68","0.0"
"ETHUSDT","2026-07","1783364400","1792.69","1798.8","1791.18","1792.76","0.0"
"ETHUSDT","2026-07","1783368000","1792.76","1796.4","1787.26","1793.04","0.0"
"ETHUSDT","2026-07","1783371600","1793.04","1833.4","1792.63","1814.88","0.0"
"ETHUSDT","2026-07","1783375200","1814.88","1816.82","1804.7","1806.3","0.0"
"ETHUSDT","2026-07","1783378800","1806.29","1810.08","1797.55","1799.56","0.0"
"ETHUSDT","2026-07","1783382400","1799.56","1810.16","1794.86","1803.74","0.0"
"ETHUSDT","2026-07","1783386000","1803.74","1803.74","1787.35","1792.64","0.0"
"ETHUSDT","2026-07","1783389600","1792.65","1794.48","1777.0","1778.57","0.0"
"ETHUSDT","2026-07","1783393200","1778.57","1781.56","1768.85","1771.56","0.0"
"ETHUSDT","2026-07","1783396800","1771.55","1773.71","1762.66","1766.53","0.0"
"ETHUSDT","2026-07","1783400400","1766.52","1773.71","1757.57","1770.58","0.0"
"ETHUSDT","2026-07","1783404000","1770.57","1782.39","1764.84","1779.11","0.0"
"ETHUSDT","2026-07","1783407600","1779.11","1782.59","1771.08","1771.24","0.0"
"ETHUSDT","2026-07","1783411200","1771.23","1775.8","1768.37","1770.78","0.0"
"ETHUSDT","2026-07","1783414800","1770.77","1783.04","1768.81","1778.16","0.0"
"ETHUSDT","2026-07","1783418400","1778.16","1784.66","1774.35","1775.8","0.0"
"ETHUSDT","2026-07","1783422000","1775.8","1785.0","1772.0","1780.77","0.0"
"ETHUSDT","2026-07","1783425600","1780.77","1794.57","1780.27","1781.97","0.0"
"ETHUSDT","2026-07","1783429200","1781.97","1783.28","1766.06","1769.01","0.0"
"ETHUSDT","2026-07","1783432800","1769.02","1792.93","1761.19","1789.46","0.0"
"ETHUSDT","2026-07","1783436400","1789.45","1803.03","1783.0","1797.45","0.0"
"ETHUSDT","2026-07","1783440000","1797.45","1813.16","1792.44","1802.23","0.0"
"ETHUSDT","2026-07","1783443600","1802.23","1810.39","1798.54","1810.39","0.0"
"ETHUSDT","2026-07","1783447200","1810.39","1810.39","1785.88","1786.6","0.0"
"ETHUSDT","2026-07","1783450800","1786.6","1792.39","1773.5","1790.45","0.0"
"ETHUSDT","2026-07","1783454400","1790.46","1793.12","1781.39","1784.12","0.0"
"ETHUSDT","2026-07","1783458000","1784.12","1789.4","1771.05","1773.84","0.0"
"ETHUSDT","2026-07","1783461600","1773.83","1778.57","1765.35","1775.55","0.0"
"ETHUSDT","2026-07","1783465200","1775.55","1780.94","1768.0","1771.45","0.0"
"ETHUSDT","2026-07","1783468800","1771.45","1785.0","1770.02","1780.29","0.0"
"ETHUSDT","2026-07","1783472400","1780.29","1780.75","1750.0","1755.94","0.0"
"ETHUSDT","2026-07","1783476000","1755.93","1759.67","1741.21","1757.62","0.0"
"ETHUSDT","2026-07","1783479600","1757.63","1763.87","1749.21","1751.78","0.0"
"ETHUSDT","2026-07","1783483200","1751.74","1758.0","1749.49","1756.5","0.0"
"ETHUSDT","2026-07","1783486800","1756.5","1759.69","1750.65","1754.14","0.0"
"ETHUSDT","2026-07","1783490400","1754.15","1755.0","1746.34","1751.81","0.0"
"ETHUSDT","2026-07","1783494000","1751.81","1757.4","1745.01","1756.7","0.0"
"ETHUSDT","2026-07","1783497600","1756.7","1758.7","1725.18","1735.32","0.0"
"ETHUSDT","2026-07","1783501200","1735.32","1740.77","1729.7","1736.05","0.0"
"ETHUSDT","2026-07","1783504800","1736.06","1742.3","1732.6","1739.34","0.0"
"ETHUSDT","2026-07","1783508400","1739.34","1750.96","1736.02","1747.95","0.0"
"ETHUSDT","2026-07","1783512000","1747.95","1751.25","1738.2","1738.58","0.0"
"ETHUSDT","2026-07","1783515600","1738.58","1744.25","1731.22","1737.72","0.0"
"ETHUSDT","2026-07","1783519200","1737.71","1740.95","1722.13","1729.62","0.0"
"ETHUSDT","2026-07","1783522800","1729.62","1730.53","1713.44","1722.96","0.0"
"ETHUSDT","2026-07","1783526400","1722.96","1738.18","1722.78","1736.38","0.0"
"ETHUSDT","2026-07","1783530000","1736.39","1746.52","1730.96","1733.15","0.0"
"ETHUSDT","2026-07","1783533600","1733.16","1741.2","1730.03","1737.46","0.0"
"ETHUSDT","2026-07","1783537200","1737.46","1741.52","1733.61","1740.98","0.0"
"ETHUSDT","2026-07","1783540800","1740.99","1741.31","1734.62","1736.42","0.0"
"ETHUSDT","2026-07","1783544400","1736.42","1740.0","1731.41","1738.06","0.0"
"ETHUSDT","2026-07","1783548000","1738.07","1743.43","1736.83","1741.4","0.0"
"ETHUSDT","2026-07","1783551600","1741.39","1744.81","1738.82","1743.54","0.0"
"ETHUSDT","2026-07","1783555200","1743.55","1744.68","1736.98","1738.22","0.0"
"ETHUSDT","2026-07","1783558800","1738.22","1756.79","1730.29","1731.79","0.0"
"ETHUSDT","2026-07","1783562400","1731.8","1739.47","1723.6","1727.3","0.0"
"ETHUSDT","2026-07","1783566000","1727.3","1734.61","1721.93","1730.7","0.0"
"ETHUSDT","2026-07","1783569600","1730.7","1743.94","1730.35","1742.51","0.0"
"ETHUSDT","2026-07","1783573200","1742.51","1749.48","1737.46","1749.39","0.0"
"ETHUSDT","2026-07","1783576800","1749.38","1755.69","1745.91","1755.26","0.0"
"ETHUSDT","2026-07","1783580400","1755.27","1762.36","1749.83","1753.31","0.0"
"ETHUSDT","2026-07","1783584000","1753.3","1758.68","1750.92","1754.45","0.0"
"ETHUSDT","2026-07","1783587600","1754.45","1756.52","1749.47","1755.78","0.0"
"ETHUSDT","2026-07","1783591200","1755.77","1757.34","1744.1","1746.31","0.0"
"ETHUSDT","2026-07","1783594800","1746.31","1748.49","1741.26","1744.02","0.0"
"ETHUSDT","2026-07","1783598400","1744.02","1747.2","1734.7","1741.8","0.0"
"ETHUSDT","2026-07","1783602000","1741.8","1752.0","1735.94","1746.99","0.0"
"ETHUSDT","2026-07","1783605600","1746.99","1749.83","1733.36","1743.14","0.0"
"ETHUSDT","2026-07","1783609200","1743.14","1749.37","1737.52","1739.51","0.0"
"ETHUSDT","2026-07","1783612800","1739.51","1743.84","1731.99","1739.25","0.0"
"ETHUSDT","2026-07","1783616400","1739.25","1752.5","1738.46","1748.52","0.0"
"ETHUSDT","2026-07","1783620000","1748.53","1759.82","1747.47","1751.55","0.0"
"ETHUSDT","2026-07","1783623600","1751.56","1752.95","1747.12","1748.51","0.0"
"ETHUSDT","2026-07","1783627200","1748.51","1750.36","1745.27","1748.76","0.0"
"ETHUSDT","2026-07","1783630800","1748.77","1750.97","1745.01","1748.17","0.0"
"ETHUSDT","2026-07","1783634400","1748.17","1751.08","1746.33","1747.52","0.0"
"ETHUSDT","2026-07","1783638000","1747.53","1749.07","1741.56","1745.16","0.0"
"ETHUSDT","2026-07","1783641600","1745.17","1746.42","1737.68","1743.09","0.0"
"ETHUSDT","2026-07","1783645200","1743.09","1777.47","1738.25","1767.62","0.0"
"ETHUSDT","2026-07","1783648800","1767.62","1775.0","1764.56","1772.86","0.0"
"ETHUSDT","2026-07","1783652400","1772.87","1779.68","1769.22","1776.12","0.0"
"ETHUSDT","2026-07","1783656000","1776.13","1780.33","1771.94","1774.75","0.0"
"ETHUSDT","2026-07","1783659600","1774.74","1780.0","1772.54","1779.04","0.0"
"ETHUSDT","2026-07","1783663200","1779.04","1779.88","1769.23","1771.17","0.0"
"ETHUSDT","2026-07","1783666800","1771.17","1777.45","1768.57","1773.2","0.0"
"ETHUSDT","2026-07","1783670400","1773.2","1789.59","1772.63","1783.99","0.0"
"ETHUSDT","2026-07","1783674000","1783.99","1794.94","1781.27","1792.56","0.0"
"ETHUSDT","2026-07","1783677600","1792.55","1802.99","1789.45","1797.01","0.0"
"ETHUSDT","2026-07","1783681200","1797.01","1802.41","1794.25","1801.22","0.0"
"ETHUSDT","2026-07","1783684800","1801.22","1807.18","1792.98","1793.95","0.0"
"ETHUSDT","2026-07","1783688400","1793.95","1812.0","1793.65","1803.82","0.0"
"ETHUSDT","2026-07","1783692000","1803.82","1804.49","1775.0","1785.06","0.0"
"ETHUSDT","2026-07","1783695600","1785.06","1796.88","1784.03","1791.11","0.0"
"ETHUSDT","2026-07","1783699200","1791.11","1799.53","1785.86","1797.49","0.0"
"ETHUSDT","2026-07","1783702800","1797.48","1799.0","1788.02","1788.03","0.0"
"ETHUSDT","2026-07","1783706400","1788.03","1794.0","1781.2","1784.94","0.0"
"ETHUSDT","2026-07","1783710000","1784.94","1797.31","1784.1","1792.68","0.0"
"ETHUSDT","2026-07","1783713600","1792.68","1794.46","1789.65","1790.14","0.0"
"ETHUSDT","2026-07","1783717200","1790.13","1796.99","1789.6","1794.37","0.0"
"ETHUSDT","2026-07","1783720800","1794.37","1796.62","1792.95","1795.2","0.0"
"ETHUSDT","2026-07","1783724400","1795.2","1798.0","1792.57","1796.85","0.0"
"ETHUSDT","2026-07","1783728000","1796.85","1797.2","1790.1","1793.36","0.0"
"ETHUSDT","2026-07","1783731600","1793.35","1799.29","1788.25","1789.09","0.0"
"ETHUSDT","2026-07","1783735200","1789.09","1796.14","1786.77","1795.59","0.0"
"ETHUSDT","2026-07","1783738800","1795.59","1798.24","1792.03","1796.5","0.0"
"ETHUSDT","2026-07","1783742400","1796.5","1800.18","1795.75","1796.53","0.0"
"ETHUSDT","2026-07","1783746000","1796.52","1802.27","1795.07","1799.45","0.0"
"ETHUSDT","2026-07","1783749600","1799.44","1803.29","1794.6","1799.32","0.0"
"ETHUSDT","2026-07","1783753200","1799.31","1802.0","1797.93","1800.0","0.0"
"ETHUSDT","2026-07","1783756800","1799.99","1803.52","1799.58","1801.47","0.0"
"ETHUSDT","2026-07","1783760400","1801.47","1802.59","1795.15","1795.5","0.0"
"ETHUSDT","2026-07","1783764000","1795.51","1799.28","1795.23","1798.3","0.0"
"ETHUSDT","2026-07","1783767600","1798.3","1801.02","1797.2","1800.48","0.0"
"ETHUSDT","2026-07","1783771200","1800.47","1801.66","1798.42","1800.1","0.0"
"ETHUSDT","2026-07","1783774800","1800.1","1808.37","1799.15","1802.61","0.0"
"ETHUSDT","2026-07","1783778400","1802.61","1817.62","1802.48","1810.73","0.0"
"ETHUSDT","2026-07","1783782000","1810.73","1828.0","1808.73","1814.83","0.0"
"ETHUSDT","2026-07","1783785600","1814.82","1824.43","1810.62","1823.34","0.0"
"ETHUSDT","2026-07","1783789200","1823.34","1830.0","1818.42","1824.73","0.0"
"ETHUSDT","2026-07","1783792800","1824.72","1830.0","1823.7","1826.39","0.0"
"ETHUSDT","2026-07","1783796400","1826.39","1827.21","1818.96","1824.38","0.0"
"ETHUSDT","2026-07","1783800000","1824.38","1828.57","1823.21","1825.97","0.0"
"ETHUSDT","2026-07","1783803600","1825.97","1829.17","1822.65","1823.97","0.0"
"ETHUSDT","2026-07","1783807200","1823.96","1824.21","1809.26","1813.73","0.0"
"ETHUSDT","2026-07","1783810800","1813.73","1815.86","1786.58","1787.76","0.0"
"ETHUSDT","2026-07","1783814400","1787.76","1791.18","1779.46","1788.98","0.0"
"ETHUSDT","2026-07","1783818000","1788.98","1808.3","1788.16","1806.7","0.0"
"ETHUSDT","2026-07","1783821600","1806.7","1807.6","1802.97","1805.12","0.0"
"ETHUSDT","2026-07","1783825200","1805.11","1813.67","1802.66","1811.53","0.0"
"ETHUSDT","2026-07","1783828800","1811.53","1812.63","1804.15","1805.92","0.0"
"ETHUSDT","2026-07","1783832400","1805.92","1807.15","1801.3","1803.25","0.0"
"ETHUSDT","2026-07","1783836000","1803.25","1803.25","1789.44","1795.13","0.0"
"ETHUSDT","2026-07","1783839600","1795.14","1799.1","1794.2","1798.78","0.0"
"ETHUSDT","2026-07","1783843200","1798.78","1808.94","1798.73","1805.22","0.0"
"ETHUSDT","2026-07","1783846800","1805.22","1805.99","1796.69","1802.39","0.0"
"ETHUSDT","2026-07","1783850400","1802.4","1802.58","1798.99","1799.4","0.0"
"ETHUSDT","2026-07","1783854000","1799.41","1806.84","1796.48","1803.77","0.0"
"ETHUSDT","2026-07","1783857600","1803.77","1809.42","1803.0","1807.01","0.0"
"ETHUSDT","2026-07","1783861200","1807.02","1809.78","1805.33","1805.95","0.0"
"ETHUSDT","2026-07","1783864800","1805.95","1822.0","1804.2","1819.51","0.0"
"ETHUSDT","2026-07","1783868400","1819.5","1826.92","1816.54","1820.93","0.0"
"ETHUSDT","2026-07","1783872000","1820.94","1824.39","1817.6","1822.0","0.0"
"ETHUSDT","2026-07","1783875600","1821.99","1822.54","1814.85","1818.5","0.0"
"ETHUSDT","2026-07","1783879200","1818.51","1822.38","1815.12","1821.42","0.0"
"ETHUSDT","2026-07","1783882800","1821.42","1823.0","1818.71","1821.4","0.0"
"ETHUSDT","2026-07","1783886400","1821.4","1824.0","1818.8","1821.26","0.0"
"ETHUSDT","2026-07","1783890000","1821.26","1823.63","1810.78","1812.28","0.0"
"ETHUSDT","2026-07","1783893600","1812.27","1812.27","1797.63","1805.06","0.0"
"ETHUSDT","2026-07","1783897200","1805.05","1808.94","1801.0","1806.8","0.0"
"ETHUSDT","2026-07","1783900800","1806.8","1846.0","1804.41","1826.59","0.0"
"ETHUSDT","2026-07","1783904400","1826.6","1829.99","1805.32","1806.83","0.0"
"ETHUSDT","2026-07","1783908000","1806.84","1814.82","1798.99","1806.99","0.0"
"ETHUSDT","2026-07","1783911600","1806.99","1806.99","1775.0","1780.55","0.0"
"ETHUSDT","2026-07","1783915200","1780.54","1785.16","1776.42","1779.03","0.0"
"ETHUSDT","2026-07","1783918800","1779.03","1786.61","1773.99","1781.64","0.0"
"ETHUSDT","2026-07","1783922400","1781.64","1783.42","1775.96","1777.85","0.0"
"ETHUSDT","2026-07","1783926000","1777.85","1791.39","1776.44","1787.57","0.0"
"ETHUSDT","2026-07","1783929600","1787.58","1793.56","1783.86","1790.17","0.0"
"ETHUSDT","2026-07","1783933200","1790.18","1790.55","1784.92","1785.81","0.0"
"ETHUSDT","2026-07","1783936800","1785.81","1786.89","1777.1","1779.43","0.0"
"ETHUSDT","2026-07","1783940400","1779.43","1784.98","1779.43","1780.74","0.0"
"ETHUSDT","2026-07","1783944000","1780.74","1783.54","1767.73","1772.33","0.0"
"ETHUSDT","2026-07","1783947600","1772.33","1776.54","1763.46","1771.3","0.0"
"ETHUSDT","2026-07","1783951200","1771.3","1782.0","1762.44","1781.74","0.0"
"ETHUSDT","2026-07","1783954800","1781.74","1786.53","1775.5","1777.01","0.0"
"ETHUSDT","2026-07","1783958400","1777.0","1780.73","1767.38","1772.05","0.0"
"ETHUSDT","2026-07","1783962000","1772.05","1776.33","1753.25","1753.62","0.0"
"ETHUSDT","2026-07","1783965600","1753.62","1767.39","1750.2","1764.9","0.0"
"ETHUSDT","2026-07","1783969200","1764.9","1775.26","1764.51","1774.92","0.0"
"ETHUSDT","2026-07","1783972800","1774.93","1776.99","1761.72","1767.33","0.0"
"ETHUSDT","2026-07","1783976400","1767.34","1767.34","1752.59","1761.68","0.0"
"ETHUSDT","2026-07","1783980000","1761.68","1768.45","1756.41","1758.5","0.0"
"ETHUSDT","2026-07","1783983600","1758.51","1778.05","1756.49","1776.72","0.0"
"ETHUSDT","2026-07","1783987200","1776.71","1788.64","1773.41","1786.02","0.0"
"ETHUSDT","2026-07","1783990800","1786.02","1794.47","1783.27","1784.84","0.0"
"ETHUSDT","2026-07","1783994400","1784.83","1789.02","1775.07","1782.66","0.0"
"ETHUSDT","2026-07","1783998000","1782.67","1783.96","1774.75","1783.65","0.0"
"ETHUSDT","2026-07","1784001600","1783.64","1789.99","1782.26","1785.93","0.0"
"ETHUSDT","2026-07","1784005200","1785.92","1793.26","1784.53","1787.04","0.0"
"ETHUSDT","2026-07","1784008800","1787.03","1787.4","1781.92","1783.19","0.0"
"ETHUSDT","2026-07","1784012400","1783.19","1786.55","1779.41","1781.21","0.0"
"ETHUSDT","2026-07","1784016000","1781.21","1789.61","1779.0","1785.93","0.0"
"ETHUSDT","2026-07","1784019600","1785.94","1789.56","1782.9","1786.19","0.0"
"ETHUSDT","2026-07","1784023200","1786.19","1805.0","1786.11","1800.12","0.0"
"ETHUSDT","2026-07","1784026800","1800.13","1802.95","1795.82","1798.09","0.0"
"ETHUSDT","2026-07","1784030400","1798.09","1867.71","1794.37","1861.04","0.0"
"ETHUSDT","2026-07","1784034000","1861.04","1882.85","1854.41","1871.31","0.0"
"ETHUSDT","2026-07","1784037600","1871.3","1884.56","1859.46","1881.16","0.0"
"ETHUSDT","2026-07","1784041200","1881.17","1888.8","1872.85","1875.22","0.0"
"ETHUSDT","2026-07","1784044800","1875.22","1877.07","1868.76","1873.79","0.0"
"ETHUSDT","2026-07","1784048400","1873.8","1873.8","1860.56","1871.54","0.0"
"ETHUSDT","2026-07","1784052000","1871.55","1876.83","1868.18","1874.79","0.0"
"ETHUSDT","2026-07","1784055600","1874.79","1881.56","1874.43","1876.74","0.0"
"ETHUSDT","2026-07","1784059200","1876.74","1878.55","1873.63","1875.42","0.0"
"ETHUSDT","2026-07","1784062800","1875.41","1879.74","1874.4","1876.46","0.0"
"ETHUSDT","2026-07","1784066400","1876.46","1896.14","1872.06","1882.04","0.0"
"ETHUSDT","2026-07","1784070000","1882.04","1893.32","1878.69","1891.87","0.0"
"ETHUSDT","2026-07","1784073600","1891.87","1893.32","1878.13","1881.58","0.0"
"ETHUSDT","2026-07","1784077200","1881.58","1881.98","1867.23","1870.2","0.0"
"ETHUSDT","2026-07","1784080800","1870.19","1873.04","1864.38","1864.6","0.0"
"ETHUSDT","2026-07","1784084400","1864.6","1878.96","1864.46","1876.08","0.0"
"ETHUSDT","2026-07","1784088000","1876.08","1880.59","1873.31","1876.49","0.0"
"ETHUSDT","2026-07","1784091600","1876.5","1883.54","1871.64","1882.68","0.0"
"ETHUSDT","2026-07","1784095200","1882.69","1891.89","1875.52","1875.87","0.0"
"ETHUSDT","2026-07","1784098800","1875.87","1877.16","1864.7","1870.04","0.0"
"ETHUSDT","2026-07","1784102400","1870.04","1879.64","1870.03","1879.22","0.0"
"ETHUSDT","2026-07","1784106000","1879.22","1886.59","1879.18","1879.86","0.0"
"ETHUSDT","2026-07","1784109600","1879.86","1886.55","1874.98","1878.11","0.0"
"ETHUSDT","2026-07","1784113200","1878.12","1885.71","1877.48","1884.62","0.0"
"ETHUSDT","2026-07","1784116800","1884.62","1929.94","1879.25","1927.16","0.0"
"ETHUSDT","2026-07","1784120400","1927.17","1946.52","1917.16","1925.76","0.0"
"ETHUSDT","2026-07","1784124000","1925.77","1935.51","1919.12","1933.23","0.0"
"ETHUSDT","2026-07","1784127600","1933.24","1937.6","1925.95","1931.95","0.0"
"ETHUSDT","2026-07","1784131200","1931.96","1932.95","1904.36","1919.62","0.0"
"ETHUSDT","2026-07","1784134800","1919.62","1931.22","1919.44","1927.94","0.0"
"ETHUSDT","2026-07","1784138400","1927.93","1937.0","1922.62","1924.47","0.0"
"ETHUSDT","2026-07","1784142000","1924.47","1929.06","1918.92","1924.15","0.0"
"ETHUSDT","2026-07","1784145600","1924.15","1930.71","1919.71","1923.75","0.0"
"ETHUSDT","2026-07","1784149200","1923.75","1925.73","1919.8","1922.0","0.0"
"ETHUSDT","2026-07","1784152800","1922.0","1928.58","1918.3","1923.43","0.0"
"ETHUSDT","2026-07","1784156400","1923.43","1927.28","1914.89","1917.86","0.0"
"ETHUSDT","2026-07","1784160000","1917.86","1924.98","1911.61","1914.86","0.0"
"ETHUSDT","2026-07","1784163600","1914.85","1926.0","1908.12","1922.7","0.0"
"ETHUSDT","2026-07","1784167200","1922.69","1926.23","1918.97","1925.37","0.0"
"ETHUSDT","2026-07","1784170800","1925.36","1929.0","1917.08","1918.7","0.0"
"ETHUSDT","2026-07","1784174400","1918.7","1920.98","1914.13","1918.31","0.0"
"ETHUSDT","2026-07","1784178000","1918.3","1927.63","1917.12","1925.66","0.0"
"ETHUSDT","2026-07","1784181600","1925.65","1929.48","1915.56","1922.53","0.0"
"ETHUSDT","2026-07","1784185200","1922.54","1922.54","1905.0","1910.63","0.0"
"ETHUSDT","2026-07","1784188800","1910.64","1912.85","1875.56","1886.09","0.0"
"ETHUSDT","2026-07","1784192400","1886.09","1889.28","1880.41","1884.67","0.0"
"ETHUSDT","2026-07","1784196000","1884.68","1891.78","1883.77","1888.58","0.0"
"ETHUSDT","2026-07","1784199600","1888.58","1888.58","1879.32","1885.26","0.0"
"ETHUSDT","2026-07","1784203200","1885.26","1885.26","1867.68","1872.55","0.0"
"ETHUSDT","2026-07","1784206800","1872.55","1890.23","1871.05","1882.81","0.0"
"ETHUSDT","2026-07","1784210400","1882.8","1893.0","1874.98","1883.52","0.0"
"ETHUSDT","2026-07","1784214000","1883.52","1894.38","1871.12","1881.88","0.0"
"ETHUSDT","2026-07","1784217600","1881.89","1883.0","1874.67","1878.9","0.0"
"ETHUSDT","2026-07","1784221200","1878.9","1879.25","1862.57","1868.91","0.0"
"ETHUSDT","2026-07","1784224800","1868.92","1879.69","1868.1","1875.85","0.0"
"ETHUSDT","2026-07","1784228400","1875.85","1877.75","1871.09","1875.59","0.0"
"ETHUSDT","2026-07","1784232000","1875.59","1875.7","1871.66","1871.89","0.0"
"ETHUSDT","2026-07","1784235600","1871.9","1881.36","1871.77","1878.66","0.0"
"ETHUSDT","2026-07","1784239200","1878.67","1881.59","1868.04","1868.89","0.0"
"ETHUSDT","2026-07","1784242800","1868.89","1870.66","1857.54","1864.71","0.0"
"ETHUSDT","2026-07","1784246400","1864.71","1866.71","1848.32","1865.77","0.0"
"ETHUSDT","2026-07","1784250000","1865.77","1871.08","1848.07","1851.21","0.0"
"ETHUSDT","2026-07","1784253600","1851.22","1855.61","1843.2","1848.1","0.0"
"ETHUSDT","2026-07","1784257200","1848.09","1859.64","1847.32","1852.53","0.0"
"ETHUSDT","2026-07","1784260800","1852.53","1853.08","1844.0","1850.07","0.0"
"ETHUSDT","2026-07","1784264400","1850.06","1850.06","1821.36","1823.94","0.0"
"ETHUSDT","2026-07","1784268000","1823.94","1836.55","1820.74","1832.31","0.0"
"ETHUSDT","2026-07","1784271600","1832.31","1833.56","1826.29","1828.52","0.0"
"ETHUSDT","2026-07","1784275200","1828.52","1832.51","1821.41","1830.15","0.0"
"ETHUSDT","2026-07","1784278800","1830.16","1836.27","1829.29","1835.1","0.0"
"ETHUSDT","2026-07","1784282400","1835.1","1840.4","1834.3","1836.97","0.0"
"ETHUSDT","2026-07","1784286000","1836.98","1843.26","1833.3","1839.04","0.0"
"ETHUSDT","2026-07","1784289600","1839.05","1840.58","1827.73","1828.54","0.0"
"ETHUSDT","2026-07","1784293200","1828.54","1829.23","1803.05","1825.5","0.0"
"ETHUSDT","2026-07","1784296800","1825.5","1834.0","1817.18","1822.16","0.0"
"ETHUSDT","2026-07","1784300400","1822.16","1831.26","1810.77","1830.88","0.0"
"ETHUSDT","2026-07","1784304000","1830.89","1840.51","1825.32","1835.91","0.0"
"ETHUSDT","2026-07","1784307600","1835.91","1856.17","1835.91","1843.71","0.0"
"ETHUSDT","2026-07","1784311200","1843.72","1849.67","1835.18","1846.99","0.0"
"ETHUSDT","2026-07","1784314800","1846.98","1846.99","1835.65","1843.76","0.0"
"ETHUSDT","2026-07","1784318400","1843.76","1846.2","1837.15","1842.93","0.0"
"ETHUSDT","2026-07","1784322000","1842.93","1846.65","1840.5","1841.54","0.0"
"ETHUSDT","2026-07","1784325600","1841.55","1843.89","1837.62","1839.95","0.0"
"ETHUSDT","2026-07","1784329200","1839.94","1844.47","1835.27","1841.93","0.0"
"ETHUSDT","2026-07","1784332800","1841.94","1845.0","1839.86","1840.84","0.0"
"ETHUSDT","2026-07","1784336400","1840.84","1843.39","1839.38","1842.48","0.0"
"ETHUSDT","2026-07","1784340000","1842.49","1846.74","1840.73","1841.91","0.0"
"ETHUSDT","2026-07","1784343600","1841.91","1846.49","1841.46","1845.96","0.0"
"ETHUSDT","2026-07","1784347200","1845.96","1846.19","1842.56","1844.7","0.0"
"ETHUSDT","2026-07","1784350800","1844.7","1849.68","1843.19","1845.86","0.0"
"ETHUSDT","2026-07","1784354400","1845.85","1848.0","1843.11","1844.97","0.0"
"ETHUSDT","2026-07","1784358000","1844.98","1846.04","1843.04","1844.2","0.0"
"ETHUSDT","2026-07","1784361600","1844.2","1849.44","1842.3","1847.43","0.0"
"ETHUSDT","2026-07","1784365200","1847.44","1848.03","1842.93","1844.87","0.0"
"ETHUSDT","2026-07","1784368800","1844.87","1846.72","1844.01","1845.57","0.0"
"ETHUSDT","2026-07","1784372400","1845.57","1846.85","1844.37","1845.56","0.0"
"ETHUSDT","2026-07","1784376000","1845.56","1850.64","1840.17","1844.98","0.0"
"ETHUSDT","2026-07","1784379600","1844.97","1844.97","1837.58","1841.61","0.0"
"ETHUSDT","2026-07","1784383200","1841.61","1846.27","1840.64","1845.95","0.0"
"ETHUSDT","2026-07","1784386800","1845.95","1846.35","1842.12","1844.15","0.0"
"ETHUSDT","2026-07","1784390400","1844.15","1847.14","1841.51","1846.11","0.0"
"ETHUSDT","2026-07","1784394000","1846.11","1853.48","1843.54","1852.82","0.0"
"ETHUSDT","2026-07","1784397600","1852.83","1867.58","1850.01","1857.54","0.0"
"ETHUSDT","2026-07","1784401200","1857.53","1861.4","1855.92","1858.45","0.0"
"ETHUSDT","2026-07","1784404800","1858.45","1863.37","1855.47","1857.34","0.0"
"ETHUSDT","2026-07","1784408400","1857.35","1863.18","1855.96","1860.97","0.0"
"ETHUSDT","2026-07","1784412000","1860.97","1865.86","1859.9","1863.7","0.0"
"ETHUSDT","2026-07","1784415600","1863.7","1864.45","1860.1","1862.61","0.0"
"ETHUSDT","2026-07","1784419200","1862.61","1863.88","1859.2","1861.45","0.0"
"ETHUSDT","2026-07","1784422800","1861.45","1861.53","1858.3","1859.18","0.0"
"ETHUSDT","2026-07","1784426400","1859.19","1877.33","1858.17","1871.44","0.0"
"ETHUSDT","2026-07","1784430000","1871.45","1872.99","1863.84","1867.08","0.0"
"ETHUSDT","2026-07","1784433600","1867.08","1870.2","1864.21","1867.33","0.0"
"ETHUSDT","2026-07","1784437200","1867.32","1870.2","1865.61","1868.56","0.0"
"ETHUSDT","2026-07","1784440800","1868.55","1871.43","1868.2","1869.39","0.0"
"ETHUSDT","2026-07","1784444400","1869.39","1871.99","1867.14","1870.25","0.0"
"ETHUSDT","2026-07","1784448000","1870.26","1875.33","1867.76","1873.88","0.0"
"ETHUSDT","2026-07","1784451600","1873.89","1874.17","1864.55","1866.16","0.0"
"ETHUSDT","2026-07","1784455200","1866.15","1879.38","1863.46","1872.25","0.0"
"ETHUSDT","2026-07","1784458800","1872.25","1878.86","1870.0","1871.41","0.0"
"ETHUSDT","2026-07","1784462400","1871.4","1874.34","1864.47","1870.38","0.0"
"ETHUSDT","2026-07","1784466000","1870.39","1873.77","1865.89","1871.83","0.0"
"ETHUSDT","2026-07","1784469600","1871.83","1879.26","1868.89","1874.69","0.0"
"ETHUSDT","2026-07","1784473200","1874.69","1876.0","1868.93","1870.91","0.0"
"ETHUSDT","2026-07","1784476800","1870.91","1873.59","1866.0","1866.8","0.0"
"ETHUSDT","2026-07","1784480400","1866.8","1873.85","1857.77","1867.23","0.0"
"ETHUSDT","2026-07","1784484000","1867.23","1867.7","1851.71","1861.12","0.0"
"ETHUSDT","2026-07","1784487600","1861.12","1862.77","1854.84","1862.37","0.0"
"ETHUSDT","2026-07","1784491200","1862.37","1867.15","1862.2","1867.14","0.0"
"ETHUSDT","2026-07","1784494800","1867.15","1868.23","1857.49","1862.12","0.0"
"ETHUSDT","2026-07","1784498400","1862.12","1877.03","1857.0","1870.44","0.0"
"ETHUSDT","2026-07","1784502000","1870.44","1874.94","1865.0","1872.23","0.0"
"ETHUSDT","2026-07","1784505600","1872.24","1891.71","1862.08","1872.14","0.0"
"ETHUSDT","2026-07","1784509200","1872.14","1889.94","1865.84","1869.56","0.0"
"ETHUSDT","2026-07","1784512800","1869.57","1883.33","1867.71","1879.06","0.0"
"ETHUSDT","2026-07","1784516400","1879.06","1882.24","1870.91","1879.94","0.0"
"ETHUSDT","2026-07","1784520000","1879.94","1879.99","1868.46","1868.94","0.0"
"ETHUSDT","2026-07","1784523600","1868.95","1869.94","1851.5","1855.45","0.0"
"ETHUSDT","2026-07","1784527200","1855.46","1860.23","1843.14","1849.73","0.0"
"ETHUSDT","2026-07","1784530800","1849.73","1865.54","1849.26","1863.95","0.0"
"ETHUSDT","2026-07","1784534400","1863.95","1868.53","1854.31","1861.01","0.0"
"ETHUSDT","2026-07","1784538000","1861.0","1867.55","1857.95","1864.16","0.0"
"ETHUSDT","2026-07","1784541600","1864.15","1872.35","1862.71","1868.85","0.0"
"ETHUSDT","2026-07","1784545200","1868.86","1896.5","1868.06","1893.2","0.0"
"ETHUSDT","2026-07","1784548800","1893.21","1893.62","1871.88","1873.33","0.0"
"ETHUSDT","2026-07","1784552400","1873.34","1880.61","1857.63","1862.68","0.0"
"ETHUSDT","2026-07","1784556000","1862.68","1871.96","1853.65","1868.01","0.0"
"ETHUSDT","2026-07","1784559600","1868.01","1904.92","1867.65","1902.34","0.0"
"ETHUSDT","2026-07","1784563200","1902.34","1906.76","1893.8","1899.41","0.0"
"ETHUSDT","2026-07","1784566800","1899.41","1909.74","1895.68","1907.78","0.0"
"ETHUSDT","2026-07","1784570400","1907.78","1918.16","1897.52","1899.52","0.0"
"ETHUSDT","2026-07","1784574000","1899.52","1901.07","1890.07","1898.46","0.0"
"ETHUSDT","2026-07","1784577600","1898.46","1906.55","1896.2","1904.84","0.0"
"ETHUSDT","2026-07","1784581200","1904.83","1907.58","1902.0","1902.45","0.0"
"ETHUSDT","2026-07","1784584800","1902.46","1902.58","1894.4","1895.72","0.0"
"ETHUSDT","2026-07","1784588400","1895.72","1905.26","1895.33","1904.77","0.0"
"ETHUSDT","2026-07","1784592000","1904.77","1917.79","1900.74","1914.8","0.0"
"ETHUSDT","2026-07","1784595600","1914.8","1918.18","1907.0","1907.49","0.0"
"ETHUSDT","2026-07","1784599200","1907.49","1924.0","1904.6","1917.3","0.0"
"ETHUSDT","2026-07","1784602800","1917.3","1928.57","1916.94","1926.75","0.0"
"ETHUSDT","2026-07","1784606400","1926.74","1931.2","1922.59","1924.59","0.0"
"ETHUSDT","2026-07","1784610000","1924.59","1936.0","1921.81","1930.56","0.0"
"ETHUSDT","2026-07","1784613600","1930.56","1939.99","1927.8","1935.03","0.0"
"ETHUSDT","2026-07","1784617200","1935.03","1940.25","1933.42","1934.08","0.0"
"ETHUSDT","2026-07","1784620800","1934.07","1953.0","1931.63","1939.8","0.0"
"ETHUSDT","2026-07","1784624400","1939.79","1944.17","1936.75","1942.22","0.0"
"ETHUSDT","2026-07","1784628000","1942.22","1947.09","1932.1","1934.18","0.0"
"ETHUSDT","2026-07","1784631600","1934.19","1937.34","1925.98","1935.69","0.0"
"ETHUSDT","2026-07","1784635200","1935.69","1945.23","1932.38","1942.79","0.0"
"ETHUSDT","2026-07","1784638800","1942.8","1943.77","1927.53","1940.3","0.0"
"ETHUSDT","2026-07","1784642400","1940.31","1944.0","1928.0","1931.87","0.0"
"ETHUSDT","2026-07","1784646000","1931.88","1932.51","1923.36","1931.81","0.0"
"ETHUSDT","2026-07","1784649600","1931.81","1935.36","1921.63","1926.37","0.0"
"ETHUSDT","2026-07","1784653200","1926.37","1928.38","1915.0","1918.71","0.0"
"ETHUSDT","2026-07","1784656800","1918.7","1923.0","1915.11","1919.93","0.0"
"ETHUSDT","2026-07","1784660400","1919.93","1926.16","1918.2","1923.39","0.0"
"ETHUSDT","2026-07","1784664000","1923.38","1926.44","1921.68","1923.24","0.0"
"ETHUSDT","2026-07","1784667600","1923.25","1926.54","1919.85","1924.32","0.0"
"ETHUSDT","2026-07","1784671200","1924.31","1924.31","1918.1","1920.86","0.0"
"ETHUSDT","2026-07","1784674800","1920.86","1932.0","1916.67","1930.09","0.0"
"ETHUSDT","2026-07","1784678400","1930.09","1944.68","1929.02","1939.46","0.0"
"ETHUSDT","2026-07","1784682000","1939.45","1940.56","1928.0","1933.61","0.0"
"ETHUSDT","2026-07","1784685600","1933.62","1936.39","1926.91","1930.43","0.0"
"ETHUSDT","2026-07","1784689200","1930.42","1936.05","1926.76","1928.77","0.0"
"ETHUSDT","2026-07","1784692800","1928.76","1939.4","1928.11","1936.82","0.0"
"ETHUSDT","2026-07","1784696400","1936.83","1936.98","1918.27","1919.35","0.0"
"ETHUSDT","2026-07","1784700000","1919.36","1921.1","1913.34","1917.4","0.0"
"ETHUSDT","2026-07","1784703600","1917.41","1919.0","1910.68","1914.44","0.0"
"ETHUSDT","2026-07","1784707200","1914.43","1925.15","1914.08","1921.32","0.0"
"ETHUSDT","2026-07","1784710800","1921.33","1926.5","1919.41","1924.49","0.0"
"ETHUSDT","2026-07","1784714400","1924.49","1933.62","1923.25","1930.82","0.0"
"ETHUSDT","2026-07","1784718000","1930.82","1931.5","1922.36","1927.27","0.0"
"ETHUSDT","2026-07","1784721600","1927.26","1927.45","1913.26","1917.17","0.0"
"ETHUSDT","2026-07","1784725200","1917.17","1942.43","1917.0","1939.93","0.0"
"ETHUSDT","2026-07","1784728800","1939.92","1955.92","1923.01","1933.2","0.0"
"ETHUSDT","2026-07","1784732400","1933.2","1952.36","1933.0","1943.03","0.0"
"ETHUSDT","2026-07","1784736000","1943.04","1956.45","1935.42","1949.84","0.0"
"ETHUSDT","2026-07","1784739600","1949.84","1950.3","1934.97","1938.53","0.0"
"ETHUSDT","2026-07","1784743200","1938.53","1940.0","1923.2","1930.69","0.0"
"ETHUSDT","2026-07","1784746800","1930.69","1931.88","1921.0","1925.13","0.0"
"ETHUSDT","2026-07","1784750400","1925.14","1930.4","1922.95","1926.76","0.0"
"ETHUSDT","2026-07","1784754000","1926.76","1939.7","1926.76","1938.76","0.0"
"ETHUSDT","2026-07","1784757600","1938.76","1939.23","1930.91","1938.42","0.0"
"ETHUSDT","2026-07","1784761200","1938.43","1938.43","1923.6","1934.25","0.0"
"ETHUSDT","2026-07","1784764800","1934.26","1941.5","1932.37","1932.37","0.0"
"ETHUSDT","2026-07","1784768400","1932.36","1936.7","1926.61","1928.39","0.0"
"ETHUSDT","2026-07","1784772000","1928.38","1929.7","1921.81","1927.6","0.0"
"ETHUSDT","2026-07","1784775600","1927.6","1928.03","1917.57","1920.55","0.0"
"ETHUSDT","2026-07","1784779200","1920.56","1926.02","1918.63","1919.74","0.0"
"ETHUSDT","2026-07","1784782800","1919.74","1928.69","1918.31","1922.77","0.0"
"ETHUSDT","2026-07","1784786400","1922.78","1926.83","1921.07","1925.39","0.0"
"ETHUSDT","2026-07","1784790000","1925.39","1925.39","1912.6","1915.65","0.0"
"ETHUSDT","2026-07","1784793600","1915.65","1927.41","1914.44","1926.54","0.0"
"ETHUSDT","2026-07","1784797200","1926.54","1931.66","1923.4","1924.36","0.0"
"ETHUSDT","2026-07","1784800800","1924.36","1930.43","1922.13","1928.14","0.0"
"ETHUSDT","2026-07","1784804400","1928.15","1929.08","1924.63","1926.04","0.0"
"ETHUSDT","2026-07","1784808000","1926.03","1927.99","1894.0","1904.64","0.0"
"ETHUSDT","2026-07","1784811600","1904.67","1909.19","1895.47","1898.72","0.0"
"ETHUSDT","2026-07","1784815200","1898.73","1907.26","1892.5","1896.43","0.0"
"ETHUSDT","2026-07","1784818800","1896.44","1897.88","1882.98","1895.23","0.0"
"ETHUSDT","2026-07","1784822400","1895.23","1895.41","1884.69","1887.95","0.0"
"ETHUSDT","2026-07","1784826000","1887.94","1892.18","1875.01","1878.31","0.0"
"ETHUSDT","2026-07","1784829600","1878.31","1884.52","1876.05","1881.19","0.0"
"ETHUSDT","2026-07","1784833200","1881.19","1883.63","1869.44","1875.65","0.0"
"ETHUSDT","2026-07","1784836800","1875.64","1889.09","1874.81","1885.98","0.0"
"ETHUSDT","2026-07","1784840400","1885.97","1888.93","1880.86","1882.72","0.0"
"ETHUSDT","2026-07","1784844000","1882.73","1884.13","1874.23","1883.42","0.0"
"ETHUSDT","2026-07","1784847600","1883.41","1884.8","1875.56","1878.38","0.0"
"ETHUSDT","2026-07","1784851200","1878.38","1879.18","1859.67","1871.47","0.0"
"ETHUSDT","2026-07","1784854800","1871.47","1877.6","1870.32","1872.76","0.0"
"ETHUSDT","2026-07","1784858400","1872.76","1878.5","1864.82","1869.58","0.0"
"ETHUSDT","2026-07","1784862000","1869.57","1881.2","1868.31","1880.67","0.0"
"ETHUSDT","2026-07","1784865600","1880.67","1882.0","1875.0","1876.12","0.0"
"ETHUSDT","2026-07","1784869200","1876.13","1882.14","1873.48","1880.97","0.0"
"ETHUSDT","2026-07","1784872800","1880.97","1888.49","1878.9","1888.13","0.0"
"ETHUSDT","2026-07","1784876400","1888.14","1909.8","1888.14","1895.98","0.0"
"ETHUSDT","2026-07","1784880000","1895.98","1896.04","1886.35","1888.07","0.0"
"ETHUSDT","2026-07","1784883600","1888.07","1889.11","1878.39","1888.07","0.0"
"ETHUSDT","2026-07","1784887200","1888.08","1888.64","1880.39","1883.82","0.0"
"ETHUSDT","2026-07","1784890800","1883.81","1884.71","1876.71","1883.93","0.0"
"ETHUSDT","2026-07","1784894400","1883.93","1886.09","1872.0","1872.65","0.0"
"ETHUSDT","2026-07","1784898000","1872.65","1875.4","1848.11","1857.6","0.0"
"ETHUSDT","2026-07","1784901600","1857.61","1863.18","1848.09","1862.9","0.0"
"ETHUSDT","2026-07","1784905200","1862.9","1869.43","1854.15","1861.81","0.0"
"ETHUSDT","2026-07","1784908800","1861.82","1866.07","1853.5","1857.47","0.0"
"ETHUSDT","2026-07","1784912400","1857.47","1866.61","1855.03","1866.53","0.0"
"ETHUSDT","2026-07","1784916000","1866.53","1866.76","1858.48","1862.72","0.0"
"ETHUSDT","2026-07","1784919600","1862.73","1864.58","1858.0","1863.83","0.0"
"ETHUSDT","2026-07","1784923200","1863.84","1865.82","1858.42","1860.9","0.0"
"ETHUSDT","2026-07","1784926800","1860.91","1862.01","1857.05","1857.51","0.0"
"ETHUSDT","2026-07","1784930400","1857.51","1861.91","1856.97","1859.49","0.0"
"ETHUSDT","2026-07","1784934000","1859.49","1861.85","1858.98","1861.44","0.0"
"ETHUSDT","2026-07","1784937600","1861.44","1864.69","1856.85","1860.34","0.0"
"ETHUSDT","2026-07","1784941200","1860.34","1863.63","1857.77","1860.0","0.0"
"ETHUSDT","2026-07","1784944800","1859.99","1861.71","1858.35","1859.45","0.0"
"ETHUSDT","2026-07","1784948400","1859.45","1860.52","1855.93","1858.74","0.0"
"ETHUSDT","2026-07","1784952000","1858.74","1862.65","1858.57","1861.28","0.0"
"ETHUSDT","2026-07","1784955600","1861.28","1862.96","1856.9","1858.42","0.0"
"ETHUSDT","2026-07","1784959200","1858.42","1860.0","1854.61","1858.55","0.0"
"ETHUSDT","2026-07","1784962800","1858.55","1858.79","1856.02","1856.02","0.0"
"ETHUSDT","2026-07","1784966400","1856.03","1856.1","1851.22","1853.8","0.0"
"ETHUSDT","2026-07","1784970000","1853.8","1859.06","1851.75","1858.34","0.0"
"ETHUSDT","2026-07","1784973600","1858.35","1859.29","1856.75","1858.62","0.0"
"ETHUSDT","2026-07","1784977200","1858.63","1860.09","1857.5","1857.75","0.0"
"ETHUSDT","2026-07","1784980800","1857.75","1860.48","1856.96","1860.32","0.0"
"ETHUSDT","2026-07","1784984400","1860.32","1872.35","1859.78","1867.24","0.0"
"ETHUSDT","2026-07","1784988000","1867.25","1869.32","1865.06","1868.68","0.0"
"ETHUSDT","2026-07","1784991600","1868.67","1871.43","1867.03","1867.88","0.0"
"ETHUSDT","2026-07","1784995200","1867.88","1870.91","1864.65","1867.99","0.0"
"ETHUSDT","2026-07","1784998800","1867.99","1875.15","1867.99","1873.06","0.0"
"ETHUSDT","2026-07","1785002400","1873.07","1877.07","1872.45","1875.48","0.0"
"ETHUSDT","2026-07","1785006000","1875.48","1876.64","1874.4","1874.76","0.0"
"ETHUSDT","2026-07","1785009600","1874.77","1875.03","1870.43","1872.23","0.0"
"ETHUSDT","2026-07","1785013200","1872.23","1875.6","1867.92","1872.65","0.0"
"ETHUSDT","2026-07","1785016800","1872.66","1876.92","1872.38","1875.82","0.0"
"ETHUSDT","2026-07","1785020400","1875.83","1876.2","1873.2","1874.89","0.0"
"ETHUSDT","2026-07","1785024000","1874.88","1881.8","1873.85","1881.05","0.0"
"ETHUSDT","2026-07","1785027600","1881.05","1881.9","1877.81","1878.68","0.0"
"ETHUSDT","2026-07","1785031200","1878.67","1881.65","1877.06","1880.97","0.0"
"ETHUSDT","2026-07","1785034800","1880.98","1883.98","1878.98","1882.21","0.0"
"ETHUSDT","2026-07","1785038400","1882.21","1889.36","1880.26","1886.26","0.0"
"ETHUSDT","2026-07","1785042000","1886.25","1887.43","1882.72","1883.4","0.0"
"ETHUSDT","2026-07","1785045600","1883.4","1885.39","1878.46","1884.95","0.0"
"ETHUSDT","2026-07","1785049200","1884.95","1886.29","1880.51","1881.56","0.0"
"ETHUSDT","2026-07","1785052800","1881.57","1882.49","1878.74","1881.42","0.0"
"ETHUSDT","2026-07","1785056400","1881.42","1885.76","1881.22","1883.8","0.0"
"ETHUSDT","2026-07","1785060000","1883.8","1887.7","1882.01","1886.22","0.0"
"ETHUSDT","2026-07","1785063600","1886.21","1887.89","1884.78","1885.87","0.0"
"ETHUSDT","2026-07","1785067200","1885.87","1893.89","1885.68","1886.57","0.0"
"ETHUSDT","2026-07","1785070800","1886.57","1888.86","1881.61","1886.62","0.0"
"ETHUSDT","2026-07","1785074400","1886.62","1900.31","1886.61","1898.59","0.0"
"ETHUSDT","2026-07","1785078000","1898.58","1917.82","1898.06","1914.63","0.0"
"ETHUSDT","2026-07","1785081600","1914.63","1928.08","1908.75","1916.2","0.0"
"ETHUSDT","2026-07","1785085200","1916.19","1917.77","1910.8","1911.23","0.0"
"ETHUSDT","2026-07","1785088800","1911.23","1916.53","1911.05","1914.49","0.0"
"ETHUSDT","2026-07","1785092400","1914.49","1915.86","1912.09","1914.2","0.0"
"ETHUSDT","2026-07","1785096000","1914.21","1914.56","1911.14","1913.8","0.0"
"ETHUSDT","2026-07","1785099600","1913.79","1930.0","1913.79","1925.91","0.0"
"ETHUSDT","2026-07","1785103200","1925.91","1953.03","1925.91","1949.81","0.0"
"ETHUSDT","2026-07","1785106800","1949.81","1967.36","1945.99","1954.72","0.0"
"ETHUSDT","2026-07","1785110400","1954.72","1955.42","1939.67","1942.54","0.0"
"ETHUSDT","2026-07","1785114000","1942.54","1948.46","1936.51","1948.2","0.0"
"ETHUSDT","2026-07","1785117600","1948.2","1949.15","1941.48","1943.1","0.0"
"ETHUSDT","2026-07","1785121200","1943.09","1950.78","1942.42","1949.64","0.0"
"ETHUSDT","2026-07","1785124800","1949.65","1962.77","1948.54","1953.43","0.0"
"ETHUSDT","2026-07","1785128400","1953.43","1970.43","1952.63","1965.65","0.0"
"ETHUSDT","2026-07","1785132000","1965.65","1981.24","1963.64","1968.45","0.0"
"ETHUSDT","2026-07","1785135600","1968.45","1971.7","1960.86","1964.36","0.0"
"ETHUSDT","2026-07","1785139200","1964.37","1968.75","1961.81","1964.25","0.0"
"ETHUSDT","2026-07","1785142800","1964.25","1968.29","1956.87","1965.19","0.0"
"ETHUSDT","2026-07","1785146400","1965.19","1972.0","1963.8","1967.43","0.0"
"ETHUSDT","2026-07","1785150000","1967.42","1967.43","1958.11","1959.67","0.0"
"ETHUSDT","2026-07","1785153600","1959.67","1964.6","1943.0","1957.59","0.0"
"ETHUSDT","2026-07","1785157200","1957.6","1977.99","1950.95","1961.16","0.0"
"ETHUSDT","2026-07","1785160800","1961.18","1966.99","1919.09","1932.3","0.0"
"ETHUSDT","2026-07","1785164400","1932.3","1937.87","1924.83","1927.75","0.0"
"ETHUSDT","2026-07","1785168000","1927.74","1946.9","1922.65","1940.57","0.0"
"ETHUSDT","2026-07","1785171600","1940.57","1946.06","1935.1","1943.71","0.0"
"ETHUSDT","2026-07","1785175200","1943.72","1944.66","1929.2","1939.2","0.0"
"ETHUSDT","2026-07","1785178800","1939.21","1955.41","1937.75","1948.31","0.0"
"ETHUSDT","2026-07","1785182400","1948.32","1950.54","1943.69","1946.87","0.0"
"ETHUSDT","2026-07","1785186000","1946.88","1950.1","1940.58","1941.9","0.0"
"ETHUSDT","2026-07","1785189600","1941.89","1941.9","1892.33","1893.6","0.0"
"ETHUSDT","2026-07","1785193200","1893.61","1896.19","1882.49","1892.53","0.0"
"ETHUSDT","2026-07","1785196800","1892.53","1894.45","1877.02","1878.86","0.0"
"ETHUSDT","2026-07","1785200400","1878.86","1882.77","1866.31","1875.9","0.0"
"ETHUSDT","2026-07","1785204000","1875.9","1880.46","1872.35","1876.0","0.0"
"ETHUSDT","2026-07","1785207600","1876.01","1883.26","1873.11","1881.38","0.0"
"ETHUSDT","2026-07","1785211200","1881.37","1882.84","1876.48","1879.18","0.0"
"ETHUSDT","2026-07","1785214800","1879.18","1889.66","1878.46","1883.16","0.0"
"ETHUSDT","2026-07","1785218400","1883.16","1888.82","1878.54","1888.62","0.0"
"ETHUSDT","2026-07","1785222000","1888.62","1888.97","1880.92","1883.83","0.0"
"ETHUSDT","2026-07","1785225600","1883.84","1885.85","1880.4","1884.5","0.0"
"ETHUSDT","2026-07","1785229200","1884.5","1885.12","1874.81","1876.44","0.0"
"ETHUSDT","2026-07","1785232800","1876.43","1881.0","1873.75","1878.79","0.0"
"ETHUSDT","2026-07","1785236400","1878.8","1882.02","1872.0","1876.68","0.0"
"ETHUSDT","2026-07","1785240000","1876.69","1893.34","1874.63","1892.48","0.0"
"ETHUSDT","2026-07","1785243600","1892.48","1896.28","1856.88","1874.08","0.0"
"ETHUSDT","2026-07","1785247200","1874.08","1893.46","1867.74","1888.95","0.0"
"ETHUSDT","2026-07","1785250800","1888.96","1924.41","1884.56","1920.02","0.0"
"ETHUSDT","2026-07","1785254400","1920.02","1928.95","1914.52","1925.92","0.0"
"ETHUSDT","2026-07","1785258000","1925.92","1925.92","1892.71","1901.89","0.0"
"ETHUSDT","2026-07","1785261600","1901.9","1914.93","1901.6","1911.22","0.0"
"ETHUSDT","2026-07","1785265200","1911.22","1922.23","1911.22","1922.23","0.0"
"ETHUSDT","2026-07","1785268800","1922.24","1923.84","1916.16","1918.57","0.0"
"ETHUSDT","2026-07","1785272400","1918.57","1929.67","1918.47","1923.95","0.0"
"ETHUSDT","2026-07","1785276000","1923.96","1927.1","1910.1","1911.9","0.0"
"ETHUSDT","2026-07","1785279600","1911.9","1923.1","1904.06","1922.23","0.0"
"ETHUSDT","2026-07","1785283200","1922.22","1928.51","1916.34","1917.27","0.0"
"ETHUSDT","2026-07","1785286800","1917.27","1918.16","1905.0","1905.7","0.0"
"ETHUSDT","2026-07","1785290400","1905.69","1919.67","1901.17","1911.1","0.0"
"ETHUSDT","2026-07","1785294000","1911.11","1913.04","1891.17","1892.7","0.0"
"ETHUSDT","2026-07","1785297600","1892.7","1906.43","1884.51","1905.52","0.0"
"ETHUSDT","2026-07","1785301200","1905.52","1914.99","1903.53","1912.54","0.0"
"ETHUSDT","2026-07","1785304800","1912.53","1921.71","1908.89","1920.18","0.0"
"ETHUSDT","2026-07","1785308400","1920.19","1925.68","1914.1","1924.71","0.0"
"ETHUSDT","2026-07","1785312000","1924.71","1925.35","1912.11","1915.08","0.0"
"ETHUSDT","2026-07","1785315600","1915.08","1924.73","1914.94","1922.31","0.0"
"ETHUSDT","2026-07","1785319200","1922.31","1922.58","1910.0","1912.16","0.0"
"ETHUSDT","2026-07","1785322800","1912.16","1917.07","1910.35","1915.26","0.0"
"ETHUSDT","2026-07","1785326400","1915.26","1915.27","1902.3","1905.23","0.0"
"ETHUSDT","2026-07","1785330000","1905.23","1911.67","1895.59","1909.24","0.0"
"ETHUSDT","2026-07","1785333600","1909.24","1911.46","1891.39","1895.23","0.0"
"ETHUSDT","2026-07","1785337200","1895.23","1898.84","1887.31","1892.11","0.0"
"ETHUSDT","2026-07","1785340800","1892.11","1899.5","1887.75","1895.4","0.0"
"ETHUSDT","2026-07","1785344400","1895.4","1917.29","1894.51","1916.16","0.0"
"ETHUSDT","2026-07","1785348000","1916.15","1935.68","1894.22","1920.55","0.0"
"ETHUSDT","2026-07","1785351600","1920.56","1922.74","1883.7","1888.56","0.0"
"ETHUSDT","2026-07","1785355200","1888.57","1891.99","1878.14","1884.15","0.0"
"ETHUSDT","2026-07","1785358800","1884.16","1898.39","1872.0","1898.38","0.0"
"ETHUSDT","2026-07","1785362400","1898.39","1911.61","1898.28","1907.18","0.0"
"ETHUSDT","2026-07","1785366000","1907.18","1913.17","1902.68","1910.72","0.0"
"ETHUSDT","2026-07","1785369600","1910.72","1914.81","1893.99","1898.22","0.0"
"ETHUSDT","2026-07","1785373200","1898.22","1921.92","1897.49","1916.77","0.0"
"ETHUSDT","2026-07","1785376800","1916.77","1920.0","1910.29","1911.11","0.0"
"ETHUSDT","2026-07","1785380400","1911.12","1915.3","1907.65","1909.99","0.0"
"ETHUSDT","2026-07","1785384000","1910.0","1910.93","1901.87","1901.99","0.0"
"ETHUSDT","2026-07","1785387600","1902.0","1909.67","1900.18","1906.34","0.0"
"ETHUSDT","2026-07","1785391200","1906.34","1906.95","1899.59","1901.32","0.0"
"ETHUSDT","2026-07","1785394800","1901.33","1908.12","1900.43","1903.25","0.0"
"ETHUSDT","2026-07","1785398400","1903.26","1917.95","1900.51","1914.99","0.0"
"ETHUSDT","2026-07","1785402000","1914.99","1924.25","1914.06","1918.16","0.0"
"ETHUSDT","2026-07","1785405600","1918.15","1921.9","1916.7","1918.26","0.0"
"ETHUSDT","2026-07","1785409200","1918.27","1926.44","1916.7","1923.22","0.0"
"ETHUSDT","2026-07","1785412800","1923.25","1928.0","1919.79","1925.23","0.0"
"ETHUSDT","2026-07","1785416400","1925.24","1936.99","1917.15","1929.86","0.0"
"ETHUSDT","2026-07","1785420000","1929.86","1930.2","1913.49","1917.4","0.0"
"ETHUSDT","2026-07","1785423600","1917.41","1924.16","1914.67","1918.9","0.0"
"ETHUSDT","2026-07","1785427200","1918.9","1925.98","1915.97","1919.38","0.0"
"ETHUSDT","2026-07","1785430800","1919.37","1925.4","1916.28","1920.88","0.0"
"ETHUSDT","2026-07","1785434400","1920.88","1922.73","1914.81","1916.29","0.0"
"ETHUSDT","2026-07","1785438000","1916.3","1929.34","1916.0","1923.68","0.0"
"ETHUSDT","2026-07","1785441600","1923.69","1927.4","1920.0","1921.68","0.0"
"ETHUSDT","2026-07","1785445200","1921.69","1924.56","1917.23","1918.67","0.0"
"ETHUSDT","2026-07","1785448800","1918.66","1933.41","1916.0","1925.63","0.0"
"ETHUSDT","2026-07","1785452400","1925.62","1936.79","1918.07","1918.31","0.0"
"ETHUSDT","2026-07","1785456000","1918.32","1922.09","1915.02","1917.15","0.0"
"ETHUSDT","2026-07","1785459600","1917.15","1936.15","1906.79","1910.36","0.0"
"ETHUSDT","2026-07","1785463200","1910.35","1912.0","1901.6","1904.15","0.0"
"ETHUSDT","2026-07","1785466800","1904.15","1911.6","1899.09","1908.9","0.0"
"ETHUSDT","2026-07","1785470400","1908.9","1909.49","1903.24","1905.96","0.0"
"ETHUSDT","2026-07","1785474000","1905.97","1909.1","1901.49","1906.13","0.0"
"ETHUSDT","2026-07","1785477600","1906.14","1911.16","1900.3","1902.61","0.0"
"ETHUSDT","2026-07","1785481200","1902.6","1902.78","1884.53","1890.2","0.0"
"ETHUSDT","2026-07","1785484800","1890.2","1893.33","1888.22","1890.45","0.0"
"ETHUSDT","2026-07","1785488400","1890.45","1891.26","1881.42","1883.74","0.0"
"ETHUSDT","2026-07","1785492000","1883.73","1890.16","1877.93","1887.12","0.0"
"ETHUSDT","2026-07","1785495600","1887.12","1889.83","1882.49","1884.26","0.0"
"ETHUSDT","2026-07","1785499200","1884.27","1884.82","1873.61","1882.92","0.0"
"ETHUSDT","2026-07","1785502800","1882.93","1890.61","1865.0","1867.12","0.0"
"ETHUSDT","2026-07","1785506400","1867.13","1870.29","1848.7","1860.19","0.0"
"ETHUSDT","2026-07","1785510000","1860.2","1866.53","1854.77","1862.94","0.0"
"ETHUSDT","2026-07","1785513600","1862.93","1867.32","1860.83","1864.57","0.0"
"ETHUSDT","2026-07","1785517200","1864.57","1878.14","1863.26","1875.01","0.0"
"ETHUSDT","2026-07","1785520800","1875.01","1876.74","1864.95","1871.83","0.0"
"ETHUSDT","2026-07","1785524400","1871.82","1874.04","1865.38","1868.19","0.0"
"ETHUSDT","2026-07","1785528000","1868.19","1870.73","1861.6","1862.25","0.0"
"ETHUSDT","2026-07","1785531600","1862.25","1864.83","1859.64","1861.81","0.0"
"ETHUSDT","2026-07","1785535200","1861.81","1865.56","1858.8","1861.49","0.0"
"ETHUSDT","2026-07","1785538800","1861.49","1864.77","1860.95","1862.6","0.0"
"ETHUSDT","2026-08","1785542400","1862.6","1867.64","1862.38","1864.7","0.0"
"ETHUSDT","2026-08","1785546000","1864.69","1867.51","1864.69","1867.03","0.0"
"ETHUSDT","2026-08","1785549600","1867.03","1870.0","1866.74","1868.25","0.0"
"ETHUSDT","2026-08","1785553200","1868.25","1869.89","1866.47","1869.88","0.0"
"ETHUSDT","2026-08","1785556800","1869.88","1870.53","1867.13","1869.76","0.0"
"ETHUSDT","2026-08","1785560400","1869.76","1871.05","1865.34","1867.59","0.0"
"ETHUSDT","2026-08","1785564000","1867.58","1871.21","1866.46","1870.5","0.0"
"ETHUSDT","2026-08","1785567600","1870.5","1871.98","1868.49","1869.8","0.0"
"ETHUSDT","2026-08","1785571200","1869.81","1870.28","1867.6","1869.49","0.0"
"ETHUSDT","2026-08","1785574800","1869.5","1870.74","1867.59","1867.93","0.0"
"ETHUSDT","2026-08","1785578400","1867.94","1869.11","1863.1","1867.35","0.0"
"ETHUSDT","2026-08","1785582000","1867.36","1867.77","1865.79","1866.9","0.0"
"ETHUSDT","2026-08","1785585600","1866.9","1870.0","1866.89","1869.06","0.0"
"ETHUSDT","2026-08","1785589200","1869.07","1869.6","1867.54","1869.28","0.0"
"ETHUSDT","2026-08","1785592800","1869.29","1875.33","1869.25","1875.18","0.0"
"ETHUSDT","2026-08","1785596400","1875.18","1875.45","1870.07","1870.09","0.0"
"ETHUSDT","2026-08","1785600000","1870.1","1873.6","1866.47","1868.79","0.0"
"ETHUSDT","2026-08","1785603600","1868.79","1870.25","1857.41","1862.07","0.0"
"ETHUSDT","2026-08","1785607200","1862.06","1863.03","1822.06","1836.81","0.0"
"ETHUSDT","2026-08","1785610800","1836.8","1840.58","1834.2","1837.3","0.0"
"ETHUSDT","2026-08","1785614400","1837.29","1840.48","1833.07","1838.41","0.0"
"ETHUSDT","2026-08","1785618000","1838.41","1845.96","1836.61","1845.78","0.0"
"ETHUSDT","2026-08","1785621600","1845.79","1849.26","1844.76","1847.28","0.0"
"ETHUSDT","2026-08","1785625200","1847.28","1849.1","1843.39","1844.94","0.0"
"ETHUSDT","2026-08","1785628800","1844.95","1849.7","1843.67","1846.69","0.0"
"ETHUSDT","2026-08","1785632400","1846.69","1859.41","1846.69","1857.09","0.0"
"ETHUSDT","2026-08","1785636000","1857.09","1884.69","1856.51","1876.9","0.0"
"ETHUSDT","2026-08","1785639600","1876.9","1880.54","1874.32","1877.43","0.0"
"ETHUSDT","2026-08","1785643200","1877.44","1882.67","1877.44","1881.22","0.0"
"ETHUSDT","2026-08","1785646800","1881.21","1882.68","1875.26","1876.33","0.0"
"ETHUSDT","2026-08","1785650400","1876.32","1879.33","1875.0","1877.54","0.0"
"ETHUSDT","2026-08","1785654000","1877.54","1878.78","1875.67","1876.1","0.0"
"ETHUSDT","2026-08","1785657600","1876.1","1879.0","1867.04","1868.2","0.0"
"ETHUSDT","2026-08","1785661200","1868.19","1872.97","1862.3","1870.95","0.0"
"ETHUSDT","2026-08","1785664800","1870.94","1871.13","1865.63","1868.75","0.0"
"ETHUSDT","2026-08","1785668400","1868.76","1869.74","1849.5","1852.58","0.0"
"ETHUSDT","2026-08","1785672000","1852.65","1860.58","1852.46","1857.06","0.0"
"ETHUSDT","2026-08","1785675600","1857.07","1858.05","1852.41","1854.89","0.0"
"ETHUSDT","2026-08","1785679200","1854.88","1859.27","1852.42","1854.94","0.0"
"ETHUSDT","2026-08","1785682800","1854.95","1863.05","1853.81","1858.82","0.0"
"ETHUSDT","2026-08","1785686400","1858.82","1865.7","1856.03","1863.13","0.0"
"ETHUSDT","2026-08","1785690000","1863.13","1870.57","1862.4","1868.65","0.0"
"ETHUSDT","2026-08","1785693600","1868.64","1887.2","1868.49","1875.86","0.0"
"ETHUSDT","2026-08","1785697200","1875.86","1883.93","1874.8","1882.2","0.0"
"ETHUSDT","2026-08","1785700800","1882.2","1885.71","1879.61","1883.78","0.0"
"ETHUSDT","2026-08","1785704400","1883.79","1898.5","1882.15","1890.43","0.0"
"ETHUSDT","2026-08","1785708000","1890.44","1897.8","1880.5","1882.11","0.0"
"ETHUSDT","2026-08","1785711600","1882.1","1885.68","1876.39","1885.36","0.0"
"ETHUSDT","2026-08","1785715200","1885.36","1885.95","1871.68","1873.87","0.0"
"ETHUSDT","2026-08","1785718800","1873.86","1875.52","1866.0","1867.19","0.0"
"ETHUSDT","2026-08","1785722400","1867.19","1872.0","1862.9","1864.51","0.0"
"ETHUSDT","2026-08","1785726000","1864.51","1865.71","1851.05","1857.22","0.0"
"ETHUSDT","2026-08","1785729600","1857.21","1863.14","1854.81","1854.97","0.0"
"ETHUSDT","2026-08","1785733200","1854.97","1860.91","1853.55","1859.88","0.0"
"ETHUSDT","2026-08","1785736800","1859.88","1861.11","1846.38","1849.28","0.0"
"ETHUSDT","2026-08","1785740400","1849.29","1849.94","1840.0","1843.97","0.0"
"ETHUSDT","2026-08","1785744000","1843.96","1845.57","1828.62","1840.32","0.0"
"ETHUSDT","2026-08","1785747600","1840.32","1853.91","1839.35","1852.63","0.0"
"ETHUSDT","2026-08","1785751200","1852.62","1854.46","1841.55","1846.24","0.0"
"ETHUSDT","2026-08","1785754800","1846.24","1847.88","1838.48","1839.89","0.0"
"ETHUSDT","2026-08","1785758400","1839.88","1845.38","1836.75","1843.7","0.0"
"ETHUSDT","2026-08","1785762000","1843.69","1860.24","1838.42","1859.18","0.0"
"ETHUSDT","2026-08","1785765600","1859.18","1874.35","1851.34","1873.79","0.0"
"ETHUSDT","2026-08","1785769200","1873.79","1874.08","1860.43","1863.34","0.0"
"ETHUSDT","2026-08","1785772800","1863.34","1872.22","1861.68","1866.22","0.0"
"ETHUSDT","2026-08","1785776400","1866.22","1874.93","1863.64","1868.84","0.0"
"ETHUSDT","2026-08","1785780000","1868.85","1874.0","1866.72","1868.96","0.0"
"ETHUSDT","2026-08","1785783600","1868.96","1876.5","1868.2","1870.2","0.0"
"ETHUSDT","2026-08","1785787200","1870.2","1875.99","1866.61","1868.97","0.0"
"ETHUSDT","2026-08","1785790800","1868.97","1869.15","1863.57","1863.6","0.0"
"ETHUSDT","2026-08","1785794400","1863.6","1866.12","1852.45","1860.4","0.0"
"ETHUSDT","2026-08","1785798000","1860.39","1860.5","1856.22","1860.5","0.0"
"ETHUSDT","2026-08","1785801600","1860.5","1863.12","1848.38","1851.3","0.0"
"ETHUSDT","2026-08","1785805200","1851.3","1869.72","1849.12","1867.64","0.0"
"ETHUSDT","2026-08","1785808800","1867.64","1872.5","1862.09","1866.17","0.0"
"ETHUSDT","2026-08","1785812400","1866.17","1866.96","1858.38","1864.19","0.0"
"ETHUSDT","2026-08","1785816000","1864.2","1874.71","1862.09","1868.01","0.0"
"ETHUSDT","2026-08","1785819600","1868.0","1870.54","1864.28","1864.42","0.0"
"ETHUSDT","2026-08","1785823200","1864.42","1882.44","1854.65","1856.96","0.0"
"ETHUSDT","2026-08","1785826800","1856.96","1864.98","1853.54","1863.87","0.0"
"ETHUSDT","2026-08","1785830400","1863.88","1865.88","1856.96","1857.89","0.0"
"ETHUSDT","2026-08","1785834000","1857.88","1858.83","1853.48","1858.71","0.0"
"ETHUSDT","2026-08","1785837600","1858.71","1873.03","1854.11","1866.94","0.0"
"ETHUSDT","2026-08","1785841200","1866.95","1874.78","1866.18","1872.89","0.0"
"ETHUSDT","2026-08","1785844800","1872.88","1882.0","1868.09","1875.11","0.0"
"ETHUSDT","2026-08","1785848400","1875.11","1877.63","1860.01","1862.06","0.0"
"ETHUSDT","2026-08","1785852000","1862.06","1875.71","1858.72","1873.03","0.0"
"ETHUSDT","2026-08","1785855600","1873.02","1877.85","1862.05","1873.07","0.0"
"ETHUSDT","2026-08","1785859200","1873.08","1874.09","1865.65","1869.68","0.0"
"ETHUSDT","2026-08","1785862800","1869.69","1877.88","1867.01","1869.53","0.0"
"ETHUSDT","2026-08","1785866400","1869.54","1880.94","1869.3","1875.29","0.0"
"ETHUSDT","2026-08","1785870000","1875.29","1881.81","1873.86","1875.26","0.0"
"ETHUSDT","2026-08","1785873600","1875.26","1879.84","1866.17","1876.65","0.0"
"ETHUSDT","2026-08","1785877200","1876.65","1876.65","1871.85","1872.32","0.0"
"ETHUSDT","2026-08","1785880800","1872.32","1876.92","1868.48","1875.64","0.0"
"ETHUSDT","2026-08","1785884400","1875.64","1881.28","1869.07","1869.75","0.0"
"ETHUSDT","2026-08","1785888000","1869.74","1873.87","1863.33","1863.93","0.0"
"ETHUSDT","2026-08","1785891600","1863.94","1874.4","1861.34","1873.37","0.0"
"ETHUSDT","2026-08","1785895200","1873.37","1878.0","1872.5","1874.49","0.0"
"ETHUSDT","2026-08","1785898800","1874.49","1876.23","1863.91","1867.75","0.0"
"ETHUSDT","2026-08","1785902400","1867.75","1869.79","1865.0","1867.5","0.0"
"ETHUSDT","2026-08","1785906000","1867.5","1877.69","1867.21","1873.46","0.0"
"ETHUSDT","2026-08","1785909600","1873.46","1873.69","1868.26","1869.88","0.0"
"ETHUSDT","2026-08","1785913200","1869.88","1872.2","1863.53","1872.2","0.0"
"ETHUSDT","2026-08","1785916800","1872.2","1874.48","1868.0","1869.99","0.0"
"ETHUSDT","2026-08","1785920400","1869.99","1874.66","1868.89","1871.94","0.0"
"ETHUSDT","2026-08","1785924000","1871.94","1876.06","1866.16","1868.33","0.0"
"ETHUSDT","2026-08","1785927600","1868.32","1871.15","1867.27","1868.92","0.0"
"ETHUSDT","2026-08","1785931200","1868.92","1885.29","1867.47","1876.25","0.0"
"ETHUSDT","2026-08","1785934800","1876.26","1879.51","1855.5","1878.53","0.0"
"ETHUSDT","2026-08","1785938400","1878.52","1882.84","1869.24","1875.89","0.0"
"ETHUSDT","2026-08","1785942000","1875.89","1882.76","1872.95","1873.91","0.0"
"ETHUSDT","2026-08","1785945600","1873.91","1897.32","1873.4","1895.56","0.0"
"ETHUSDT","2026-08","1785949200","1895.55","1917.72","1891.07","1916.75","0.0"
"ETHUSDT","2026-08","1785952800","1916.75","1928.0","1913.9","1918.06","0.0"
"ETHUSDT","2026-08","1785956400","1918.05","1921.0","1915.6","1917.03","0.0"
"ETHUSDT","2026-08","1785960000","1917.02","1924.56","1916.71","1917.1","0.0"
"ETHUSDT","2026-08","1785963600","1917.1","1917.47","1907.07","1908.75","0.0"
"ETHUSDT","2026-08","1785967200","1908.75","1913.43","1906.59","1906.86","0.0"
"ETHUSDT","2026-08","1785970800","1906.85","1912.31","1904.34","1908.9","0.0"
"ETHUSDT","2026-08","1785974400","1908.91","1914.02","1907.29","1910.4","0.0"
"ETHUSDT","2026-08","1785978000","1910.4","1911.21","1903.36","1906.75","0.0"
"ETHUSDT","2026-08","1785981600","1906.74","1910.82","1895.1","1899.21","0.0"
"ETHUSDT","2026-08","1785985200","1899.21","1899.7","1895.37","1899.03","0.0"
"ETHUSDT","2026-08","1785988800","1899.04","1908.05","1895.73","1907.7","0.0"
"ETHUSDT","2026-08","1785992400","1907.7","1918.7","1907.29","1914.34","0.0"
"ETHUSDT","2026-08","1785996000","1914.35","1914.77","1909.6","1913.66","0.0"
"ETHUSDT","2026-08","1785999600","1913.67","1915.33","1907.65","1909.33","0.0"
"ETHUSDT","2026-08","1786003200","1909.33","1920.51","1908.41","1916.26","0.0"
"ETHUSDT","2026-08","1786006800","1916.26","1917.03","1904.83","1907.67","0.0"
"ETHUSDT","2026-08","1786010400","1907.67","1907.67","1901.62","1902.58","0.0"
"ETHUSDT","2026-08","1786014000","1902.59","1909.2","1897.0","1907.77","0.0"
"ETHUSDT","2026-08","1786017600","1907.77","1908.02","1899.02","1899.09","0.0"
"ETHUSDT","2026-08","1786021200","1899.1","1911.11","1892.38","1907.43","0.0"
"ETHUSDT","2026-08","1786024800","1907.44","1918.72","1892.04","1915.01","0.0"
"ETHUSDT","2026-08","1786028400","1915.01","1919.68","1910.38","1910.69","0.0"
"ETHUSDT","2026-08","1786032000","1910.7","1916.8","1908.46","1915.77","0.0"
"ETHUSDT","2026-08","1786035600","1915.78","1918.47","1910.38","1914.08","0.0"
"ETHUSDT","2026-08","1786039200","1914.08","1914.1","1903.08","1905.95","0.0"
"ETHUSDT","2026-08","1786042800","1905.95","1911.29","1905.95","1910.06","0.0"
"ETHUSDT","2026-08","1786046400","1910.07","1910.85","1906.0","1907.14","0.0"
"ETHUSDT","2026-08","1786050000","1907.15","1909.45","1905.88","1906.28","0.0"
"ETHUSDT","2026-08","1786053600","1906.28","1907.44","1902.27","1905.25","0.0"
"ETHUSDT","2026-08","1786057200","1905.24","1905.79","1898.94","1904.1","0.0"
"ETHUSDT","2026-08","1786060800","1904.1","1905.47","1899.84","1903.88","0.0"
"ETHUSDT","2026-08","1786064400","1903.89","1907.55","1899.04","1903.36","0.0"
"ETHUSDT","2026-08","1786068000","1903.36","1908.61","1897.52","1902.73","0.0"
"ETHUSDT","2026-08","1786071600","1902.72","1903.95","1896.16","1897.43","0.0"
"ETHUSDT","2026-08","1786075200","1897.43","1900.76","1894.35","1897.44","0.0"
"ETHUSDT","2026-08","1786078800","1897.44","1902.4","1895.41","1901.58","0.0"
"ETHUSDT","2026-08","1786082400","1901.59","1907.58","1900.0","1904.53","0.0"
"ETHUSDT","2026-08","1786086000","1904.54","1907.44","1902.35","1902.36","0.0"
"ETHUSDT","2026-08","1786089600","1902.35","1914.9","1901.91","1910.7","0.0"
"ETHUSDT","2026-08","1786093200","1910.7","1917.67","1910.3","1913.04","0.0"
"ETHUSDT","2026-08","1786096800","1913.04","1916.0","1912.64","1912.85","0.0"
"ETHUSDT","2026-08","1786100400","1912.85","1921.0","1912.62","1916.33","0.0"
"ETHUSDT","2026-08","1786104000","1916.33","1943.02","1916.33","1932.13","0.0"
"ETHUSDT","2026-08","1786107600","1932.14","1935.05","1921.53","1923.5","0.0"
"ETHUSDT","2026-08","1786111200","1923.5","1926.5","1910.53","1913.57","0.0"
"ETHUSDT","2026-08","1786114800","1913.57","1921.0","1913.02","1917.88","0.0"
"ETHUSDT","2026-08","1786118400","1917.87","1925.0","1909.34","1909.51","0.0"
"ETHUSDT","2026-08","1786122000","1909.5","1912.99","1905.4","1912.45","0.0"
"ETHUSDT","2026-08","1786125600","1912.45","1915.29","1906.28","1909.86","0.0"
"ETHUSDT","2026-08","1786129200","1909.87","1920.24","1909.87","1918.85","0.0"
"ETHUSDT","2026-08","1786132800","1918.84","1920.36","1914.38","1914.81","0.0"
"ETHUSDT","2026-08","1786136400","1914.82","1922.81","1912.72","1916.55","0.0"
"ETHUSDT","2026-08","1786140000","1916.55","1916.56","1913.92","1914.84","0.0"
"ETHUSDT","2026-08","1786143600","1914.84","1916.41","1913.92","1914.18","0.0"
"ETHUSDT","2026-08","1786147200","1914.19","1915.1","1912.5","1914.35","0.0"
"ETHUSDT","2026-08","1786150800","1914.36","1916.62","1914.04","1914.65","0.0"
"ETHUSDT","2026-08","1786154400","1914.66","1914.66","1912.27","1913.18","0.0"
"ETHUSDT","2026-08","1786158000","1913.18","1919.02","1913.17","1918.08","0.0"
"ETHUSDT","2026-08","1786161600","1918.09","1919.58","1916.4","1917.0","0.0"
"ETHUSDT","2026-08","1786165200","1917.0","1918.78","1915.81","1917.56","0.0"
"ETHUSDT","2026-08","1786168800","1917.55","1917.89","1916.17","1916.44","0.0"
"ETHUSDT","2026-08","1786172400","1916.45","1916.75","1914.0","1915.11","0.0"
"ETHUSDT","2026-08","1786176000","1915.11","1917.73","1914.58","1916.85","0.0"
"ETHUSDT","2026-08","1786179600","1916.85","1923.22","1916.25","1918.95","0.0"
"ETHUSDT","2026-08","1786183200","1918.94","1922.72","1918.94","1921.17","0.0"
"ETHUSDT","2026-08","1786186800","1921.18","1923.57","1919.53","1920.99","0.0"
"ETHUSDT","2026-08","1786190400","1920.99","1922.47","1918.7","1919.19","0.0"
"ETHUSDT","2026-08","1786194000","1919.2","1920.55","1918.61","1920.0","0.0"
"ETHUSDT","2026-08","1786197600","1920.0","1926.72","1919.99","1923.77","0.0"
"ETHUSDT","2026-08","1786201200","1923.78","1924.56","1921.35","1922.62","0.0"
"ETHUSDT","2026-08","1786204800","1922.63","1925.0","1921.65","1922.46","0.0"
"ETHUSDT","2026-08","1786208400","1922.45","1926.45","1922.25","1923.85","0.0"
"ETHUSDT","2026-08","1786212000","1923.84","1923.84","1919.77","1921.1","0.0"
"ETHUSDT","2026-08","1786215600","1921.1","1921.54","1919.67","1920.41","0.0"
"ETHUSDT","2026-08","1786219200","1920.41","1921.21","1919.95","1920.39","0.0"
"ETHUSDT","2026-08","1786222800","1920.39","1922.73","1920.27","1920.82","0.0"
"ETHUSDT","2026-08","1786226400","1920.82","1921.59","1916.66","1916.75","0.0"
"ETHUSDT","2026-08","1786230000","1916.74","1919.0","1914.69","1916.74","0.0"
"ETHUSDT","2026-08","1786233600","1916.75","1918.66","1916.34","1918.09","0.0"
"ETHUSDT","2026-08","1786237200","1918.08","1920.21","1913.37","1916.14","0.0"
"ETHUSDT","2026-08","1786240800","1916.15","1916.71","1913.64","1914.8","0.0"
"ETHUSDT","2026-08","1786244400","1914.79","1914.79","1912.36","1914.04","0.0"
"ETHUSDT","2026-08","1786248000","1914.04","1915.63","1912.99","1913.16","0.0"
"ETHUSDT","2026-08","1786251600","1913.17","1915.04","1913.11","1914.46","0.0"
"ETHUSDT","2026-08","1786255200","1914.45","1919.51","1912.83","1919.33","0.0"
"ETHUSDT","2026-08","1786258800","1919.34","1919.79","1917.14","1918.97","0.0"
"ETHUSDT","2026-08","1786262400","1918.97","1925.0","1914.0","1915.94","0.0"
"ETHUSDT","2026-08","1786266000","1915.94","1921.45","1913.39","1921.45","0.0"
"ETHUSDT","2026-08","1786269600","1921.45","1922.96","1919.64","1920.1","0.0"
"ETHUSDT","2026-08","1786273200","1920.09","1921.51","1918.37","1919.23","0.0"
"ETHUSDT","2026-08","1786276800","1919.23","1919.23","1916.51","1917.5","0.0"
"ETHUSDT","2026-08","1786280400","1917.5","1926.31","1917.5","1923.36","0.0"
"ETHUSDT","2026-08","1786284000","1923.36","1926.58","1922.61","1925.07","0.0"
"ETHUSDT","2026-08","1786287600","1925.08","1927.36","1924.16","1926.56","0.0"
"ETHUSDT","2026-08","1786291200","1926.57","1926.95","1921.6","1924.11","0.0"
"ETHUSDT","2026-08","1786294800","1924.1","1924.84","1923.11","1923.11","0.0"
"ETHUSDT","2026-08","1786298400","1923.1","1923.8","1920.15","1921.52","0.0"
"ETHUSDT","2026-08","1786302000","1921.51","1922.47","1921.35","1922.04","0.0"
"ETHUSDT","2026-08","1786305600","1922.04","1922.27","1918.0","1920.73","0.0"
"ETHUSDT","2026-08","1786309200","1920.72","1926.91","1919.84","1924.73","0.0"
"ETHUSDT","2026-08","1786312800","1924.73","1938.22","1915.0","1919.55","0.0"
"ETHUSDT","2026-08","1786316400","1919.54","1920.61","1907.56","1910.65","0.0"
"ETHUSDT","2026-08","1786320000","1910.65","1928.28","1906.17","1912.78","0.0"
"ETHUSDT","2026-08","1786323600","1912.79","1931.57","1908.01","1925.23","0.0"
"ETHUSDT","2026-08","1786327200","1925.23","1926.72","1912.86","1923.52","0.0"
"ETHUSDT","2026-08","1786330800","1923.51","1924.66","1913.66","1917.44","0.0"
"ETHUSDT","2026-08","1786334400","1917.44","1921.01","1912.6","1915.79","0.0"
"ETHUSDT","2026-08","1786338000","1915.79","1925.02","1915.33","1923.17","0.0"
"ETHUSDT","2026-08","1786341600","1923.18","1929.43","1923.01","1928.03","0.0"
"ETHUSDT","2026-08","1786345200","1928.03","1930.84","1924.8","1925.26","0.0"
"ETHUSDT","2026-08","1786348800","1925.26","1929.74","1923.21","1926.8","0.0"
"ETHUSDT","2026-08","1786352400","1926.8","1927.09","1916.21","1916.39","0.0"
"ETHUSDT","2026-08","1786356000","1916.38","1920.7","1916.12","1917.75","0.0"
"ETHUSDT","2026-08","1786359600","1917.75","1921.11","1914.68","1920.42","0.0"
"ETHUSDT","2026-08","1786363200","1920.42","1923.34","1905.0","1906.0","0.0"
"ETHUSDT","2026-08","1786366800","1905.99","1910.46","1894.56","1897.6","0.0"
"ETHUSDT","2026-08","1786370400","1897.61","1902.84","1891.6","1893.59","0.0"
"ETHUSDT","2026-08","1786374000","1893.58","1893.58","1871.37","1877.0","0.0"
"ETHUSDT","2026-08","1786377600","1876.99","1878.71","1867.96","1872.36","0.0"
"ETHUSDT","2026-08","1786381200","1872.38","1877.39","1868.71","1873.7","0.0"
"ETHUSDT","2026-08","1786384800","1873.7","1875.24","1868.0","1872.95","0.0"
"ETHUSDT","2026-08","1786388400","1872.95","1880.47","1871.86","1878.51","0.0"
"ETHUSDT","2026-08","1786392000","1878.52","1881.31","1877.74","1879.73","0.0"
"ETHUSDT","2026-08","1786395600","1879.72","1879.72","1873.54","1874.45","0.0"
"ETHUSDT","2026-08","1786399200","1874.45","1878.13","1872.13","1876.14","0.0"
"ETHUSDT","2026-08","1786402800","1876.15","1876.15","1870.12","1873.16","0.0"
"ETHUSDT","2026-08","1786406400","1873.16","1876.04","1871.0","1875.32","0.0"
"ETHUSDT","2026-08","1786410000","1875.31","1878.6","1873.49","1878.14","0.0"
"ETHUSDT","2026-08","1786413600","1878.13","1881.78","1877.36","1878.6","0.0"
"ETHUSDT","2026-08","1786417200","1878.61","1881.78","1878.6","1881.03","0.0"
"ETHUSDT","2026-08","1786420800","1881.02","1882.18","1876.22","1876.25","0.0"
"ETHUSDT","2026-08","1786424400","1876.25","1876.81","1872.19","1874.03","0.0"
"ETHUSDT","2026-08","1786428000","1874.03","1875.02","1870.86","1874.24","0.0"
"ETHUSDT","2026-08","1786431600","1874.25","1879.34","1870.29","1877.95","0.0"
"ETHUSDT","2026-08","1786435200","1877.95","1880.39","1875.75","1879.21","0.0"
"ETHUSDT","2026-08","1786438800","1879.2","1885.41","1877.32","1885.41","0.0"
"ETHUSDT","2026-08","1786442400","1885.41","1889.0","1882.66","1886.16","0.0"
"ETHUSDT","2026-08","1786446000","1886.17","1895.6","1886.17","1892.97","0.0"
"ETHUSDT","2026-08","1786449600","1892.96","1897.8","1887.34","1888.0","0.0"
"ETHUSDT","2026-08","1786453200","1888.0","1892.69","1883.63","1890.03","0.0"
"ETHUSDT","2026-08","1786456800","1890.02","1891.61","1870.33","1873.69","0.0"
"ETHUSDT","2026-08","1786460400","1873.68","1877.71","1853.62","1862.74","0.0"
"ETHUSDT","2026-08","1786464000","1862.75","1867.06","1859.78","1864.82","0.0"
"ETHUSDT","2026-08","1786467600","1864.83","1867.95","1862.88","1864.69","0.0"
"ETHUSDT","2026-08","1786471200","1864.69","1867.09","1860.0","1866.03","0.0"
"ETHUSDT","2026-08","1786474800","1866.03","1884.83","1862.9","1881.9","0.0"
"ETHUSDT","2026-08","1786478400","1881.9","1885.38","1879.09","1882.22","0.0"
"ETHUSDT","2026-08","1786482000","1882.22","1885.32","1880.43","1884.68","0.0"
"ETHUSDT","2026-08","1786485600","1884.68","1887.64","1879.61","1882.16","0.0"
"ETHUSDT","2026-08","1786489200","1882.17","1884.41","1878.92","1882.59","0.0"
"ETHUSDT","2026-08","1786492800","1882.58","1883.72","1880.65","1882.35","0.0"
"ETHUSDT","2026-08","1786496400","1882.36","1886.53","1881.11","1884.77","0.0"
"ETHUSDT","2026-08","1786500000","1884.77","1887.91","1883.59","1884.47","0.0"
"ETHUSDT","2026-08","1786503600","1884.48","1887.33","1882.66","1886.62","0.0"
"ETHUSDT","2026-08","1786507200","1886.63","1893.37","1885.47","1889.42","0.0"
"ETHUSDT","2026-08","1786510800","1889.41","1892.44","1886.77","1891.71","0.0"
"ETHUSDT","2026-08","1786514400","1891.7","1891.71","1885.38","1887.73","0.0"
"ETHUSDT","2026-08","1786518000","1887.74","1891.82","1886.34","1891.69","0.0"
"ETHUSDT","2026-08","1786521600","1891.7","1896.11","1890.63","1890.95","0.0"
"ETHUSDT","2026-08","1786525200","1890.94","1909.63","1890.0","1905.84","0.0"
"ETHUSDT","2026-08","1786528800","1905.84","1915.54","1905.84","1909.17","0.0"
"ETHUSDT","2026-08","1786532400","1909.18","1915.99","1907.41","1915.57","0.0"
"ETHUSDT","2026-08","1786536000","1915.58","1925.0","1905.52","1911.32","0.0"
"ETHUSDT","2026-08","1786539600","1911.31","1912.6","1900.04","1901.32","0.0"
"ETHUSDT","2026-08","1786543200","1901.31","1903.71","1885.0","1887.79","0.0"
"ETHUSDT","2026-08","1786546800","1887.78","1896.29","1884.54","1892.75","0.0"
"ETHUSDT","2026-08","1786550400","1892.75","1895.77","1889.24","1890.7","0.0"
"ETHUSDT","2026-08","1786554000","1890.7","1891.89","1885.12","1888.14","0.0"
"ETHUSDT","2026-08","1786557600","1888.13","1891.33","1885.5","1885.55","0.0"
"ETHUSDT","2026-08","1786561200","1885.54","1886.8","1877.98","1879.38","0.0"
"ETHUSDT","2026-08","1786564800","1879.37","1887.68","1877.81","1886.6","0.0"
"ETHUSDT","2026-08","1786568400","1886.6","1889.47","1873.29","1877.95","0.0"
"ETHUSDT","2026-08","1786572000","1877.94","1881.37","1875.63","1878.45","0.0"
"ETHUSDT","2026-08","1786575600","1878.46","1880.11","1874.81","1879.81","0.0"
"ETHUSDT","2026-08","1786579200","1879.8","1885.55","1877.26","1880.29","0.0"
"ETHUSDT","2026-08","1786582800","1880.28","1882.83","1875.01","1878.09","0.0"
"ETHUSDT","2026-08","1786586400","1878.09","1883.28","1873.17","1881.93","0.0"
"ETHUSDT","2026-08","1786590000","1881.94","1888.89","1881.68","1887.52","0.0"
"ETHUSDT","2026-08","1786593600","1887.52","1894.99","1885.46","1892.37","0.0"
"ETHUSDT","2026-08","1786597200","1892.37","1900.0","1891.77","1895.81","0.0"
"ETHUSDT","2026-08","1786600800","1895.8","1898.62","1892.17","1898.62","0.0"
"ETHUSDT","2026-08","1786604400","1898.62","1898.93","1895.31","1895.57","0.0"
"ETHUSDT","2026-08","1786608000","1895.57","1897.0","1888.38","1890.05","0.0"
"ETHUSDT","2026-08","1786611600","1890.05","1890.59","1881.39","1889.78","0.0"
"ETHUSDT","2026-08","1786615200","1889.78","1890.24","1882.08","1883.17","0.0"
"ETHUSDT","2026-08","1786618800","1883.18","1883.72","1875.49","1880.39","0.0"
"ETHUSDT","2026-08","1786622400","1880.4","1890.18","1879.17","1889.04","0.0"
"ETHUSDT","2026-08","1786626000","1889.04","1895.71","1887.06","1890.39","0.0"
"ETHUSDT","2026-08","1786629600","1890.39","1897.36","1888.64","1893.43","0.0"
"ETHUSDT","2026-08","1786633200","1893.44","1896.04","1880.0","1880.01","0.0"
"ETHUSDT","2026-08","1786636800","1880.01","1884.94","1863.67","1874.85","0.0"
"ETHUSDT","2026-08","1786640400","1874.86","1881.01","1873.73","1876.98","0.0"
"ETHUSDT","2026-08","1786644000","1876.98","1887.3","1876.63","1885.52","0.0"
"ETHUSDT","2026-08","1786647600","1885.52","1892.73","1885.16","1887.41","0.0"
"ETHUSDT","2026-08","1786651200","1887.41","1889.56","1885.32","1886.43","0.0"
"ETHUSDT","2026-08","1786654800","1886.43","1889.47","1886.01","1888.76","0.0"
"ETHUSDT","2026-08","1786658400","1888.77","1893.03","1888.6","1889.4","0.0"
"ETHUSDT","2026-08","1786662000","1889.41","1889.41","1884.6","1886.15","0.0"
"ETHUSDT","2026-08","1786665600","1886.16","1889.49","1883.53","1889.4","0.0"
"ETHUSDT","2026-08","1786669200","1889.4","1890.23","1884.85","1889.41","0.0"
"ETHUSDT","2026-08","1786672800","1889.41","1891.3","1886.05","1886.62","0.0"
"ETHUSDT","2026-08","1786676400","1886.63","1889.07","1882.44","1883.0","0.0"
"ETHUSDT","2026-08","1786680000","1883.0","1887.87","1882.16","1884.77","0.0"
"ETHUSDT","2026-08","1786683600","1884.78","1885.54","1880.55","1884.07","0.0"
"ETHUSDT","2026-08","1786687200","1884.07","1884.08","1872.83","1872.85","0.0"
"ETHUSDT","2026-08","1786690800","1872.86","1878.29","1872.28","1873.4","0.0"
"ETHUSDT","2026-08","1786694400","1873.4","1878.71","1869.32","1878.71","0.0"
"ETHUSDT","2026-08","1786698000","1878.72","1878.91","1871.34","1873.22","0.0"
"ETHUSDT","2026-08","1786701600","1873.21","1878.43","1872.51","1876.19","0.0"
"ETHUSDT","2026-08","1786705200","1876.18","1881.19","1875.07","1878.2","0.0"
"ETHUSDT","2026-08","1786708800","1878.2","1879.59","1873.0","1873.51","0.0"
"ETHUSDT","2026-08","1786712400","1873.51","1873.94","1866.43","1869.97","0.0"
"ETHUSDT","2026-08","1786716000","1869.98","1873.54","1864.28","1866.93","0.0"
"ETHUSDT","2026-08","1786719600","1866.94","1884.71","1866.28","1881.56","0.0"
"ETHUSDT","2026-08","1786723200","1881.56","1888.42","1879.32","1885.41","0.0"
"ETHUSDT","2026-08","1786726800","1885.41","1887.66","1876.71","1878.57","0.0"
"ETHUSDT","2026-08","1786730400","1878.57","1879.0","1873.7","1875.76","0.0"
"ETHUSDT","2026-08","1786734000","1875.75","1881.96","1873.86","1880.89","0.0"
"ETHUSDT","2026-08","1786737600","1880.89","1881.9","1878.95","1880.42","0.0"
"ETHUSDT","2026-08","1786741200","1880.42","1881.25","1877.35","1879.44","0.0"
"ETHUSDT","2026-08","1786744800","1879.43","1881.16","1876.1","1879.77","0.0"
"ETHUSDT","2026-08","1786748400","1879.77","1882.67","1878.74","1882.2","0.0"
"ETHUSDT","2026-08","1786752000","1882.2","1883.48","1881.71","1882.41","0.0"
"ETHUSDT","2026-08","1786755600","1882.41","1884.69","1881.12","1884.0","0.0"
"ETHUSDT","2026-08","1786759200","1884.0","1885.82","1883.99","1884.94","0.0"
"ETHUSDT","2026-08","1786762800","1884.94","1886.59","1882.68","1882.68","0.0"
"ETHUSDT","2026-08","1786766400","1882.69","1885.69","1882.69","1884.37","0.0"
"ETHUSDT","2026-08","1786770000","1884.38","1885.36","1880.0","1880.66","0.0"
"ETHUSDT","2026-08","1786773600","1880.67","1883.61","1880.02","1882.16","0.0"
"ETHUSDT","2026-08","1786777200","1882.17","1882.59","1880.19","1880.4","0.0"
"ETHUSDT","2026-08","1786780800","1880.4","1881.69","1876.53","1877.05","0.0"
"ETHUSDT","2026-08","1786784400","1877.04","1881.32","1876.01","1880.44","0.0"
"ETHUSDT","2026-08","1786788000","1880.45","1881.39","1878.42","1881.01","0.0"
"ETHUSDT","2026-08","1786791600","1881.0","1881.3","1879.24","1879.49","0.0"
"ETHUSDT","2026-08","1786795200","1879.49","1883.97","1878.19","1883.86","0.0"
"ETHUSDT","2026-08","1786798800","1883.86","1884.93","1882.33","1883.86","0.0"
"ETHUSDT","2026-08","1786802400","1883.85","1884.61","1881.47","1883.56","0.0"
"ETHUSDT","2026-08","1786806000","1883.55","1885.83","1883.11","1884.91","0.0"
"ETHUSDT","2026-08","1786809600","1884.92","1885.7","1883.92","1884.98","0.0"
"ETHUSDT","2026-08","1786813200","1884.98","1886.58","1883.03","1884.49","0.0"
"ETHUSDT","2026-08","1786816800","1884.49","1885.8","1882.59","1882.82","0.0"
"ETHUSDT","2026-08","1786820400","1882.82","1884.97","1882.82","1884.55","0.0"
"ETHUSDT","2026-08","1786824000","1884.55","1884.56","1882.8","1883.42","0.0"
"ETHUSDT","2026-08","1786827600","1883.41","1885.6","1883.41","1885.17","0.0"
"ETHUSDT","2026-08","1786831200","1885.16","1885.8","1884.46","1884.84","0.0"
"ETHUSDT","2026-08","1786834800","1884.84","1884.85","1881.98","1882.64","0.0"
"ETHUSDT","2026-08","1786838400","1882.64","1883.33","1881.67","1882.57","0.0"
"ETHUSDT","2026-08","1786842000","1882.57","1882.57","1877.01","1880.54","0.0"
"ETHUSDT","2026-08","1786845600","1880.54","1885.0","1879.09","1883.71","0.0"
"ETHUSDT","2026-08","1786849200","1883.71","1884.28","1883.03","1883.3","0.0"
"ETHUSDT","2026-08","1786852800","1883.31","1884.56","1880.6","1881.7","0.0"
"ETHUSDT","2026-08","1786856400","1881.7","1881.92","1879.16","1879.81","0.0"
"ETHUSDT","2026-08","1786860000","1879.82","1881.59","1879.0","1880.58","0.0"
"ETHUSDT","2026-08","1786863600","1880.58","1881.65","1879.91","1881.54","0.0"
"ETHUSDT","2026-08","1786867200","1881.54","1881.56","1880.48","1880.94","0.0"
"ETHUSDT","2026-08","1786870800","1880.94","1882.52","1879.27","1880.43","0.0"
"ETHUSDT","2026-08","1786874400","1880.42","1881.17","1879.62","1880.79","0.0"
"ETHUSDT","2026-08","1786878000","1880.8","1881.08","1880.16","1880.94","0.0"
"ETHUSDT","2026-08","1786881600","1880.94","1880.95","1879.32","1879.83","0.0"
"ETHUSDT","2026-08","1786885200","1879.82","1881.97","1879.82","1881.96","0.0"
"ETHUSDT","2026-08","1786888800","1881.96","1884.49","1881.96","1883.5","0.0"
"ETHUSDT","2026-08","1786892400","1883.51","1885.0","1882.33","1884.06","0.0"
"ETHUSDT","2026-08","1786896000","1884.06","1892.31","1884.06","1889.58","0.0"
"ETHUSDT","2026-08","1786899600","1889.59","1891.03","1883.81","1885.17","0.0"
"ETHUSDT","2026-08","1786903200","1885.18","1886.41","1882.63","1885.49","0.0"
"ETHUSDT","2026-08","1786906800","1885.49","1888.75","1884.48","1885.83","0.0"
"ETHUSDT","2026-08","1786910400","1885.83","1887.58","1881.59","1882.0","0.0"
"ETHUSDT","2026-08","1786914000","1881.99","1882.92","1869.17","1875.56","0.0"
"ETHUSDT","2026-08","1786917600","1875.55","1878.26","1869.26","1876.05","0.0"
"ETHUSDT","2026-08","1786921200","1876.05","1877.48","1873.54","1876.0","0.0"
"ETHUSDT","2026-08","1786924800","1876.01","1880.19","1872.46","1878.93","0.0"
"ETHUSDT","2026-08","1786928400","1878.92","1897.29","1878.21","1891.65","0.0"
"ETHUSDT","2026-08","1786932000","1891.66","1908.62","1888.72","1902.36","0.0"
"ETHUSDT","2026-08","1786935600","1902.35","1905.0","1898.06","1900.92","0.0"
"ETHUSDT","2026-08","1786939200","1900.93","1904.73","1900.93","1903.34","0.0"
"ETHUSDT","2026-08","1786942800","1903.33","1904.0","1898.25","1899.65","0.0"
"ETHUSDT","2026-08","1786946400","1899.66","1912.6","1897.13","1907.05","0.0"
"ETHUSDT","2026-08","1786950000","1907.06","1907.93","1900.77","1900.93","0.0"
"ETHUSDT","2026-08","1786953600","1900.93","1901.72","1891.57","1894.43","0.0"
"ETHUSDT","2026-08","1786957200","1894.44","1897.4","1893.15","1894.02","0.0"
"ETHUSDT","2026-08","1786960800","1894.02","1909.49","1892.16","1907.16","0.0"
"ETHUSDT","2026-08","1786964400","1907.15","1908.55","1904.09","1904.46","0.0"
"ETHUSDT","2026-08","1786968000","1904.46","1906.71","1896.46","1899.22","0.0"
"ETHUSDT","2026-08","1786971600","1899.22","1909.11","1896.28","1904.92","0.0"
"ETHUSDT","2026-08","1786975200","1904.92","1911.51","1898.37","1909.61","0.0"
"ETHUSDT","2026-08","1786978800","1909.61","1915.5","1904.54","1913.22","0.0"
"ETHUSDT","2026-08","1786982400","1913.22","1913.85","1905.37","1907.22","0.0"
"ETHUSDT","2026-08","1786986000","1907.21","1914.19","1904.59","1908.91","0.0"
"ETHUSDT","2026-08","1786989600","1908.9","1912.91","1907.33","1910.01","0.0"
"ETHUSDT","2026-08","1786993200","1910.0","1910.92","1906.69","1907.25","0.0"
"ETHUSDT","2026-08","1786996800","1907.24","1910.77","1905.0","1906.73","0.0"
"ETHUSDT","2026-08","1787000400","1906.73","1908.82","1905.91","1906.35","0.0"
"ETHUSDT","2026-08","1787004000","1906.35","1908.03","1903.59","1904.55","0.0"
"ETHUSDT","2026-08","1787007600","1904.56","1918.71","1904.01","1913.6","0.0"
"ETHUSDT","2026-08","1787011200","1913.59","1914.38","1908.62","1910.11","0.0"
"ETHUSDT","2026-08","1787014800","1910.12","1910.33","1899.78","1901.54","0.0"
"ETHUSDT","2026-08","1787018400","1901.53","1903.6","1889.28","1893.19","0.0"
"ETHUSDT","2026-08","1787022000","1893.19","1895.49","1885.78","1894.69","0.0"
"ETHUSDT","2026-08","1787025600","1894.68","1897.7","1891.53","1896.66","0.0"
"ETHUSDT","2026-08","1787029200","1896.66","1898.95","1892.75","1895.63","0.0"
"ETHUSDT","2026-08","1787032800","1895.62","1906.94","1893.64","1902.83","0.0"
"ETHUSDT","2026-08","1787036400","1902.84","1903.27","1897.07","1898.84","0.0"
"ETHUSDT","2026-08","1787040000","1898.83","1901.83","1893.8","1900.3","0.0"
"ETHUSDT","2026-08","1787043600","1900.31","1900.31","1895.58","1896.93","0.0"
"ETHUSDT","2026-08","1787047200","1896.93","1899.56","1895.21","1898.02","0.0"
"ETHUSDT","2026-08","1787050800","1898.01","1905.65","1897.65","1903.11","0.0"
"ETHUSDT","2026-08","1787054400","1903.12","1904.07","1899.11","1899.48","0.0"
"ETHUSDT","2026-08","1787058000","1899.48","1900.0","1894.0","1897.84","0.0"
"ETHUSDT","2026-08","1787061600","1897.84","1923.27","1897.31","1911.02","0.0"
"ETHUSDT","2026-08","1787065200","1911.03","1919.93","1908.44","1917.7","0.0"
"ETHUSDT","2026-08","1787068800","1917.71","1922.3","1912.78","1918.47","0.0"
"ETHUSDT","2026-08","1787072400","1918.47","1918.62","1911.34","1911.38","0.0"
"ETHUSDT","2026-08","1787076000","1911.38","1917.54","1910.81","1916.6","0.0"
"ETHUSDT","2026-08","1787079600","1916.6","1917.58","1913.14","1913.28","0.0"
"ETHUSDT","2026-08","1787083200","1913.28","1915.71","1911.81","1913.02","0.0"
"ETHUSDT","2026-08","1787086800","1913.01","1915.01","1910.87","1912.22","0.0"
"ETHUSDT","2026-08","1787090400","1912.21","1915.35","1911.81","1913.42","0.0"
"ETHUSDT","2026-08","1787094000","1913.42","1920.1","1912.97","1917.85","0.0"
"ETHUSDT","2026-08","1787097600","1917.85","1919.15","1912.14","1913.62","0.0"
"ETHUSDT","2026-08","1787101200","1913.62","1918.08","1912.28","1913.68","0.0"
"ETHUSDT","2026-08","1787104800","1913.68","1913.88","1907.43","1907.7","0.0"
"ETHUSDT","2026-08","1787108400","1907.71","1915.57","1906.19","1912.15","0.0"
"ETHUSDT","2026-08","1787112000","1912.15","1914.56","1910.17","1910.85","0.0"
"ETHUSDT","2026-08","1787115600","1910.84","1914.14","1909.97","1910.27","0.0"
"ETHUSDT","2026-08","1787119200","1910.28","1917.64","1906.0","1917.63","0.0"
"ETHUSDT","2026-08","1787122800","1917.64","1921.32","1915.4","1916.01","0.0"
"ETHUSDT","2026-08","1787126400","1916.01","1929.94","1915.32","1921.52","0.0"
"ETHUSDT","2026-08","1787130000","1921.52","1923.85","1918.2","1919.3","0.0"
"ETHUSDT","2026-08","1787133600","1919.3","1920.24","1917.31","1920.22","0.0"
"ETHUSDT","2026-08","1787137200","1920.23","1926.43","1919.92","1923.06","0.0"
"ETHUSDT","2026-08","1787140800","1923.06","1943.21","1922.05","1937.21","0.0"
"ETHUSDT","2026-08","1787144400","1937.21","1941.65","1928.1","1932.9","0.0"
"ETHUSDT","2026-08","1787148000","1932.91","1980.0","1932.79","1970.6","0.0"
"ETHUSDT","2026-08","1787151600","1970.61","2115.0","1967.4","2085.83","0.0"
"ETHUSDT","2026-08","1787155200","2085.83","2108.0","2082.24","2089.55","0.0"
"ETHUSDT","2026-08","1787158800","2089.55","2093.11","2067.43","2091.02","0.0"
"ETHUSDT","2026-08","1787162400","2091.03","2092.6","2079.04","2091.93","0.0"
"ETHUSDT","2026-08","1787166000","2091.92","2105.4","2088.92","2102.02","0.0"
"ETHUSDT","2026-08","1787169600","2102.02","2241.56","2102.02","2218.12","0.0"
"ETHUSDT","2026-08","1787173200","2218.13","2333.65","2215.88","2286.0","0.0"
"ETHUSDT","2026-08","1787176800","2286.0","2290.0","2241.27","2249.99","0.0"
"ETHUSDT","2026-08","1787180400","2250.0","2261.7","2243.36","2252.8","0.0"
"ETHUSDT","2026-08","1787184000","2252.81","2274.25","2251.93","2262.24","0.0"
"ETHUSDT","2026-08","1787187600","2262.24","2270.94","2250.0","2266.66","0.0"
"ETHUSDT","2026-08","1787191200","2266.66","2270.68","2250.0","2251.89","0.0"
"ETHUSDT","2026-08","1787194800","2251.88","2257.58","2221.54","2251.21","0.0"
"ETHUSDT","2026-08","1787198400","2251.21","2258.39","2248.46","2250.28","0.0"
"ETHUSDT","2026-08","1787202000","2250.27","2256.99","2243.86","2248.36","0.0"
"ETHUSDT","2026-08","1787205600","2248.36","2267.3","2238.97","2262.76","0.0"
"ETHUSDT","2026-08","1787209200","2262.77","2264.77","2244.1","2251.81","0.0"
"ETHUSDT","2026-08","1787212800","2251.81","2287.26","2249.19","2282.25","0.0"
"ETHUSDT","2026-08","1787216400","2282.26","2298.39","2275.23","2278.56","0.0"
"ETHUSDT","2026-08","1787220000","2278.56","2295.87","2275.54","2287.0","0.0"
"ETHUSDT","2026-08","1787223600","2286.99","2320.0","2282.31","2296.58","0.0"
"ETHUSDT","2026-08","1787227200","2296.59","2300.97","2268.0","2290.23","0.0"
"ETHUSDT","2026-08","1787230800","2290.23","2298.19","2255.68","2276.91","0.0"
"ETHUSDT","2026-08","1787234400","2276.92","2289.33","2271.48","2281.24","0.0"
"ETHUSDT","2026-08","1787238000","2281.24","2337.89","2281.24","2326.41","0.0"
"ETHUSDT","2026-08","1787241600","2326.4","2360.0","2314.44","2344.48","0.0"
"ETHUSDT","2026-08","1787245200","2344.48","2351.28","2332.44","2344.26","0.0"
"ETHUSDT","2026-08","1787248800","2344.25","2348.11","2310.44","2316.38","0.0"
"ETHUSDT","2026-08","1787252400","2316.37","2332.6","2312.14","2323.77","0.0"
"ETHUSDT","2026-08","1787256000","2323.78","2331.5","2313.81","2318.58","0.0"
"ETHUSDT","2026-08","1787259600","2318.58","2325.6","2313.32","2318.81","0.0"
"ETHUSDT","2026-08","1787263200","2318.81","2319.45","2306.67","2314.42","0.0"
"ETHUSDT","2026-08","1787266800","2314.42","2340.0","2313.1","2326.82","0.0"
"ETHUSDT","2026-08","1787270400","2326.83","2351.15","2324.99","2340.82","0.0"
"ETHUSDT","2026-08","1787274000","2340.82","2380.82","2338.0","2359.37","0.0"
"ETHUSDT","2026-08","1787277600","2359.37","2365.0","2340.0","2345.75","0.0"
"ETHUSDT","2026-08","1787281200","2345.75","2354.5","2337.23","2341.04","0.0"
"ETHUSDT","2026-08","1787284800","2341.05","2356.0","2341.05","2354.42","0.0"
"ETHUSDT","2026-08","1787288400","2354.43","2368.76","2349.67","2368.42","0.0"
"ETHUSDT","2026-08","1787292000","2368.42","2384.17","2355.15","2372.47","0.0"
"ETHUSDT","2026-08","1787295600","2372.48","2398.71","2362.66","2371.66","0.0"
"ETHUSDT","2026-08","1787299200","2371.67","2447.98","2370.24","2444.2","0.0"
"ETHUSDT","2026-08","1787302800","2444.2","2446.23","2376.32","2404.0","0.0"
"ETHUSDT","2026-08","1787306400","2404.0","2411.84","2390.64","2395.33","0.0"
"ETHUSDT","2026-08","1787310000","2395.32","2399.18","2357.18","2370.47","0.0"
"ETHUSDT","2026-08","1787313600","2370.48","2397.5","2365.44","2388.62","0.0"
"ETHUSDT","2026-08","1787317200","2388.62","2406.41","2368.08","2387.65","0.0"
"ETHUSDT","2026-08","1787320800","2387.65","2397.45","2369.41","2393.67","0.0"
"ETHUSDT","2026-08","1787324400","2393.67","2408.55","2389.02","2393.65","0.0"
"ETHUSDT","2026-08","1787328000","2393.64","2413.14","2384.0","2405.97","0.0"
"ETHUSDT","2026-08","1787331600","2405.97","2428.0","2402.1","2423.61","0.0"
"ETHUSDT","2026-08","1787335200","2423.61","2432.35","2395.89","2420.71","0.0"
"ETHUSDT","2026-08","1787338800","2420.72","2420.92","2407.56","2413.55","0.0"
"ETHUSDT","2026-08","1787342400","2413.54","2447.85","2408.86","2441.05","0.0"
"ETHUSDT","2026-08","1787346000","2441.05","2520.86","2434.71","2513.27","0.0"
"ETHUSDT","2026-08","1787349600","2513.26","2546.78","2506.88","2521.89","0.0"
"ETHUSDT","2026-08","1787353200","2521.89","2546.42","2510.0","2516.3","0.0"
"ETHUSDT","2026-08","1787356800","2516.31","2522.99","2491.11","2522.44","0.0"
"ETHUSDT","2026-08","1787360400","2522.44","2528.58","2506.97","2506.99","0.0"
"ETHUSDT","2026-08","1787364000","2506.99","2523.24","2495.65","2516.02","0.0"
"ETHUSDT","2026-08","1787367600","2516.02","2526.68","2512.64","2515.06","0.0"
"ETHUSDT","2026-08","1787371200","2515.06","2529.99","2506.05","2514.43","0.0"
"ETHUSDT","2026-08","1787374800","2514.43","2518.31","2385.0","2439.95","0.0"
"ETHUSDT","2026-08","1787378400","2439.95","2443.68","2412.18","2437.78","0.0"
"ETHUSDT","2026-08","1787382000","2437.79","2447.6","2426.8","2433.31","0.0"
"ETHUSDT","2026-08","1787385600","2433.32","2441.1","2412.16","2425.74","0.0"
"ETHUSDT","2026-08","1787389200","2425.74","2429.41","2412.84","2421.93","0.0"
"ETHUSDT","2026-08","1787392800","2421.93","2423.11","2389.45","2412.73","0.0"
"ETHUSDT","2026-08","1787396400","2412.73","2426.73","2405.4","2423.93","0.0"
"ETHUSDT","2026-08","1787400000","2423.92","2437.76","2419.1","2428.12","0.0"
"ETHUSDT","2026-08","1787403600","2428.11","2433.25","2421.71","2430.09","0.0"
"ETHUSDT","2026-08","1787407200","2430.09","2431.48","2409.36","2413.94","0.0"
"ETHUSDT","2026-08","1787410800","2413.93","2416.71","2405.62","2410.9","0.0"
"ETHUSDT","2026-08","1787414400","2410.89","2429.94","2409.0","2422.63","0.0"
"ETHUSDT","2026-08","1787418000","2422.64","2431.55","2417.27","2426.32","0.0"
"ETHUSDT","2026-08","1787421600","2426.33","2434.49","2421.76","2427.13","0.0"
"ETHUSDT","2026-08","1787425200","2427.13","2444.71","2423.98","2439.41","0.0"
"ETHUSDT","2026-08","1787428800","2439.41","2443.72","2429.38","2431.84","0.0"
"ETHUSDT","2026-08","1787432400","2431.83","2431.95","2403.47","2407.54","0.0"
"ETHUSDT","2026-08","1787436000","2407.54","2425.14","2404.35","2414.16","0.0"
"ETHUSDT","2026-08","1787439600","2414.17","2427.9","2410.82","2422.6","0.0"
"ETHUSDT","2026-08","1787443200","2422.6","2435.53","2419.67","2430.96","0.0"
"ETHUSDT","2026-08","1787446800","2430.96","2433.34","2420.35","2423.25","0.0"
"ETHUSDT","2026-08","1787450400","2423.26","2424.49","2408.0","2416.95","0.0"
"ETHUSDT","2026-08","1787454000","2416.96","2419.05","2408.4","2413.98","0.0"
"ETHUSDT","2026-08","1787457600","2413.98","2417.02","2372.17","2378.66","0.0"
"ETHUSDT","2026-08","1787461200","2378.67","2387.0","2355.71","2372.99","0.0"
"ETHUSDT","2026-08","1787464800","2372.99","2396.67","2369.29","2389.99","0.0"
"ETHUSDT","2026-08","1787468400","2389.99","2397.2","2386.84","2389.02","0.0"
"ETHUSDT","2026-08","1787472000","2389.01","2426.03","2386.96","2412.46","0.0"
"ETHUSDT","2026-08","1787475600","2412.45","2416.17","2404.51","2411.2","0.0"
"ETHUSDT","2026-08","1787479200","2411.2","2420.89","2410.84","2415.15","0.0"
"ETHUSDT","2026-08","1787482800","2415.15","2438.31","2414.82","2433.68","0.0"
"ETHUSDT","2026-08","1787486400","2433.67","2433.68","2419.15","2427.05","0.0"
"ETHUSDT","2026-08","1787490000","2427.05","2484.06","2427.0","2459.75","0.0"
"ETHUSDT","2026-08","1787493600","2459.75","2469.3","2389.85","2438.95","0.0"
"ETHUSDT","2026-08","1787497200","2438.95","2452.86","2421.87","2438.62","0.0"
"ETHUSDT","2026-08","1787500800","2438.61","2459.22","2438.61","2450.56","0.0"
"ETHUSDT","2026-08","1787504400","2450.56","2454.3","2432.81","2440.12","0.0"
"ETHUSDT","2026-08","1787508000","2440.11","2449.27","2434.83","2448.68","0.0"
"ETHUSDT","2026-08","1787511600","2448.68","2454.16","2437.44","2444.96","0.0"
"ETHUSDT","2026-08","1787515200","2444.95","2450.72","2436.41","2450.48","0.0"
"ETHUSDT","2026-08","1787518800","2450.48","2484.62","2450.47","2469.97","0.0"
"ETHUSDT","2026-08","1787522400","2469.96","2474.53","2451.89","2455.05","0.0"
"ETHUSDT","2026-08","1787526000","2455.04","2471.02","2441.78","2463.41","0.0"
"ETHUSDT","2026-08","1787529600","2463.42","2465.9","2442.35","2465.11","0.0"
"ETHUSDT","2026-08","1787533200","2465.11","2466.98","2427.27","2429.4","0.0"
"ETHUSDT","2026-08","1787536800","2429.4","2451.77","2424.73","2443.78","0.0"
"ETHUSDT","2026-08","1787540400","2443.78","2445.62","2426.49","2430.64","0.0"
"ETHUSDT","2026-08","1787544000","2430.65","2446.42","2428.11","2438.08","0.0"
"ETHUSDT","2026-08","1787547600","2438.07","2459.82","2433.98","2448.92","0.0"
"ETHUSDT","2026-08","1787551200","2448.92","2463.74","2444.22","2456.5","0.0"
"ETHUSDT","2026-08","1787554800","2456.5","2474.09","2452.28","2454.64","0.0"
"ETHUSDT","2026-08","1787558400","2454.67","2459.33","2436.41","2454.84","0.0"
"ETHUSDT","2026-08","1787562000","2454.84","2465.1","2453.75","2463.08","0.0"
"ETHUSDT","2026-08","1787565600","2463.07","2490.89","2461.73","2465.2","0.0"
"ETHUSDT","2026-08","1787569200","2465.2","2509.0","2454.4","2494.18","0.0"
"ETHUSDT","2026-08","1787572800","2494.18","2518.54","2474.5","2512.54","0.0"
"ETHUSDT","2026-08","1787576400","2512.54","2519.88","2476.31","2493.83","0.0"
"ETHUSDT","2026-08","1787580000","2493.83","2532.12","2491.61","2516.16","0.0"
"ETHUSDT","2026-08","1787583600","2516.16","2532.95","2479.38","2487.99","0.0"
"ETHUSDT","2026-08","1787587200","2487.99","2506.0","2469.02","2478.43","0.0"
"ETHUSDT","2026-08","1787590800","2478.43","2484.29","2455.0","2468.97","0.0"
"ETHUSDT","2026-08","1787594400","2468.97","2483.78","2467.19","2473.84","0.0"
"ETHUSDT","2026-08","1787598000","2473.85","2477.69","2461.87","2471.4","0.0"
"ETHUSDT","2026-08","1787601600","2471.48","2479.21","2465.46","2475.16","0.0"
"ETHUSDT","2026-08","1787605200","2475.16","2489.67","2475.16","2483.56","0.0"
"ETHUSDT","2026-08","1787608800","2483.56","2485.38","2472.5","2474.26","0.0"
"ETHUSDT","2026-08","1787612400","2474.27","2487.24","2470.7","2482.31","0.0"
"ETHUSDT","2026-08","1787616000","2482.31","2504.74","2472.18","2493.61","0.0"
"ETHUSDT","2026-08","1787619600","2493.61","2504.62","2484.88","2495.99","0.0"
"ETHUSDT","2026-08","1787623200","2495.99","2532.5","2492.31","2507.69","0.0"
"ETHUSDT","2026-08","1787626800","2507.7","2514.55","2488.99","2499.29","0.0"
"ETHUSDT","2026-08","1787630400","2499.3","2504.09","2488.96","2494.99","0.0"
"ETHUSDT","2026-08","1787634000","2494.99","2511.82","2493.77","2508.73","0.0"
"ETHUSDT","2026-08","1787637600","2508.73","2515.43","2496.04","2500.88","0.0"
"ETHUSDT","2026-08","1787641200","2500.89","2513.0","2464.41","2478.94","0.0"
"ETHUSDT","2026-08","1787644800","2478.94","2498.0","2475.0","2484.82","0.0"
"ETHUSDT","2026-08","1787648400","2484.82","2492.0","2462.81","2474.67","0.0"
"ETHUSDT","2026-08","1787652000","2474.67","2485.83","2469.87","2481.82","0.0"
"ETHUSDT","2026-08","1787655600","2481.82","2486.16","2474.76","2477.91","0.0"
"ETHUSDT","2026-08","1787659200","2477.9","2481.37","2458.01","2473.5","0.0"
"ETHUSDT","2026-08","1787662800","2473.51","2477.08","2440.0","2460.73","0.0"
"ETHUSDT","2026-08","1787666400","2460.73","2484.0","2454.33","2476.91","0.0"
"ETHUSDT","2026-08","1787670000","2476.92","2483.85","2466.14","2482.88","0.0"
"ETHUSDT","2026-08","1787673600","2482.89","2485.6","2467.1","2470.68","0.0"
"ETHUSDT","2026-08","1787677200","2470.68","2471.47","2455.93","2471.03","0.0"
"ETHUSDT","2026-08","1787680800","2471.04","2474.8","2464.23","2467.44","0.0"
"ETHUSDT","2026-08","1787684400","2467.44","2470.13","2455.54","2463.42","0.0"
"ETHUSDT","2026-08","1787688000","2463.42","2464.24","2433.62","2436.44","0.0"
"ETHUSDT","2026-08","1787691600","2436.44","2443.9","2414.64","2441.79","0.0"
"ETHUSDT","2026-08","1787695200","2441.8","2455.78","2441.8","2453.84","0.0"
"ETHUSDT","2026-08","1787698800","2453.85","2456.51","2437.07","2442.64","0.0"
"ETHUSDT","2026-08","1787702400","2442.65","2450.51","2435.81","2446.24","0.0"
"ETHUSDT","2026-08","1787706000","2446.24","2462.32","2445.0","2455.99","0.0"
"ETHUSDT","2026-08","1787709600","2455.98","2469.82","2454.05","2465.21","0.0"
"ETHUSDT","2026-08","1787713200","2465.21","2468.0","2458.66","2465.57","0.0"
"ETHUSDT","2026-08","1787716800","2465.56","2472.86","2455.68","2456.9","0.0"
"ETHUSDT","2026-08","1787720400","2456.89","2468.0","2451.49","2464.92","0.0"
"ETHUSDT","2026-08","1787724000","2464.91","2467.47","2453.59","2460.13","0.0"
"ETHUSDT","2026-08","1787727600","2460.14","2468.66","2457.22","2461.78","0.0"
"ETHUSDT","2026-08","1787731200","2461.78","2470.0","2453.66","2456.29","0.0"
"ETHUSDT","2026-08","1787734800","2456.29","2461.0","2442.76","2447.87","0.0"
"ETHUSDT","2026-08","1787738400","2447.86","2475.61","2444.69","2468.96","0.0"
"ETHUSDT","2026-08","1787742000","2468.97","2473.25","2456.32","2463.09","0.0"
"ETHUSDT","2026-08","1787745600","2463.09","2472.05","2443.76","2455.01","0.0"
"ETHUSDT","2026-08","1787749200","2455.01","2462.76","2437.11","2457.3","0.0"
"ETHUSDT","2026-08","1787752800","2457.3","2462.14","2438.41","2439.38","0.0"
"ETHUSDT","2026-08","1787756400","2439.38","2455.38","2432.32","2449.85","0.0"
"ETHUSDT","2026-08","1787760000","2449.85","2455.36","2438.1","2444.64","0.0"
"ETHUSDT","2026-08","1787763600","2444.65","2467.03","2443.8","2460.84","0.0"
"ETHUSDT","2026-08","1787767200","2460.84","2474.34","2458.85","2472.69","0.0"
"ETHUSDT","2026-08","1787770800","2472.69","2483.52","2468.0","2470.79","0.0"
"ETHUSDT","2026-08","1787774400","2470.79","2474.49","2460.29","2472.27","0.0"
"ETHUSDT","2026-08","1787778000","2472.27","2505.0","2470.56","2496.82","0.0"
"ETHUSDT","2026-08","1787781600","2496.82","2515.38","2489.49","2493.73","0.0"
"ETHUSDT","2026-08","1787785200","2493.72","2512.69","2488.33","2506.78","0.0"
"ETHUSDT","2026-08","1787788800","2506.78","2510.64","2492.0","2492.01","0.0"
"ETHUSDT","2026-08","1787792400","2492.0","2506.15","2487.03","2497.87","0.0"
"ETHUSDT","2026-08","1787796000","2497.87","2504.95","2493.12","2494.73","0.0"
"ETHUSDT","2026-08","1787799600","2494.73","2499.03","2489.2","2492.89","0.0"
"ETHUSDT","2026-08","1787803200","2492.89","2495.75","2484.24","2487.38","0.0"
"ETHUSDT","2026-08","1787806800","2487.39","2497.94","2481.74","2496.63","0.0"
"ETHUSDT","2026-08","1787810400","2496.63","2496.63","2484.2","2493.11","0.0"
"ETHUSDT","2026-08","1787814000","2493.11","2499.0","2488.86","2497.16","0.0"
"ETHUSDT","2026-08","1787817600","2497.17","2546.84","2497.05","2531.05","0.0"
"ETHUSDT","2026-08","1787821200","2531.05","2566.53","2525.45","2534.94","0.0"
"ETHUSDT","2026-08","1787824800","2534.94","2539.98","2486.97","2503.6","0.0"
"ETHUSDT","2026-08","1787828400","2503.6","2510.18","2492.56","2501.73","0.0"
"ETHUSDT","2026-08","1787832000","2501.74","2507.55","2492.28","2494.9","0.0"
"ETHUSDT","2026-08","1787835600","2494.9","2506.86","2482.54","2496.68","0.0"
"ETHUSDT","2026-08","1787839200","2496.69","2523.46","2489.04","2517.44","0.0"
"ETHUSDT","2026-08","1787842800","2517.44","2531.84","2513.62","2521.68","0.0"
"ETHUSDT","2026-08","1787846400","2521.68","2533.24","2516.32","2522.31","0.0"
"ETHUSDT","2026-08","1787850000","2522.31","2533.78","2515.36","2518.07","0.0"
"ETHUSDT","2026-08","1787853600","2518.07","2518.21","2488.74","2506.69","0.0"
"ETHUSDT","2026-08","1787857200","2506.69","2514.34","2497.51","2498.21","0.0"
"ETHUSDT","2026-08","1787860800","2498.22","2507.91","2495.06","2507.83","0.0"
"ETHUSDT","2026-08","1787864400","2507.84","2508.79","2499.22","2504.12","0.0"
"ETHUSDT","2026-08","1787868000","2504.12","2516.98","2504.12","2515.15","0.0"
"ETHUSDT","2026-08","1787871600","2515.16","2516.81","2509.05","2510.94","0.0"
"ETHUSDT","2026-08","1787875200","2510.94","2519.91","2506.02","2515.61","0.0"
"ETHUSDT","2026-08","1787878800","2515.61","2535.05","2507.83","2512.44","0.0"
"ETHUSDT","2026-08","1787882400","2512.44","2512.44","2486.09","2492.26","0.0"
"ETHUSDT","2026-08","1787886000","2492.26","2495.6","2486.24","2489.92","0.0"
"ETHUSDT","2026-08","1787889600","2489.91","2496.17","2477.49","2486.18","0.0"
"ETHUSDT","2026-08","1787893200","2486.18","2497.44","2482.23","2493.32","0.0"
"ETHUSDT","2026-08","1787896800","2493.32","2505.37","2493.31","2503.0","0.0"
"ETHUSDT","2026-08","1787900400","2503.01","2503.42","2494.1","2496.48","0.0"
"ETHUSDT","2026-08","1787904000","2496.47","2503.66","2486.52","2488.05","0.0"
"ETHUSDT","2026-08","1787907600","2488.05","2493.24","2483.4","2489.58","0.0"
"ETHUSDT","2026-08","1787911200","2489.57","2509.08","2482.17","2506.56","0.0"
"ETHUSDT","2026-08","1787914800","2506.57","2511.51","2502.43","2505.1","0.0"
"ETHUSDT","2026-08","1787918400","2505.1","2508.41","2495.29","2499.11","0.0"
"ETHUSDT","2026-08","1787922000","2499.1","2518.26","2495.22","2509.17","0.0"
"ETHUSDT","2026-08","1787925600","2509.17","2526.64","2468.0","2513.0","0.0"
"ETHUSDT","2026-08","1787929200","2513.0","2519.25","2470.0","2471.89","0.0"
"ETHUSDT","2026-08","1787932800","2471.89","2473.95","2405.97","2442.29","0.0"
"ETHUSDT","2026-08","1787936400","2442.3","2448.22","2437.43","2443.79","0.0"
"ETHUSDT","2026-08","1787940000","2443.79","2445.02","2418.08","2428.68","0.0"
"ETHUSDT","2026-08","1787943600","2428.67","2443.1","2428.62","2435.69","0.0"
"ETHUSDT","2026-08","1787947200","2435.68","2436.12","2424.03","2427.61","0.0"
"ETHUSDT","2026-08","1787950800","2427.61","2432.14","2422.36","2424.9","0.0"
"ETHUSDT","2026-08","1787954400","2424.91","2445.0","2422.68","2442.01","0.0"
"ETHUSDT","2026-08","1787958000","2442.01","2442.83","2436.47","2442.8","0.0"
"ETHUSDT","2026-08","1787961600","2442.79","2448.05","2441.02","2442.47","0.0"
"ETHUSDT","2026-08","1787965200","2442.47","2445.92","2439.18","2443.78","0.0"
"ETHUSDT","2026-08","1787968800","2443.77","2444.95","2435.59","2438.73","0.0"
"ETHUSDT","2026-08","1787972400","2438.72","2441.62","2434.56","2435.23","0.0"
"ETHUSDT","2026-08","1787976000","2435.24","2441.13","2434.65","2440.45","0.0"
"ETHUSDT","2026-08","1787979600","2440.45","2442.03","2437.98","2438.62","0.0"
"ETHUSDT","2026-08","1787983200","2438.62","2439.05","2430.45","2435.16","0.0"
"ETHUSDT","2026-08","1787986800","2435.17","2438.0","2434.16","2436.41","0.0"
"ETHUSDT","2026-08","1787990400","2436.4","2436.4","2431.2","2434.15","0.0"
"ETHUSDT","2026-08","1787994000","2434.14","2437.29","2433.65","2435.44","0.0"
"ETHUSDT","2026-08","1787997600","2435.43","2438.41","2431.43","2434.72","0.0"
"ETHUSDT","2026-08","1788001200","2434.71","2438.5","2433.63","2435.87","0.0"
"ETHUSDT","2026-08","1788004800","2435.88","2438.96","2433.14","2434.33","0.0"
"ETHUSDT","2026-08","1788008400","2434.33","2436.51","2432.42","2435.63","0.0"
"ETHUSDT","2026-08","1788012000","2435.63","2452.64","2435.05","2448.58","0.0"
"ETHUSDT","2026-08","1788015600","2448.59","2449.35","2441.03","2444.76","0.0"
"ETHUSDT","2026-08","1788019200","2444.75","2457.77","2444.52","2450.98","0.0"
"ETHUSDT","2026-08","1788022800","2450.99","2455.44","2445.57","2450.74","0.0"
"ETHUSDT","2026-08","1788026400","2450.74","2455.83","2445.6","2452.45","0.0"
"ETHUSDT","2026-08","1788030000","2452.45","2458.9","2451.7","2453.51","0.0"
"ETHUSDT","2026-08","1788033600","2453.51","2458.24","2451.7","2452.82","0.0"
"ETHUSDT","2026-08","1788037200","2452.82","2454.09","2449.08","2451.47","0.0"
"ETHUSDT","2026-08","1788040800","2451.47","2453.25","2449.37","2452.64","0.0"
"ETHUSDT","2026-08","1788044400","2452.63","2459.76","2452.63","2457.67","0.0"
"ETHUSDT","2026-08","1788048000","2457.67","2467.93","2454.53","2458.95","0.0"
"ETHUSDT","2026-08","1788051600","2458.94","2460.62","2453.08","2456.37","0.0"
"ETHUSDT","2026-08","1788055200","2456.37","2458.99","2453.6","2454.97","0.0"
"ETHUSDT","2026-08","1788058800","2454.97","2460.72","2454.17","2457.15","0.0"
"ETHUSDT","2026-08","1788062400","2457.14","2458.75","2451.55","2455.87","0.0"
"ETHUSDT","2026-08","1788066000","2455.86","2460.0","2455.11","2456.36","0.0"
"ETHUSDT","2026-08","1788069600","2456.35","2461.52","2455.01","2461.07","0.0"
"ETHUSDT","2026-08","1788073200","2461.07","2461.29","2455.0","2455.28","0.0"
"ETHUSDT","2026-08","1788076800","2455.28","2459.9","2454.72","2456.86","0.0"
"ETHUSDT","2026-08","1788080400","2456.87","2458.24","2451.79","2453.54","0.0"
"ETHUSDT","2026-08","1788084000","2453.54","2459.8","2452.5","2459.68","0.0"
"ETHUSDT","2026-08","1788087600","2459.68","2461.81","2456.51","2460.41","0.0"
"ETHUSDT","2026-08","1788091200","2460.42","2473.3","2458.73","2469.47","0.0"
"ETHUSDT","2026-08","1788094800","2469.47","2478.44","2460.87","2475.59","0.0"
"ETHUSDT","2026-08","1788098400","2475.58","2479.71","2470.91","2477.12","0.0"
"ETHUSDT","2026-08","1788102000","2477.13","2484.0","2471.86","2481.11","0.0"
"ETHUSDT","2026-08","1788105600","2481.11","2534.98","2479.28","2529.28","0.0"
"ETHUSDT","2026-08","1788109200","2529.27","2529.27","2494.36","2505.73","0.0"
"ETHUSDT","2026-08","1788112800","2505.73","2517.54","2496.59","2510.64","0.0"
"ETHUSDT","2026-08","1788116400","2510.64","2513.33","2496.25","2503.83","0.0"
"ETHUSDT","2026-08","1788120000","2503.82","2508.6","2485.28","2490.81","0.0"
"ETHUSDT","2026-08","1788123600","2490.82","2490.82","2460.18","2481.56","0.0"
"ETHUSDT","2026-08","1788127200","2481.57","2488.77","2460.4","2470.63","0.0"
"ETHUSDT","2026-08","1788130800","2470.62","2470.62","2387.28","2416.88","0.0"
"ETHUSDT","2026-08","1788134400","2416.89","2441.9","2406.53","2428.25","0.0"
"ETHUSDT","2026-08","1788138000","2428.24","2430.75","2409.49","2412.95","0.0"
"ETHUSDT","2026-08","1788141600","2412.95","2425.31","2401.35","2407.9","0.0"
"ETHUSDT","2026-08","1788145200","2407.91","2424.24","2405.03","2420.94","0.0"
"ETHUSDT","2026-08","1788148800","2420.94","2421.29","2411.34","2417.68","0.0"
"ETHUSDT","2026-08","1788152400","2417.67","2441.93","2414.1","2435.99","0.0"
"ETHUSDT","2026-08","1788156000","2436.0","2444.83","2431.32","2438.66","0.0"
"ETHUSDT","2026-08","1788159600","2438.66","2446.6","2436.17","2440.38","0.0"
"ETHUSDT","2026-08","1788163200","2440.38","2449.69","2433.56","2446.14","0.0"
"ETHUSDT","2026-08","1788166800","2446.15","2456.7","2443.03","2446.7","0.0"
"ETHUSDT","2026-08","1788170400","2446.71","2456.9","2440.82","2455.63","0.0"
"ETHUSDT","2026-08","1788174000","2455.64","2458.02","2444.02","2446.35","0.0"
"ETHUSDT","2026-08","1788177600","2446.36","2464.27","2444.59","2451.55","0.0"
"ETHUSDT","2026-08","1788181200","2451.55","2459.03","2437.05","2440.28","0.0"
"ETHUSDT","2026-08","1788184800","2440.29","2475.0","2437.75","2467.56","0.0"
"ETHUSDT","2026-08","1788188400","2467.57","2478.09","2458.28","2467.68","0.0"
"ETHUSDT","2026-08","1788192000","2467.68","2477.24","2462.05","2469.2","0.0"
"ETHUSDT","2026-08","1788195600","2469.19","2477.37","2461.26","2475.42","0.0"
"ETHUSDT","2026-08","1788199200","2475.41","2489.89","2468.98","2477.8","0.0"
"ETHUSDT","2026-08","1788202800","2477.81","2489.95","2477.4","2481.84","0.0"
"ETHUSDT","2026-08","1788206400","2481.84","2487.0","2470.06","2472.62","0.0"
"ETHUSDT","2026-08","1788210000","2472.63","2483.51","2467.64","2478.27","0.0"
"ETHUSDT","2026-08","1788213600","2478.27","2480.91","2467.72","2469.45","0.0"
"ETHUSDT","2026-08","1788217200","2469.45","2469.45","2462.0","2467.65","0.0"
