"symbol","month","timestamp","open","high","low","close","volume"
"SOLUSDT","2026-05","1777593600","83.09","83.41","83.08","83.2","0.0"
"SOLUSDT","2026-05","1777597200","83.2","83.69","83.19","83.61","0.0"
"SOLUSDT","2026-05","1777600800","83.62","83.84","83.45","83.63","0.0"
"SOLUSDT","2026-05","1777604400","83.62","84.38","83.56","83.89","0.0"
"SOLUSDT","2026-05","1777608000","83.9","84.06","83.69","83.82","0.0"
"SOLUSDT","2026-05","1777611600","83.81","84.23","83.74","84.05","0.0"
"SOLUSDT","2026-05","1777615200","84.06","84.18","83.69","83.85","0.0"
"SOLUSDT","2026-05","1777618800","83.86","83.97","83.67","83.96","0.0"
"SOLUSDT","2026-05","1777622400","83.96","84.3","83.9","84.18","0.0"
"SOLUSDT","2026-05","1777626000","84.18","84.19","83.89","83.97","0.0"
"SOLUSDT","2026-05","1777629600","83.96","84.08","83.69","83.95","0.0"
"SOLUSDT","2026-05","1777633200","83.96","84.22","83.87","84.01","0.0"
"SOLUSDT","2026-05","1777636800","84.01","84.59","83.92","84.27","0.0"
"SOLUSDT","2026-05","1777640400","84.27","84.86","84.24","84.6","0.0"
"SOLUSDT","2026-05","1777644000","84.61","84.73","83.89","84.22","0.0"
"SOLUSDT","2026-05","1777647600","84.21","84.62","84.01","84.47","0.0"
"SOLUSDT","2026-05","1777651200","84.46","84.63","83.98","83.99","0.0"
"SOLUSDT","2026-05","1777654800","83.99","84.28","83.92","84.23","0.0"
"SOLUSDT","2026-05","1777658400","84.23","84.31","83.98","83.99","0.0"
"SOLUSDT","2026-05","1777662000","83.99","84.07","83.79","83.9","0.0"
"SOLUSDT","2026-05","1777665600","83.9","83.93","83.33","83.49","0.0"
"SOLUSDT","2026-05","1777669200","83.48","83.8","83.41","83.72","0.0"
"SOLUSDT","2026-05","1777672800","83.72","83.89","83.57","83.75","0.0"
"SOLUSDT","2026-05","1777676400","83.74","83.9","83.56","83.76","0.0"
"SOLUSDT","2026-05","1777680000","83.76","83.87","83.44","83.82","0.0"
"SOLUSDT","2026-05","1777683600","83.83","84.05","83.77","84.03","0.0"
"SOLUSDT","2026-05","1777687200","84.04","84.18","83.86","83.95","0.0"
"SOLUSDT","2026-05","1777690800","83.94","83.98","83.7","83.82","0.0"
"SOLUSDT","2026-05","1777694400","83.82","83.83","83.56","83.64","0.0"
"SOLUSDT","2026-05","1777698000","83.64","83.75","83.54","83.7","0.0"
"SOLUSDT","2026-05","1777701600","83.71","83.85","83.58","83.82","0.0"
"SOLUSDT","2026-05","1777705200","83.83","83.86","83.72","83.74","0.0"
"SOLUSDT","2026-05","1777708800","83.73","83.89","83.64","83.85","0.0"
"SOLUSDT","2026-05","1777712400","83.85","84.17","83.83","84.0","0.0"
"SOLUSDT","2026-05","1777716000","84.01","84.01","83.87","83.95","0.0"
"SOLUSDT","2026-05","1777719600","83.94","83.94","83.52","83.7","0.0"
"SOLUSDT","2026-05","1777723200","83.7","84.11","83.67","83.86","0.0"
"SOLUSDT","2026-05","1777726800","83.87","84.08","83.86","83.94","0.0"
"SOLUSDT","2026-05","1777730400","83.95","84.1","83.91","83.98","0.0"
"SOLUSDT","2026-05","1777734000","83.98","84.07","83.93","84.04","0.0"
"SOLUSDT","2026-05","1777737600","84.04","84.28","84.02","84.2","0.0"
"SOLUSDT","2026-05","1777741200","84.2","84.21","84.0","84.05","0.0"
"SOLUSDT","2026-05","1777744800","84.04","84.22","83.95","84.19","0.0"
"SOLUSDT","2026-05","1777748400","84.2","84.31","84.17","84.22","0.0"
"SOLUSDT","2026-05","1777752000","84.23","84.23","84.09","84.18","0.0"
"SOLUSDT","2026-05","1777755600","84.19","84.97","84.15","84.55","0.0"
"SOLUSDT","2026-05","1777759200","84.55","84.64","84.07","84.46","0.0"
"SOLUSDT","2026-05","1777762800","84.45","84.51","84.22","84.26","0.0"
"SOLUSDT","2026-05","1777766400","84.26","84.31","83.83","84.08","0.0"
"SOLUSDT","2026-05","1777770000","84.08","84.08","83.72","83.75","0.0"
"SOLUSDT","2026-05","1777773600","83.74","83.81","83.6","83.66","0.0"
"SOLUSDT","2026-05","1777777200","83.66","83.74","83.58","83.67","0.0"
"SOLUSDT","2026-05","1777780800","83.66","83.76","83.58","83.7","0.0"
"SOLUSDT","2026-05","1777784400","83.7","83.86","83.67","83.76","0.0"
"SOLUSDT","2026-05","1777788000","83.75","83.88","83.6","83.76","0.0"
"SOLUSDT","2026-05","1777791600","83.76","84.02","83.75","83.88","0.0"
"SOLUSDT","2026-05","1777795200","83.88","84.03","83.83","83.9","0.0"
"SOLUSDT","2026-05","1777798800","83.89","84.11","83.88","84.06","0.0"
"SOLUSDT","2026-05","1777802400","84.06","84.06","83.82","83.83","0.0"
"SOLUSDT","2026-05","1777806000","83.82","84.2","83.75","83.96","0.0"
"SOLUSDT","2026-05","1777809600","83.96","84.24","83.95","84.11","0.0"
"SOLUSDT","2026-05","1777813200","84.11","84.22","83.99","84.1","0.0"
"SOLUSDT","2026-05","1777816800","84.1","84.45","84.1","84.37","0.0"
"SOLUSDT","2026-05","1777820400","84.37","84.44","84.11","84.16","0.0"
"SOLUSDT","2026-05","1777824000","84.16","84.29","84.01","84.14","0.0"
"SOLUSDT","2026-05","1777827600","84.15","84.33","84.0","84.2","0.0"
"SOLUSDT","2026-05","1777831200","84.2","84.32","84.11","84.26","0.0"
"SOLUSDT","2026-05","1777834800","84.26","84.5","84.24","84.38","0.0"
"SOLUSDT","2026-05","1777838400","84.37","84.73","84.25","84.34","0.0"
"SOLUSDT","2026-05","1777842000","84.34","84.46","83.88","84.14","0.0"
"SOLUSDT","2026-05","1777845600","84.14","84.97","84.14","84.68","0.0"
"SOLUSDT","2026-05","1777849200","84.67","84.79","83.87","83.91","0.0"
"SOLUSDT","2026-05","1777852800","83.91","83.91","83.35","83.78","0.0"
"SOLUSDT","2026-05","1777856400","83.78","84.93","83.43","84.77","0.0"
"SOLUSDT","2026-05","1777860000","84.77","85.67","84.74","85.26","0.0"
"SOLUSDT","2026-05","1777863600","85.26","85.58","85.11","85.41","0.0"
"SOLUSDT","2026-05","1777867200","85.4","85.9","85.38","85.76","0.0"
"SOLUSDT","2026-05","1777870800","85.77","85.8","85.28","85.38","0.0"
"SOLUSDT","2026-05","1777874400","85.39","85.41","84.51","84.88","0.0"
"SOLUSDT","2026-05","1777878000","84.88","85.01","84.68","84.87","0.0"
"SOLUSDT","2026-05","1777881600","84.87","84.91","84.62","84.77","0.0"
"SOLUSDT","2026-05","1777885200","84.77","85.2","84.68","85.03","0.0"
"SOLUSDT","2026-05","1777888800","85.04","85.07","83.23","84.04","0.0"
"SOLUSDT","2026-05","1777892400","84.04","84.15","83.83","83.95","0.0"
"SOLUSDT","2026-05","1777896000","83.96","84.16","83.85","83.9","0.0"
"SOLUSDT","2026-05","1777899600","83.89","84.34","83.59","84.0","0.0"
"SOLUSDT","2026-05","1777903200","84.0","85.32","83.78","84.99","0.0"
"SOLUSDT","2026-05","1777906800","84.99","85.18","83.99","84.47","0.0"
"SOLUSDT","2026-05","1777910400","84.47","84.8","83.98","84.49","0.0"
"SOLUSDT","2026-05","1777914000","84.48","85.19","84.48","84.93","0.0"
"SOLUSDT","2026-05","1777917600","84.94","85.04","84.58","84.74","0.0"
"SOLUSDT","2026-05","1777921200","84.74","84.76","84.36","84.44","0.0"
"SOLUSDT","2026-05","1777924800","84.45","84.47","84.06","84.09","0.0"
"SOLUSDT","2026-05","1777928400","84.09","84.51","84.08","84.43","0.0"
"SOLUSDT","2026-05","1777932000","84.42","84.56","84.18","84.22","0.0"
"SOLUSDT","2026-05","1777935600","84.22","84.23","84.02","84.1","0.0"
"SOLUSDT","2026-05","1777939200","84.11","84.38","84.04","84.33","0.0"
"SOLUSDT","2026-05","1777942800","84.33","84.47","84.14","84.41","0.0"
"SOLUSDT","2026-05","1777946400","84.41","84.8","84.34","84.51","0.0"
"SOLUSDT","2026-05","1777950000","84.51","84.97","84.41","84.78","0.0"
"SOLUSDT","2026-05","1777953600","84.77","84.9","84.59","84.78","0.0"
"SOLUSDT","2026-05","1777957200","84.78","85.12","84.72","84.92","0.0"
"SOLUSDT","2026-05","1777960800","84.93","85.0","84.54","84.98","0.0"
"SOLUSDT","2026-05","1777964400","84.99","85.06","84.78","84.87","0.0"
"SOLUSDT","2026-05","1777968000","84.88","84.91","84.69","84.78","0.0"
"SOLUSDT","2026-05","1777971600","84.79","84.8","84.45","84.53","0.0"
"SOLUSDT","2026-05","1777975200","84.54","84.93","84.43","84.9","0.0"
"SOLUSDT","2026-05","1777978800","84.9","85.01","84.7","84.97","0.0"
"SOLUSDT","2026-05","1777982400","84.97","85.35","84.9","85.31","0.0"
"SOLUSDT","2026-05","1777986000","85.31","86.1","85.31","85.63","0.0"
"SOLUSDT","2026-05","1777989600","85.63","85.75","85.19","85.48","0.0"
"SOLUSDT","2026-05","1777993200","85.47","85.88","85.35","85.5","0.0"
"SOLUSDT","2026-05","1777996800","85.5","85.7","85.0","85.31","0.0"
"SOLUSDT","2026-05","1778000400","85.32","85.53","85.12","85.45","0.0"
"SOLUSDT","2026-05","1778004000","85.46","85.88","85.43","85.87","0.0"
"SOLUSDT","2026-05","1778007600","85.87","86.56","85.8","86.49","0.0"
"SOLUSDT","2026-05","1778011200","86.49","86.9","86.42","86.64","0.0"
"SOLUSDT","2026-05","1778014800","86.65","86.93","86.26","86.72","0.0"
"SOLUSDT","2026-05","1778018400","86.71","86.98","86.2","86.58","0.0"
"SOLUSDT","2026-05","1778022000","86.57","86.67","86.17","86.29","0.0"
"SOLUSDT","2026-05","1778025600","86.29","86.55","86.1","86.38","0.0"
"SOLUSDT","2026-05","1778029200","86.38","87.0","86.31","86.86","0.0"
"SOLUSDT","2026-05","1778032800","86.86","86.93","86.39","86.88","0.0"
"SOLUSDT","2026-05","1778036400","86.89","87.51","86.88","87.33","0.0"
"SOLUSDT","2026-05","1778040000","87.34","87.43","86.67","86.81","0.0"
"SOLUSDT","2026-05","1778043600","86.8","87.46","86.75","87.41","0.0"
"SOLUSDT","2026-05","1778047200","87.4","87.54","87.17","87.49","0.0"
"SOLUSDT","2026-05","1778050800","87.49","87.89","87.46","87.7","0.0"
"SOLUSDT","2026-05","1778054400","87.71","89.22","87.64","89.02","0.0"
"SOLUSDT","2026-05","1778058000","89.02","89.54","88.59","89.48","0.0"
"SOLUSDT","2026-05","1778061600","89.48","89.69","89.21","89.38","0.0"
"SOLUSDT","2026-05","1778065200","89.38","90.03","89.31","89.87","0.0"
"SOLUSDT","2026-05","1778068800","89.87","89.97","89.5","89.66","0.0"
"SOLUSDT","2026-05","1778072400","89.66","89.66","88.07","88.33","0.0"
"SOLUSDT","2026-05","1778076000","88.33","88.85","87.47","88.4","0.0"
"SOLUSDT","2026-05","1778079600","88.4","89.06","88.3","88.97","0.0"
"SOLUSDT","2026-05","1778083200","88.97","89.51","88.59","89.18","0.0"
"SOLUSDT","2026-05","1778086800","89.18","89.44","88.53","88.83","0.0"
"SOLUSDT","2026-05","1778090400","88.83","89.15","88.5","88.99","0.0"
"SOLUSDT","2026-05","1778094000","88.98","89.32","88.9","89.27","0.0"
"SOLUSDT","2026-05","1778097600","89.27","89.62","88.92","89.19","0.0"
"SOLUSDT","2026-05","1778101200","89.19","89.6","89.07","89.47","0.0"
"SOLUSDT","2026-05","1778104800","89.48","89.57","89.01","89.07","0.0"
"SOLUSDT","2026-05","1778108400","89.07","89.18","88.65","89.16","0.0"
"SOLUSDT","2026-05","1778112000","89.16","89.27","88.21","88.32","0.0"
"SOLUSDT","2026-05","1778115600","88.32","88.53","87.9","88.31","0.0"
"SOLUSDT","2026-05","1778119200","88.31","88.37","87.8","88.15","0.0"
"SOLUSDT","2026-05","1778122800","88.14","88.15","87.63","87.75","0.0"
"SOLUSDT","2026-05","1778126400","87.75","88.38","87.69","88.36","0.0"
"SOLUSDT","2026-05","1778130000","88.37","88.91","88.32","88.65","0.0"
"SOLUSDT","2026-05","1778133600","88.66","89.28","88.22","89.27","0.0"
"SOLUSDT","2026-05","1778137200","89.28","90.44","89.14","90.16","0.0"
"SOLUSDT","2026-05","1778140800","90.17","90.27","89.48","89.58","0.0"
"SOLUSDT","2026-05","1778144400","89.59","89.6","89.2","89.46","0.0"
"SOLUSDT","2026-05","1778148000","89.46","89.53","88.76","89.17","0.0"
"SOLUSDT","2026-05","1778151600","89.17","89.69","89.17","89.57","0.0"
"SOLUSDT","2026-05","1778155200","89.56","90.1","89.52","89.77","0.0"
"SOLUSDT","2026-05","1778158800","89.76","89.76","88.38","88.68","0.0"
"SOLUSDT","2026-05","1778162400","88.67","88.91","87.83","88.15","0.0"
"SOLUSDT","2026-05","1778166000","88.15","88.58","87.79","88.32","0.0"
"SOLUSDT","2026-05","1778169600","88.32","88.79","88.08","88.43","0.0"
"SOLUSDT","2026-05","1778173200","88.44","88.86","87.96","88.8","0.0"
"SOLUSDT","2026-05","1778176800","88.8","89.05","88.24","88.58","0.0"
"SOLUSDT","2026-05","1778180400","88.58","88.74","88.22","88.45","0.0"
"SOLUSDT","2026-05","1778184000","88.45","88.88","88.04","88.07","0.0"
"SOLUSDT","2026-05","1778187600","88.07","88.23","87.67","87.97","0.0"
"SOLUSDT","2026-05","1778191200","87.97","88.22","87.68","88.1","0.0"
"SOLUSDT","2026-05","1778194800","88.09","88.48","88.06","88.42","0.0"
"SOLUSDT","2026-05","1778198400","88.43","88.65","88.1","88.27","0.0"
"SOLUSDT","2026-05","1778202000","88.27","88.37","87.92","88.13","0.0"
"SOLUSDT","2026-05","1778205600","88.14","88.35","87.6","88.06","0.0"
"SOLUSDT","2026-05","1778209200","88.06","88.37","87.63","88.22","0.0"
"SOLUSDT","2026-05","1778212800","88.23","88.37","88.01","88.18","0.0"
"SOLUSDT","2026-05","1778216400","88.17","88.42","88.05","88.05","0.0"
"SOLUSDT","2026-05","1778220000","88.05","88.29","87.83","88.05","0.0"
"SOLUSDT","2026-05","1778223600","88.05","88.23","87.65","88.22","0.0"
"SOLUSDT","2026-05","1778227200","88.23","88.63","88.01","88.38","0.0"
"SOLUSDT","2026-05","1778230800","88.38","88.72","88.23","88.44","0.0"
"SOLUSDT","2026-05","1778234400","88.44","89.1","88.28","88.63","0.0"
"SOLUSDT","2026-05","1778238000","88.64","88.74","88.47","88.64","0.0"
"SOLUSDT","2026-05","1778241600","88.64","88.87","88.37","88.46","0.0"
"SOLUSDT","2026-05","1778245200","88.47","88.56","88.01","88.34","0.0"
"SOLUSDT","2026-05","1778248800","88.34","89.38","88.34","89.15","0.0"
"SOLUSDT","2026-05","1778252400","89.16","89.6","88.43","89.59","0.0"
"SOLUSDT","2026-05","1778256000","89.6","89.79","89.34","89.59","0.0"
"SOLUSDT","2026-05","1778259600","89.6","91.95","89.56","91.65","0.0"
"SOLUSDT","2026-05","1778263200","91.66","92.56","91.65","92.32","0.0"
"SOLUSDT","2026-05","1778266800","92.32","92.8","92.04","92.6","0.0"
"SOLUSDT","2026-05","1778270400","92.61","92.67","92.01","92.11","0.0"
"SOLUSDT","2026-05","1778274000","92.12","92.39","91.75","92.3","0.0"
"SOLUSDT","2026-05","1778277600","92.31","92.71","92.25","92.3","0.0"
"SOLUSDT","2026-05","1778281200","92.3","92.3","91.73","92.01","0.0"
"SOLUSDT","2026-05","1778284800","92.02","92.62","91.85","92.48","0.0"
"SOLUSDT","2026-05","1778288400","92.48","93.91","92.42","93.51","0.0"
"SOLUSDT","2026-05","1778292000","93.52","93.8","93.3","93.51","0.0"
"SOLUSDT","2026-05","1778295600","93.51","93.77","93.41","93.64","0.0"
"SOLUSDT","2026-05","1778299200","93.65","94.17","93.12","93.24","0.0"
"SOLUSDT","2026-05","1778302800","93.24","93.78","92.84","93.75","0.0"
"SOLUSDT","2026-05","1778306400","93.75","94.13","93.21","93.54","0.0"
"SOLUSDT","2026-05","1778310000","93.54","94.0","93.34","93.76","0.0"
"SOLUSDT","2026-05","1778313600","93.76","93.95","93.66","93.72","0.0"
"SOLUSDT","2026-05","1778317200","93.71","93.71","93.05","93.29","0.0"
"SOLUSDT","2026-05","1778320800","93.29","93.6","93.09","93.38","0.0"
"SOLUSDT","2026-05","1778324400","93.38","93.69","93.33","93.62","0.0"
"SOLUSDT","2026-05","1778328000","93.61","93.74","93.27","93.45","0.0"
"SOLUSDT","2026-05","1778331600","93.45","93.47","93.01","93.47","0.0"
"SOLUSDT","2026-05","1778335200","93.46","93.47","92.77","92.88","0.0"
"SOLUSDT","2026-05","1778338800","92.88","93.01","92.39","93.01","0.0"
"SOLUSDT","2026-05","1778342400","93.01","93.31","92.69","92.76","0.0"
"SOLUSDT","2026-05","1778346000","92.77","93.48","92.76","93.21","0.0"
"SOLUSDT","2026-05","1778349600","93.21","93.65","93.15","93.37","0.0"
"SOLUSDT","2026-05","1778353200","93.37","93.58","93.22","93.51","0.0"
"SOLUSDT","2026-05","1778356800","93.51","93.51","93.15","93.26","0.0"
"SOLUSDT","2026-05","1778360400","93.25","93.56","93.25","93.49","0.0"
"SOLUSDT","2026-05","1778364000","93.5","93.53","93.22","93.33","0.0"
"SOLUSDT","2026-05","1778367600","93.33","93.49","93.05","93.13","0.0"
"SOLUSDT","2026-05","1778371200","93.12","93.34","92.92","93.03","0.0"
"SOLUSDT","2026-05","1778374800","93.03","93.03","92.6","92.97","0.0"
"SOLUSDT","2026-05","1778378400","92.96","93.11","92.81","93.04","0.0"
"SOLUSDT","2026-05","1778382000","93.05","93.51","92.98","93.42","0.0"
"SOLUSDT","2026-05","1778385600","93.41","93.5","93.24","93.35","0.0"
"SOLUSDT","2026-05","1778389200","93.36","93.5","93.24","93.34","0.0"
"SOLUSDT","2026-05","1778392800","93.34","93.46","93.25","93.41","0.0"
"SOLUSDT","2026-05","1778396400","93.41","93.63","93.37","93.46","0.0"
"SOLUSDT","2026-05","1778400000","93.46","94.09","93.42","94.06","0.0"
"SOLUSDT","2026-05","1778403600","94.06","94.8","94.06","94.3","0.0"
"SOLUSDT","2026-05","1778407200","94.31","94.37","93.59","93.87","0.0"
"SOLUSDT","2026-05","1778410800","93.86","94.02","92.91","93.55","0.0"
"SOLUSDT","2026-05","1778414400","93.56","93.62","93.2","93.32","0.0"
"SOLUSDT","2026-05","1778418000","93.31","93.94","93.24","93.77","0.0"
"SOLUSDT","2026-05","1778421600","93.76","94.13","93.68","93.89","0.0"
"SOLUSDT","2026-05","1778425200","93.89","94.73","93.89","94.53","0.0"
"SOLUSDT","2026-05","1778428800","94.53","94.98","94.18","94.84","0.0"
"SOLUSDT","2026-05","1778432400","94.84","96.5","94.84","96.49","0.0"
"SOLUSDT","2026-05","1778436000","96.49","97.0","96.12","96.44","0.0"
"SOLUSDT","2026-05","1778439600","96.43","96.88","95.75","96.47","0.0"
"SOLUSDT","2026-05","1778443200","96.47","96.6","93.43","94.52","0.0"
"SOLUSDT","2026-05","1778446800","94.51","95.6","94.47","95.08","0.0"
"SOLUSDT","2026-05","1778450400","95.07","96.36","94.89","96.23","0.0"
"SOLUSDT","2026-05","1778454000","96.24","96.86","95.99","96.47","0.0"
"SOLUSDT","2026-05","1778457600","96.46","96.67","95.33","95.79","0.0"
"SOLUSDT","2026-05","1778461200","95.79","96.4","95.32","96.05","0.0"
"SOLUSDT","2026-05","1778464800","96.05","96.14","95.19","95.3","0.0"
"SOLUSDT","2026-05","1778468400","95.3","95.34","94.46","94.76","0.0"
"SOLUSDT","2026-05","1778472000","94.76","95.21","94.43","94.97","0.0"
"SOLUSDT","2026-05","1778475600","94.97","95.88","94.94","95.71","0.0"
"SOLUSDT","2026-05","1778479200","95.71","96.16","95.42","95.49","0.0"
"SOLUSDT","2026-05","1778482800","95.5","95.58","95.17","95.33","0.0"
"SOLUSDT","2026-05","1778486400","95.34","95.37","94.58","94.79","0.0"
"SOLUSDT","2026-05","1778490000","94.78","95.35","94.76","95.3","0.0"
"SOLUSDT","2026-05","1778493600","95.3","95.57","95.05","95.07","0.0"
"SOLUSDT","2026-05","1778497200","95.06","95.49","94.89","95.25","0.0"
"SOLUSDT","2026-05","1778500800","95.26","95.39","94.67","94.81","0.0"
"SOLUSDT","2026-05","1778504400","94.8","95.48","94.56","95.23","0.0"
"SOLUSDT","2026-05","1778508000","95.22","95.87","94.3","95.17","0.0"
"SOLUSDT","2026-05","1778511600","95.18","96.8","94.9","96.8","0.0"
"SOLUSDT","2026-05","1778515200","96.79","98.0","96.5","97.35","0.0"
"SOLUSDT","2026-05","1778518800","97.34","97.97","96.9","97.77","0.0"
"SOLUSDT","2026-05","1778522400","97.77","98.1","97.26","97.29","0.0"
"SOLUSDT","2026-05","1778526000","97.29","98.39","97.01","98.19","0.0"
"SOLUSDT","2026-05","1778529600","98.19","98.41","97.61","97.63","0.0"
"SOLUSDT","2026-05","1778533200","97.64","97.81","97.33","97.41","0.0"
"SOLUSDT","2026-05","1778536800","97.41","97.84","97.36","97.65","0.0"
"SOLUSDT","2026-05","1778540400","97.65","97.65","97.1","97.37","0.0"
"SOLUSDT","2026-05","1778544000","97.37","97.68","97.18","97.54","0.0"
"SOLUSDT","2026-05","1778547600","97.54","97.67","95.54","96.28","0.0"
"SOLUSDT","2026-05","1778551200","96.29","96.72","96.14","96.55","0.0"
"SOLUSDT","2026-05","1778554800","96.55","96.64","96.05","96.14","0.0"
"SOLUSDT","2026-05","1778558400","96.14","96.5","96.07","96.36","0.0"
"SOLUSDT","2026-05","1778562000","96.37","96.77","96.23","96.58","0.0"
"SOLUSDT","2026-05","1778565600","96.58","97.0","96.16","96.21","0.0"
"SOLUSDT","2026-05","1778569200","96.2","96.31","95.82","96.05","0.0"
"SOLUSDT","2026-05","1778572800","96.05","96.15","95.4","95.65","0.0"
"SOLUSDT","2026-05","1778576400","95.65","96.06","95.29","95.78","0.0"
"SOLUSDT","2026-05","1778580000","95.78","95.97","94.94","95.0","0.0"
"SOLUSDT","2026-05","1778583600","95.0","95.05","94.6","94.98","0.0"
"SOLUSDT","2026-05","1778587200","94.97","95.56","94.39","95.22","0.0"
"SOLUSDT","2026-05","1778590800","95.22","95.4","94.55","94.7","0.0"
"SOLUSDT","2026-05","1778594400","94.71","95.24","94.38","94.54","0.0"
"SOLUSDT","2026-05","1778598000","94.55","94.78","93.55","93.85","0.0"
"SOLUSDT","2026-05","1778601600","93.85","94.32","93.6","93.83","0.0"
"SOLUSDT","2026-05","1778605200","93.84","94.68","93.82","94.52","0.0"
"SOLUSDT","2026-05","1778608800","94.51","95.01","94.35","94.56","0.0"
"SOLUSDT","2026-05","1778612400","94.56","95.0","94.56","94.92","0.0"
"SOLUSDT","2026-05","1778616000","94.92","94.98","94.62","94.74","0.0"
"SOLUSDT","2026-05","1778619600","94.75","94.86","94.54","94.67","0.0"
"SOLUSDT","2026-05","1778623200","94.68","95.05","94.64","94.67","0.0"
"SOLUSDT","2026-05","1778626800","94.67","94.75","94.23","94.28","0.0"
"SOLUSDT","2026-05","1778630400","94.28","94.64","94.05","94.48","0.0"
"SOLUSDT","2026-05","1778634000","94.48","95.44","94.48","95.2","0.0"
"SOLUSDT","2026-05","1778637600","95.2","95.57","95.02","95.25","0.0"
"SOLUSDT","2026-05","1778641200","95.24","95.59","95.08","95.56","0.0"
"SOLUSDT","2026-05","1778644800","95.56","95.99","95.43","95.5","0.0"
"SOLUSDT","2026-05","1778648400","95.49","95.51","95.1","95.26","0.0"
"SOLUSDT","2026-05","1778652000","95.26","95.7","95.12","95.14","0.0"
"SOLUSDT","2026-05","1778655600","95.14","95.31","94.88","95.14","0.0"
"SOLUSDT","2026-05","1778659200","95.14","95.77","95.02","95.57","0.0"
"SOLUSDT","2026-05","1778662800","95.57","95.89","95.57","95.73","0.0"
"SOLUSDT","2026-05","1778666400","95.73","95.78","94.74","94.79","0.0"
"SOLUSDT","2026-05","1778670000","94.8","94.83","94.25","94.33","0.0"
"SOLUSDT","2026-05","1778673600","94.33","94.64","92.24","93.16","0.0"
"SOLUSDT","2026-05","1778677200","93.17","93.44","91.95","92.28","0.0"
"SOLUSDT","2026-05","1778680800","92.29","92.33","91.38","91.78","0.0"
"SOLUSDT","2026-05","1778684400","91.77","91.94","90.27","90.43","0.0"
"SOLUSDT","2026-05","1778688000","90.43","91.26","90.41","90.87","0.0"
"SOLUSDT","2026-05","1778691600","90.87","91.16","90.71","90.89","0.0"
"SOLUSDT","2026-05","1778695200","90.9","91.41","90.77","90.93","0.0"
"SOLUSDT","2026-05","1778698800","90.93","91.02","90.49","90.96","0.0"
"SOLUSDT","2026-05","1778702400","90.95","91.35","90.93","91.24","0.0"
"SOLUSDT","2026-05","1778706000","91.25","91.27","90.73","90.89","0.0"
"SOLUSDT","2026-05","1778709600","90.9","91.25","90.64","91.18","0.0"
"SOLUSDT","2026-05","1778713200","91.17","91.33","91.06","91.17","0.0"
"SOLUSDT","2026-05","1778716800","91.17","91.42","91.07","91.21","0.0"
"SOLUSDT","2026-05","1778720400","91.21","91.37","91.0","91.16","0.0"
"SOLUSDT","2026-05","1778724000","91.16","91.26","90.46","90.58","0.0"
"SOLUSDT","2026-05","1778727600","90.58","90.78","89.82","89.93","0.0"
"SOLUSDT","2026-05","1778731200","89.93","90.62","89.86","90.48","0.0"
"SOLUSDT","2026-05","1778734800","90.48","91.47","90.4","91.29","0.0"
"SOLUSDT","2026-05","1778738400","91.29","91.47","91.16","91.41","0.0"
"SOLUSDT","2026-05","1778742000","91.42","92.02","90.69","90.88","0.0"
"SOLUSDT","2026-05","1778745600","90.88","91.3","90.67","91.06","0.0"
"SOLUSDT","2026-05","1778749200","91.07","91.15","90.59","90.86","0.0"
"SOLUSDT","2026-05","1778752800","90.86","91.14","90.66","91.05","0.0"
"SOLUSDT","2026-05","1778756400","91.05","91.1","90.62","90.64","0.0"
"SOLUSDT","2026-05","1778760000","90.64","91.29","90.54","91.22","0.0"
"SOLUSDT","2026-05","1778763600","91.22","91.5","90.74","90.78","0.0"
"SOLUSDT","2026-05","1778767200","90.78","92.35","90.63","92.28","0.0"
"SOLUSDT","2026-05","1778770800","92.29","93.25","91.96","93.16","0.0"
"SOLUSDT","2026-05","1778774400","93.16","93.68","92.34","93.33","0.0"
"SOLUSDT","2026-05","1778778000","93.32","93.59","92.29","93.02","0.0"
"SOLUSDT","2026-05","1778781600","93.01","93.64","92.7","93.43","0.0"
"SOLUSDT","2026-05","1778785200","93.44","93.64","92.8","92.9","0.0"
"SOLUSDT","2026-05","1778788800","92.91","93.0","92.37","92.73","0.0"
"SOLUSDT","2026-05","1778792400","92.73","92.95","92.54","92.7","0.0"
"SOLUSDT","2026-05","1778796000","92.71","92.92","92.57","92.66","0.0"
"SOLUSDT","2026-05","1778799600","92.65","92.67","92.11","92.15","0.0"
"SOLUSDT","2026-05","1778803200","92.16","92.66","92.1","92.43","0.0"
"SOLUSDT","2026-05","1778806800","92.43","92.55","91.69","91.74","0.0"
"SOLUSDT","2026-05","1778810400","91.75","92.44","91.47","92.36","0.0"
"SOLUSDT","2026-05","1778814000","92.36","92.47","91.88","92.06","0.0"
"SOLUSDT","2026-05","1778817600","92.05","92.05","91.27","91.28","0.0"
"SOLUSDT","2026-05","1778821200","91.29","91.54","90.26","90.6","0.0"
"SOLUSDT","2026-05","1778824800","90.6","91.08","90.47","91.02","0.0"
"SOLUSDT","2026-05","1778828400","91.02","91.72","90.94","91.6","0.0"
"SOLUSDT","2026-05","1778832000","91.61","91.65","90.94","91.27","0.0"
"SOLUSDT","2026-05","1778835600","91.27","91.33","90.92","91.17","0.0"
"SOLUSDT","2026-05","1778839200","91.17","91.57","91.01","91.47","0.0"
"SOLUSDT","2026-05","1778842800","91.47","91.54","91.18","91.27","0.0"
"SOLUSDT","2026-05","1778846400","91.26","91.27","90.57","90.66","0.0"
"SOLUSDT","2026-05","1778850000","90.66","90.66","88.69","88.9","0.0"
"SOLUSDT","2026-05","1778853600","88.91","89.55","88.55","89.06","0.0"
"SOLUSDT","2026-05","1778857200","89.05","89.28","88.7","89.04","0.0"
"SOLUSDT","2026-05","1778860800","89.04","89.7","88.81","89.5","0.0"
"SOLUSDT","2026-05","1778864400","89.51","89.9","89.49","89.82","0.0"
"SOLUSDT","2026-05","1778868000","89.81","90.09","89.47","89.8","0.0"
"SOLUSDT","2026-05","1778871600","89.79","89.8","89.35","89.42","0.0"
"SOLUSDT","2026-05","1778875200","89.41","89.5","89.08","89.28","0.0"
"SOLUSDT","2026-05","1778878800","89.28","89.43","89.0","89.05","0.0"
"SOLUSDT","2026-05","1778882400","89.06","89.36","89.05","89.33","0.0"
"SOLUSDT","2026-05","1778886000","89.33","89.39","89.21","89.24","0.0"
"SOLUSDT","2026-05","1778889600","89.23","89.44","89.14","89.22","0.0"
"SOLUSDT","2026-05","1778893200","89.22","89.35","88.95","89.3","0.0"
"SOLUSDT","2026-05","1778896800","89.3","89.39","88.97","89.2","0.0"
"SOLUSDT","2026-05","1778900400","89.2","89.27","89.0","89.05","0.0"
"SOLUSDT","2026-05","1778904000","89.05","89.09","88.19","88.86","0.0"
"SOLUSDT","2026-05","1778907600","88.86","88.93","88.28","88.57","0.0"
"SOLUSDT","2026-05","1778911200","88.58","88.66","87.81","88.01","0.0"
"SOLUSDT","2026-05","1778914800","88.01","88.01","86.72","87.47","0.0"
"SOLUSDT","2026-05","1778918400","87.46","87.62","87.33","87.48","0.0"
"SOLUSDT","2026-05","1778922000","87.48","87.51","85.78","86.05","0.0"
"SOLUSDT","2026-05","1778925600","86.04","86.15","85.52","86.01","0.0"
"SOLUSDT","2026-05","1778929200","86.02","86.33","86.02","86.11","0.0"
"SOLUSDT","2026-05","1778932800","86.12","86.44","86.01","86.26","0.0"
"SOLUSDT","2026-05","1778936400","86.26","86.35","86.11","86.26","0.0"
"SOLUSDT","2026-05","1778940000","86.26","86.71","86.07","86.4","0.0"
"SOLUSDT","2026-05","1778943600","86.39","86.67","86.27","86.5","0.0"
"SOLUSDT","2026-05","1778947200","86.49","86.78","86.37","86.63","0.0"
"SOLUSDT","2026-05","1778950800","86.64","86.96","86.63","86.81","0.0"
"SOLUSDT","2026-05","1778954400","86.81","86.97","86.6","86.81","0.0"
"SOLUSDT","2026-05","1778958000","86.81","86.85","86.65","86.69","0.0"
"SOLUSDT","2026-05","1778961600","86.69","86.88","86.66","86.68","0.0"
"SOLUSDT","2026-05","1778965200","86.67","86.77","86.49","86.59","0.0"
"SOLUSDT","2026-05","1778968800","86.59","86.69","86.45","86.54","0.0"
"SOLUSDT","2026-05","1778972400","86.53","86.7","86.49","86.54","0.0"
"SOLUSDT","2026-05","1778976000","86.53","86.72","85.97","86.13","0.0"
"SOLUSDT","2026-05","1778979600","86.12","86.34","85.59","85.75","0.0"
"SOLUSDT","2026-05","1778983200","85.76","86.27","85.76","86.0","0.0"
"SOLUSDT","2026-05","1778986800","86.01","86.63","85.99","86.53","0.0"
"SOLUSDT","2026-05","1778990400","86.52","86.98","86.47","86.86","0.0"
"SOLUSDT","2026-05","1778994000","86.87","87.29","86.85","86.91","0.0"
"SOLUSDT","2026-05","1778997600","86.9","87.01","86.71","86.85","0.0"
"SOLUSDT","2026-05","1779001200","86.85","87.1","86.78","86.97","0.0"
"SOLUSDT","2026-05","1779004800","86.98","87.03","86.6","86.83","0.0"
"SOLUSDT","2026-05","1779008400","86.82","87.02","86.72","86.89","0.0"
"SOLUSDT","2026-05","1779012000","86.9","87.26","86.81","87.0","0.0"
"SOLUSDT","2026-05","1779015600","86.99","87.02","86.78","86.89","0.0"
"SOLUSDT","2026-05","1779019200","86.89","87.02","86.72","86.76","0.0"
"SOLUSDT","2026-05","1779022800","86.76","86.78","86.3","86.41","0.0"
"SOLUSDT","2026-05","1779026400","86.41","86.46","85.95","86.31","0.0"
"SOLUSDT","2026-05","1779030000","86.31","86.49","86.17","86.46","0.0"
"SOLUSDT","2026-05","1779033600","86.46","86.69","86.11","86.3","0.0"
"SOLUSDT","2026-05","1779037200","86.31","86.36","86.0","86.24","0.0"
"SOLUSDT","2026-05","1779040800","86.24","86.44","86.02","86.43","0.0"
"SOLUSDT","2026-05","1779044400","86.43","86.94","86.43","86.79","0.0"
"SOLUSDT","2026-05","1779048000","86.8","86.85","86.57","86.68","0.0"
"SOLUSDT","2026-05","1779051600","86.68","86.97","86.6","86.94","0.0"
"SOLUSDT","2026-05","1779055200","86.93","86.93","86.0","86.23","0.0"
"SOLUSDT","2026-05","1779058800","86.24","86.25","83.5","85.24","0.0"
"SOLUSDT","2026-05","1779062400","85.23","85.36","84.4","85.36","0.0"
"SOLUSDT","2026-05","1779066000","85.35","85.47","84.54","84.98","0.0"
"SOLUSDT","2026-05","1779069600","84.98","85.35","84.72","84.89","0.0"
"SOLUSDT","2026-05","1779073200","84.88","85.25","84.69","84.85","0.0"
"SOLUSDT","2026-05","1779076800","84.85","85.3","84.58","85.26","0.0"
"SOLUSDT","2026-05","1779080400","85.26","85.36","84.64","84.86","0.0"
"SOLUSDT","2026-05","1779084000","84.86","84.98","84.27","84.74","0.0"
"SOLUSDT","2026-05","1779087600","84.74","85.01","84.41","84.76","0.0"
"SOLUSDT","2026-05","1779091200","84.76","85.01","84.6","84.91","0.0"
"SOLUSDT","2026-05","1779094800","84.9","84.93","84.46","84.49","0.0"
"SOLUSDT","2026-05","1779098400","84.49","84.51","84.21","84.26","0.0"
"SOLUSDT","2026-05","1779102000","84.27","85.32","84.08","84.96","0.0"
"SOLUSDT","2026-05","1779105600","84.97","85.8","84.97","85.57","0.0"
"SOLUSDT","2026-05","1779109200","85.57","85.57","84.33","84.69","0.0"
"SOLUSDT","2026-05","1779112800","84.69","84.69","83.72","83.98","0.0"
"SOLUSDT","2026-05","1779116400","83.98","84.4","83.62","84.2","0.0"
"SOLUSDT","2026-05","1779120000","84.21","84.55","83.99","84.33","0.0"
"SOLUSDT","2026-05","1779123600","84.33","84.7","84.25","84.41","0.0"
"SOLUSDT","2026-05","1779127200","84.41","84.43","83.5","83.53","0.0"
"SOLUSDT","2026-05","1779130800","83.53","85.23","83.51","84.99","0.0"
"SOLUSDT","2026-05","1779134400","85.0","85.41","84.85","84.93","0.0"
"SOLUSDT","2026-05","1779138000","84.93","85.67","84.79","85.57","0.0"
"SOLUSDT","2026-05","1779141600","85.58","85.77","85.27","85.46","0.0"
"SOLUSDT","2026-05","1779145200","85.45","85.64","85.26","85.38","0.0"
"SOLUSDT","2026-05","1779148800","85.38","85.97","85.32","85.58","0.0"
"SOLUSDT","2026-05","1779152400","85.58","85.6","84.9","84.9","0.0"
"SOLUSDT","2026-05","1779156000","84.9","85.3","84.62","84.86","0.0"
"SOLUSDT","2026-05","1779159600","84.85","85.23","84.73","85.07","0.0"
"SOLUSDT","2026-05","1779163200","85.08","85.31","84.79","85.15","0.0"
"SOLUSDT","2026-05","1779166800","85.15","85.28","84.47","85.19","0.0"
"SOLUSDT","2026-05","1779170400","85.18","85.62","85.12","85.26","0.0"
"SOLUSDT","2026-05","1779174000","85.27","85.64","85.13","85.51","0.0"
"SOLUSDT","2026-05","1779177600","85.51","85.59","85.04","85.25","0.0"
"SOLUSDT","2026-05","1779181200","85.24","85.31","84.5","84.77","0.0"
"SOLUSDT","2026-05","1779184800","84.76","84.88","84.31","84.7","0.0"
"SOLUSDT","2026-05","1779188400","84.71","84.83","84.27","84.39","0.0"
"SOLUSDT","2026-05","1779192000","84.39","84.79","84.3","84.78","0.0"
"SOLUSDT","2026-05","1779195600","84.78","85.1","84.39","84.8","0.0"
"SOLUSDT","2026-05","1779199200","84.8","84.94","83.7","84.11","0.0"
"SOLUSDT","2026-05","1779202800","84.12","84.58","84.03","84.37","0.0"
"SOLUSDT","2026-05","1779206400","84.38","84.91","84.15","84.85","0.0"
"SOLUSDT","2026-05","1779210000","84.85","85.04","84.47","84.68","0.0"
"SOLUSDT","2026-05","1779213600","84.68","84.8","84.25","84.37","0.0"
"SOLUSDT","2026-05","1779217200","84.37","84.74","84.22","84.35","0.0"
"SOLUSDT","2026-05","1779220800","84.36","84.58","84.3","84.51","0.0"
"SOLUSDT","2026-05","1779224400","84.52","84.66","84.39","84.44","0.0"
"SOLUSDT","2026-05","1779228000","84.43","84.43","84.0","84.1","0.0"
"SOLUSDT","2026-05","1779231600","84.1","84.59","84.03","84.29","0.0"
"SOLUSDT","2026-05","1779235200","84.3","84.41","83.92","84.23","0.0"
"SOLUSDT","2026-05","1779238800","84.23","84.54","83.85","84.36","0.0"
"SOLUSDT","2026-05","1779242400","84.36","84.49","83.93","83.99","0.0"
"SOLUSDT","2026-05","1779246000","83.99","84.28","83.86","84.1","0.0"
"SOLUSDT","2026-05","1779249600","84.1","84.23","83.88","84.23","0.0"
"SOLUSDT","2026-05","1779253200","84.23","84.95","84.22","84.78","0.0"
"SOLUSDT","2026-05","1779256800","84.77","85.02","84.72","84.99","0.0"
"SOLUSDT","2026-05","1779260400","84.99","85.13","84.7","84.77","0.0"
"SOLUSDT","2026-05","1779264000","84.76","85.19","84.72","84.98","0.0"
"SOLUSDT","2026-05","1779267600","84.99","85.1","84.85","84.9","0.0"
"SOLUSDT","2026-05","1779271200","84.89","85.21","84.88","84.98","0.0"
"SOLUSDT","2026-05","1779274800","84.98","85.06","84.58","84.7","0.0"
"SOLUSDT","2026-05","1779278400","84.7","85.33","84.62","85.1","0.0"
"SOLUSDT","2026-05","1779282000","85.1","85.15","84.19","84.69","0.0"
"SOLUSDT","2026-05","1779285600","84.69","86.16","84.33","85.86","0.0"
"SOLUSDT","2026-05","1779289200","85.85","86.27","85.43","85.92","0.0"
"SOLUSDT","2026-05","1779292800","85.92","86.85","85.54","86.49","0.0"
"SOLUSDT","2026-05","1779296400","86.49","87.09","86.32","86.52","0.0"
"SOLUSDT","2026-05","1779300000","86.52","86.58","85.53","85.83","0.0"
"SOLUSDT","2026-05","1779303600","85.83","86.29","85.61","86.16","0.0"
"SOLUSDT","2026-05","1779307200","86.16","86.24","85.55","86.18","0.0"
"SOLUSDT","2026-05","1779310800","86.17","86.33","85.95","85.99","0.0"
"SOLUSDT","2026-05","1779314400","85.98","86.24","85.64","86.04","0.0"
"SOLUSDT","2026-05","1779318000","86.03","86.18","85.88","86.17","0.0"
"SOLUSDT","2026-05","1779321600","86.17","86.83","86.11","86.64","0.0"
"SOLUSDT","2026-05","1779325200","86.64","87.06","86.39","86.54","0.0"
"SOLUSDT","2026-05","1779328800","86.54","86.88","86.44","86.61","0.0"
"SOLUSDT","2026-05","1779332400","86.61","86.91","86.54","86.85","0.0"
"SOLUSDT","2026-05","1779336000","86.85","87.22","86.76","86.98","0.0"
"SOLUSDT","2026-05","1779339600","86.98","87.11","86.36","86.51","0.0"
"SOLUSDT","2026-05","1779343200","86.51","86.62","86.2","86.31","0.0"
"SOLUSDT","2026-05","1779346800","86.31","86.73","86.26","86.64","0.0"
"SOLUSDT","2026-05","1779350400","86.64","87.27","86.63","86.86","0.0"
"SOLUSDT","2026-05","1779354000","86.86","87.06","86.46","86.5","0.0"
"SOLUSDT","2026-05","1779357600","86.49","86.68","85.71","85.74","0.0"
"SOLUSDT","2026-05","1779361200","85.75","85.94","85.57","85.58","0.0"
"SOLUSDT","2026-05","1779364800","85.58","85.85","85.42","85.75","0.0"
"SOLUSDT","2026-05","1779368400","85.75","86.13","85.32","86.07","0.0"
"SOLUSDT","2026-05","1779372000","86.07","86.47","85.62","86.01","0.0"
"SOLUSDT","2026-05","1779375600","86.01","86.9","85.9","86.46","0.0"
"SOLUSDT","2026-05","1779379200","86.46","86.59","86.04","86.26","0.0"
"SOLUSDT","2026-05","1779382800","86.27","88.0","86.18","87.59","0.0"
"SOLUSDT","2026-05","1779386400","87.59","87.79","86.78","87.07","0.0"
"SOLUSDT","2026-05","1779390000","87.07","87.88","87.07","87.83","0.0"
"SOLUSDT","2026-05","1779393600","87.83","87.92","87.49","87.55","0.0"
"SOLUSDT","2026-05","1779397200","87.56","87.71","87.31","87.35","0.0"
"SOLUSDT","2026-05","1779400800","87.35","87.5","87.13","87.19","0.0"
"SOLUSDT","2026-05","1779404400","87.19","87.38","87.02","87.36","0.0"
"SOLUSDT","2026-05","1779408000","87.35","87.36","86.81","86.85","0.0"
"SOLUSDT","2026-05","1779411600","86.84","87.1","86.59","87.08","0.0"
"SOLUSDT","2026-05","1779415200","87.08","87.26","86.99","87.17","0.0"
"SOLUSDT","2026-05","1779418800","87.17","87.31","86.92","87.03","0.0"
"SOLUSDT","2026-05","1779422400","87.04","87.38","86.93","86.98","0.0"
"SOLUSDT","2026-05","1779426000","86.98","87.15","86.73","86.81","0.0"
"SOLUSDT","2026-05","1779429600","86.81","86.85","86.52","86.71","0.0"
"SOLUSDT","2026-05","1779433200","86.72","87.15","86.53","86.97","0.0"
"SOLUSDT","2026-05","1779436800","86.98","87.53","86.87","87.14","0.0"
"SOLUSDT","2026-05","1779440400","87.15","87.4","87.05","87.27","0.0"
"SOLUSDT","2026-05","1779444000","87.26","87.28","86.89","86.99","0.0"
"SOLUSDT","2026-05","1779447600","87.0","87.33","86.72","87.32","0.0"
"SOLUSDT","2026-05","1779451200","87.33","87.77","87.25","87.76","0.0"
"SOLUSDT","2026-05","1779454800","87.76","87.85","87.1","87.4","0.0"
"SOLUSDT","2026-05","1779458400","87.39","87.39","86.37","86.62","0.0"
"SOLUSDT","2026-05","1779462000","86.61","86.98","86.27","86.77","0.0"
"SOLUSDT","2026-05","1779465600","86.76","87.0","86.66","86.92","0.0"
"SOLUSDT","2026-05","1779469200","86.92","87.19","86.5","86.63","0.0"
"SOLUSDT","2026-05","1779472800","86.63","86.69","84.62","85.46","0.0"
"SOLUSDT","2026-05","1779476400","85.46","85.63","84.0","84.55","0.0"
"SOLUSDT","2026-05","1779480000","84.55","85.07","84.55","85.0","0.0"
"SOLUSDT","2026-05","1779483600","84.99","85.28","84.93","85.17","0.0"
"SOLUSDT","2026-05","1779487200","85.17","85.22","84.78","84.96","0.0"
"SOLUSDT","2026-05","1779490800","84.95","85.15","84.0","84.4","0.0"
"SOLUSDT","2026-05","1779494400","84.4","84.55","84.07","84.44","0.0"
"SOLUSDT","2026-05","1779498000","84.44","84.65","84.32","84.53","0.0"
"SOLUSDT","2026-05","1779501600","84.53","84.86","84.21","84.54","0.0"
"SOLUSDT","2026-05","1779505200","84.53","84.75","84.49","84.68","0.0"
"SOLUSDT","2026-05","1779508800","84.69","84.72","84.35","84.42","0.0"
"SOLUSDT","2026-05","1779512400","84.41","84.47","84.18","84.46","0.0"
"SOLUSDT","2026-05","1779516000","84.45","84.49","84.18","84.27","0.0"
"SOLUSDT","2026-05","1779519600","84.27","84.33","81.5","82.25","0.0"
"SOLUSDT","2026-05","1779523200","82.25","82.36","81.63","82.13","0.0"
"SOLUSDT","2026-05","1779526800","82.13","82.25","81.99","82.01","0.0"
"SOLUSDT","2026-05","1779530400","82.01","82.39","82.01","82.26","0.0"
"SOLUSDT","2026-05","1779534000","82.27","82.49","82.23","82.31","0.0"
"SOLUSDT","2026-05","1779537600","82.3","82.56","82.15","82.49","0.0"
"SOLUSDT","2026-05","1779541200","82.5","83.49","82.49","83.22","0.0"
"SOLUSDT","2026-05","1779544800","83.23","84.47","83.1","84.13","0.0"
"SOLUSDT","2026-05","1779548400","84.14","84.54","83.63","84.1","0.0"
"SOLUSDT","2026-05","1779552000","84.09","84.31","83.93","84.11","0.0"
"SOLUSDT","2026-05","1779555600","84.11","84.35","83.99","84.21","0.0"
"SOLUSDT","2026-05","1779559200","84.22","85.14","84.17","84.71","0.0"
"SOLUSDT","2026-05","1779562800","84.72","85.11","84.62","84.96","0.0"
"SOLUSDT","2026-05","1779566400","84.97","87.09","84.8","87.08","0.0"
"SOLUSDT","2026-05","1779570000","87.08","87.5","86.0","86.28","0.0"
"SOLUSDT","2026-05","1779573600","86.28","86.61","85.52","85.81","0.0"
"SOLUSDT","2026-05","1779577200","85.81","85.94","85.67","85.75","0.0"
"SOLUSDT","2026-05","1779580800","85.76","86.03","85.62","85.89","0.0"
"SOLUSDT","2026-05","1779584400","85.89","86.23","85.87","86.01","0.0"
"SOLUSDT","2026-05","1779588000","86.02","86.11","85.7","85.98","0.0"
"SOLUSDT","2026-05","1779591600","85.99","86.13","85.63","85.81","0.0"
"SOLUSDT","2026-05","1779595200","85.81","86.12","85.78","85.93","0.0"
"SOLUSDT","2026-05","1779598800","85.94","86.18","85.58","86.16","0.0"
"SOLUSDT","2026-05","1779602400","86.16","86.49","85.93","86.45","0.0"
"SOLUSDT","2026-05","1779606000","86.46","86.7","86.0","86.07","0.0"
"SOLUSDT","2026-05","1779609600","86.07","86.54","86.01","86.51","0.0"
"SOLUSDT","2026-05","1779613200","86.51","87.0","86.37","86.55","0.0"
"SOLUSDT","2026-05","1779616800","86.55","86.73","86.24","86.5","0.0"
"SOLUSDT","2026-05","1779620400","86.5","86.92","86.41","86.66","0.0"
"SOLUSDT","2026-05","1779624000","86.67","86.69","86.18","86.35","0.0"
"SOLUSDT","2026-05","1779627600","86.36","86.46","85.73","85.9","0.0"
"SOLUSDT","2026-05","1779631200","85.9","86.01","84.48","85.25","0.0"
"SOLUSDT","2026-05","1779634800","85.25","85.46","85.14","85.31","0.0"
"SOLUSDT","2026-05","1779638400","85.3","85.88","85.11","85.64","0.0"
"SOLUSDT","2026-05","1779642000","85.65","85.79","85.49","85.65","0.0"
"SOLUSDT","2026-05","1779645600","85.64","85.68","85.27","85.4","0.0"
"SOLUSDT","2026-05","1779649200","85.41","85.51","85.23","85.37","0.0"
"SOLUSDT","2026-05","1779652800","85.38","85.43","84.49","84.76","0.0"
"SOLUSDT","2026-05","1779656400","84.76","84.96","83.7","83.97","0.0"
"SOLUSDT","2026-05","1779660000","83.96","85.33","83.94","84.99","0.0"
"SOLUSDT","2026-05","1779663600","85.0","85.52","85.0","85.27","0.0"
"SOLUSDT","2026-05","1779667200","85.27","85.67","85.26","85.5","0.0"
"SOLUSDT","2026-05","1779670800","85.5","85.59","84.83","84.87","0.0"
"SOLUSDT","2026-05","1779674400","84.87","85.85","84.87","85.08","0.0"
"SOLUSDT","2026-05","1779678000","85.08","85.18","84.8","84.95","0.0"
"SOLUSDT","2026-05","1779681600","84.95","85.93","84.93","85.84","0.0"
"SOLUSDT","2026-05","1779685200","85.85","86.18","85.76","85.98","0.0"
"SOLUSDT","2026-05","1779688800","85.99","86.19","85.65","85.99","0.0"
"SOLUSDT","2026-05","1779692400","85.99","86.16","85.48","85.96","0.0"
"SOLUSDT","2026-05","1779696000","85.95","86.08","85.75","86.02","0.0"
"SOLUSDT","2026-05","1779699600","86.03","86.22","85.93","85.94","0.0"
"SOLUSDT","2026-05","1779703200","85.94","86.11","85.9","86.08","0.0"
"SOLUSDT","2026-05","1779706800","86.07","86.14","85.7","85.76","0.0"
"SOLUSDT","2026-05","1779710400","85.77","86.07","85.66","85.87","0.0"
"SOLUSDT","2026-05","1779714000","85.87","86.03","85.77","86.01","0.0"
"SOLUSDT","2026-05","1779717600","86.01","86.45","85.9","86.34","0.0"
"SOLUSDT","2026-05","1779721200","86.34","86.52","86.06","86.26","0.0"
"SOLUSDT","2026-05","1779724800","86.26","86.44","85.98","86.27","0.0"
"SOLUSDT","2026-05","1779728400","86.26","86.38","86.06","86.13","0.0"
"SOLUSDT","2026-05","1779732000","86.12","86.3","85.88","85.91","0.0"
"SOLUSDT","2026-05","1779735600","85.91","85.92","85.52","85.64","0.0"
"SOLUSDT","2026-05","1779739200","85.64","85.87","85.3","85.41","0.0"
"SOLUSDT","2026-05","1779742800","85.4","85.56","85.27","85.38","0.0"
"SOLUSDT","2026-05","1779746400","85.38","85.54","84.71","84.81","0.0"
"SOLUSDT","2026-05","1779750000","84.8","85.21","84.73","85.06","0.0"
"SOLUSDT","2026-05","1779753600","85.06","85.09","83.9","84.4","0.0"
"SOLUSDT","2026-05","1779757200","84.4","84.57","83.85","84.11","0.0"
"SOLUSDT","2026-05","1779760800","84.12","84.23","83.9","84.03","0.0"
"SOLUSDT","2026-05","1779764400","84.03","84.27","83.85","84.22","0.0"
"SOLUSDT","2026-05","1779768000","84.23","84.52","84.01","84.37","0.0"
"SOLUSDT","2026-05","1779771600","84.37","84.97","84.28","84.67","0.0"
"SOLUSDT","2026-05","1779775200","84.66","84.83","84.4","84.6","0.0"
"SOLUSDT","2026-05","1779778800","84.61","84.63","84.1","84.35","0.0"
"SOLUSDT","2026-05","1779782400","84.36","84.57","84.34","84.44","0.0"
"SOLUSDT","2026-05","1779786000","84.44","84.72","84.29","84.48","0.0"
"SOLUSDT","2026-05","1779789600","84.47","85.8","84.36","85.56","0.0"
"SOLUSDT","2026-05","1779793200","85.57","85.66","85.21","85.21","0.0"
"SOLUSDT","2026-05","1779796800","85.22","85.4","84.81","85.32","0.0"
"SOLUSDT","2026-05","1779800400","85.32","85.77","84.69","85.5","0.0"
"SOLUSDT","2026-05","1779804000","85.51","86.13","84.77","85.24","0.0"
"SOLUSDT","2026-05","1779807600","85.23","85.36","84.03","84.49","0.0"
"SOLUSDT","2026-05","1779811200","84.49","84.57","83.95","84.23","0.0"
"SOLUSDT","2026-05","1779814800","84.23","84.39","83.15","83.59","0.0"
"SOLUSDT","2026-05","1779818400","83.59","84.09","83.49","83.63","0.0"
"SOLUSDT","2026-05","1779822000","83.63","84.02","83.36","83.8","0.0"
"SOLUSDT","2026-05","1779825600","83.8","83.98","83.74","83.94","0.0"
"SOLUSDT","2026-05","1779829200","83.94","83.97","83.57","83.7","0.0"
"SOLUSDT","2026-05","1779832800","83.7","83.88","83.54","83.65","0.0"
"SOLUSDT","2026-05","1779836400","83.66","83.85","83.63","83.72","0.0"
"SOLUSDT","2026-05","1779840000","83.73","84.18","83.72","84.14","0.0"
"SOLUSDT","2026-05","1779843600","84.13","84.19","83.8","83.86","0.0"
"SOLUSDT","2026-05","1779847200","83.85","83.96","83.55","83.96","0.0"
"SOLUSDT","2026-05","1779850800","83.96","84.07","83.48","83.63","0.0"
"SOLUSDT","2026-05","1779854400","83.62","83.68","82.86","83.64","0.0"
"SOLUSDT","2026-05","1779858000","83.64","83.93","83.57","83.89","0.0"
"SOLUSDT","2026-05","1779861600","83.89","84.07","83.74","84.06","0.0"
"SOLUSDT","2026-05","1779865200","84.06","84.21","83.89","84.21","0.0"
"SOLUSDT","2026-05","1779868800","84.2","84.42","83.89","83.93","0.0"
"SOLUSDT","2026-05","1779872400","83.93","83.96","83.6","83.78","0.0"
"SOLUSDT","2026-05","1779876000","83.78","84.09","83.67","83.95","0.0"
"SOLUSDT","2026-05","1779879600","83.95","84.23","83.91","83.94","0.0"
"SOLUSDT","2026-05","1779883200","83.95","84.68","83.55","83.95","0.0"
"SOLUSDT","2026-05","1779886800","83.94","84.06","82.98","83.63","0.0"
"SOLUSDT","2026-05","1779890400","83.64","84.12","83.22","83.91","0.0"
"SOLUSDT","2026-05","1779894000","83.91","84.84","83.88","84.44","0.0"
"SOLUSDT","2026-05","1779897600","84.44","84.75","83.87","84.18","0.0"
"SOLUSDT","2026-05","1779901200","84.18","84.2","83.16","83.41","0.0"
"SOLUSDT","2026-05","1779904800","83.4","83.99","83.2","83.94","0.0"
"SOLUSDT","2026-05","1779908400","83.94","84.14","83.87","83.91","0.0"
"SOLUSDT","2026-05","1779912000","83.92","84.14","83.76","83.82","0.0"
"SOLUSDT","2026-05","1779915600","83.82","83.82","82.1","82.49","0.0"
"SOLUSDT","2026-05","1779919200","82.49","83.03","82.22","82.47","0.0"
"SOLUSDT","2026-05","1779922800","82.46","82.7","82.2","82.44","0.0"
"SOLUSDT","2026-05","1779926400","82.43","82.74","82.36","82.71","0.0"
"SOLUSDT","2026-05","1779930000","82.72","82.76","81.93","82.27","0.0"
"SOLUSDT","2026-05","1779933600","82.28","82.44","82.0","82.1","0.0"
"SOLUSDT","2026-05","1779937200","82.11","82.25","80.5","80.7","0.0"
"SOLUSDT","2026-05","1779940800","80.7","80.98","80.0","80.9","0.0"
"SOLUSDT","2026-05","1779944400","80.9","81.0","80.42","80.7","0.0"
"SOLUSDT","2026-05","1779948000","80.7","81.12","80.53","80.97","0.0"
"SOLUSDT","2026-05","1779951600","80.97","81.3","80.86","81.26","0.0"
"SOLUSDT","2026-05","1779955200","81.26","81.3","80.83","80.99","0.0"
"SOLUSDT","2026-05","1779958800","80.99","81.32","80.83","81.22","0.0"
"SOLUSDT","2026-05","1779962400","81.23","81.32","80.72","80.75","0.0"
"SOLUSDT","2026-05","1779966000","80.75","80.93","80.6","80.88","0.0"
"SOLUSDT","2026-05","1779969600","80.88","81.25","80.59","81.13","0.0"
"SOLUSDT","2026-05","1779973200","81.14","81.36","80.53","80.79","0.0"
"SOLUSDT","2026-05","1779976800","80.79","81.66","80.02","81.19","0.0"
"SOLUSDT","2026-05","1779980400","81.2","81.38","80.56","81.14","0.0"
"SOLUSDT","2026-05","1779984000","81.15","82.18","80.91","82.07","0.0"
"SOLUSDT","2026-05","1779987600","82.08","82.64","81.84","82.3","0.0"
"SOLUSDT","2026-05","1779991200","82.3","83.01","82.25","82.9","0.0"
"SOLUSDT","2026-05","1779994800","82.89","82.89","82.17","82.19","0.0"
"SOLUSDT","2026-05","1779998400","82.18","82.6","81.78","82.3","0.0"
"SOLUSDT","2026-05","1780002000","82.3","82.7","82.22","82.44","0.0"
"SOLUSDT","2026-05","1780005600","82.44","82.63","81.91","82.04","0.0"
"SOLUSDT","2026-05","1780009200","82.03","82.28","82.0","82.11","0.0"
"SOLUSDT","2026-05","1780012800","82.12","82.48","82.12","82.33","0.0"
"SOLUSDT","2026-05","1780016400","82.33","82.48","82.06","82.21","0.0"
"SOLUSDT","2026-05","1780020000","82.21","82.32","81.47","81.57","0.0"
"SOLUSDT","2026-05","1780023600","81.57","81.96","81.52","81.61","0.0"
"SOLUSDT","2026-05","1780027200","81.62","81.94","81.36","81.93","0.0"
"SOLUSDT","2026-05","1780030800","81.93","82.2","81.82","82.07","0.0"
"SOLUSDT","2026-05","1780034400","82.06","82.49","82.02","82.31","0.0"
"SOLUSDT","2026-05","1780038000","82.31","82.46","81.92","82.24","0.0"
"SOLUSDT","2026-05","1780041600","82.25","82.49","82.18","82.22","0.0"
"SOLUSDT","2026-05","1780045200","82.23","82.65","82.21","82.44","0.0"
"SOLUSDT","2026-05","1780048800","82.44","82.45","82.09","82.15","0.0"
"SOLUSDT","2026-05","1780052400","82.15","82.21","81.52","81.77","0.0"
"SOLUSDT","2026-05","1780056000","81.76","81.79","81.31","81.48","0.0"
"SOLUSDT","2026-05","1780059600","81.48","81.78","81.1","81.44","0.0"
"SOLUSDT","2026-05","1780063200","81.44","81.58","80.35","81.33","0.0"
"SOLUSDT","2026-05","1780066800","81.33","83.24","81.2","82.59","0.0"
"SOLUSDT","2026-05","1780070400","82.58","83.13","82.2","82.93","0.0"
"SOLUSDT","2026-05","1780074000","82.93","83.22","82.67","82.79","0.0"
"SOLUSDT","2026-05","1780077600","82.8","83.0","81.82","82.07","0.0"
"SOLUSDT","2026-05","1780081200","82.06","82.41","81.6","82.06","0.0"
"SOLUSDT","2026-05","1780084800","82.06","82.39","82.01","82.22","0.0"
"SOLUSDT","2026-05","1780088400","82.23","82.4","81.7","81.71","0.0"
"SOLUSDT","2026-05","1780092000","81.71","82.02","81.62","81.99","0.0"
"SOLUSDT","2026-05","1780095600","81.98","82.11","81.76","82.04","0.0"
"SOLUSDT","2026-05","1780099200","82.04","82.35","81.94","82.29","0.0"
"SOLUSDT","2026-05","1780102800","82.3","83.0","82.22","82.82","0.0"
"SOLUSDT","2026-05","1780106400","82.82","83.03","82.77","82.98","0.0"
"SOLUSDT","2026-05","1780110000","82.97","83.1","82.62","82.67","0.0"
"SOLUSDT","2026-05","1780113600","82.67","82.8","81.86","82.33","0.0"
"SOLUSDT","2026-05","1780117200","82.32","82.77","82.2","82.6","0.0"
"SOLUSDT","2026-05","1780120800","82.59","82.74","82.39","82.47","0.0"
"SOLUSDT","2026-05","1780124400","82.48","82.52","82.26","82.37","0.0"
"SOLUSDT","2026-05","1780128000","82.37","82.41","82.19","82.23","0.0"
"SOLUSDT","2026-05","1780131600","82.23","82.39","82.2","82.34","0.0"
"SOLUSDT","2026-05","1780135200","82.34","82.51","82.3","82.38","0.0"
"SOLUSDT","2026-05","1780138800","82.39","82.55","82.22","82.33","0.0"
"SOLUSDT","2026-05","1780142400","82.33","82.44","82.25","82.43","0.0"
"SOLUSDT","2026-05","1780146000","82.43","82.57","82.25","82.48","0.0"
"SOLUSDT","2026-05","1780149600","82.48","82.79","82.43","82.63","0.0"
"SOLUSDT","2026-05","1780153200","82.63","82.92","82.48","82.69","0.0"
"SOLUSDT","2026-05","1780156800","82.68","82.92","82.63","82.89","0.0"
"SOLUSDT","2026-05","1780160400","82.88","83.06","82.63","83.05","0.0"
"SOLUSDT","2026-05","1780164000","83.05","83.14","82.87","83.03","0.0"
"SOLUSDT","2026-05","1780167600","83.02","83.05","82.78","82.99","0.0"
"SOLUSDT","2026-05","1780171200","82.99","83.08","82.86","82.96","0.0"
"SOLUSDT","2026-05","1780174800","82.96","83.17","82.91","83.02","0.0"
"SOLUSDT","2026-05","1780178400","83.02","83.02","82.45","82.65","0.0"
"SOLUSDT","2026-05","1780182000","82.64","82.89","82.52","82.73","0.0"
"SOLUSDT","2026-05","1780185600","82.74","82.96","82.62","82.93","0.0"
"SOLUSDT","2026-05","1780189200","82.93","83.25","82.92","83.02","0.0"
"SOLUSDT","2026-05","1780192800","83.03","83.42","82.88","83.15","0.0"
"SOLUSDT","2026-05","1780196400","83.16","83.35","83.1","83.25","0.0"
"SOLUSDT","2026-05","1780200000","83.24","83.3","83.09","83.22","0.0"
"SOLUSDT","2026-05","1780203600","83.21","83.22","83.0","83.03","0.0"
"SOLUSDT","2026-05","1780207200","83.03","83.03","82.84","82.95","0.0"
"SOLUSDT","2026-05","1780210800","82.96","82.96","82.52","82.66","0.0"
"SOLUSDT","2026-05","1780214400","82.67","82.86","82.59","82.81","0.0"
"SOLUSDT","2026-05","1780218000","82.8","83.05","82.64","82.75","0.0"
"SOLUSDT","2026-05","1780221600","82.75","82.75","82.49","82.71","0.0"
"SOLUSDT","2026-05","1780225200","82.71","82.85","82.67","82.76","0.0"
"SOLUSDT","2026-05","1780228800","82.76","82.94","82.57","82.82","0.0"
"SOLUSDT","2026-05","1780232400","82.82","83.12","82.66","82.77","0.0"
"SOLUSDT","2026-05","1780236000","82.76","82.77","81.79","81.96","0.0"
"SOLUSDT","2026-05","1780239600","81.96","82.27","81.81","81.88","0.0"
"SOLUSDT","2026-05","1780243200","81.88","82.04","81.42","81.59","0.0"
"SOLUSDT","2026-05","1780246800","81.58","81.9","81.46","81.87","0.0"
"SOLUSDT","2026-05","1780250400","81.87","81.87","81.61","81.76","0.0"
"SOLUSDT","2026-05","1780254000","81.75","81.8","81.33","81.58","0.0"
"SOLUSDT","2026-05","1780257600","81.59","82.01","81.59","81.97","0.0"
"SOLUSDT","2026-05","1780261200","81.97","82.37","81.88","82.3","0.0"
"SOLUSDT","2026-05","1780264800","82.31","82.69","82.04","82.53","0.0"
"SOLUSDT","2026-05","1780268400","82.52","82.92","81.95","82.44","0.0"
"SOLUSDT","2026-06","1780272000","82.45","83.1","82.37","82.83","0.0"
"SOLUSDT","2026-06","1780275600","82.83","82.87","81.75","81.76","0.0"
"SOLUSDT","2026-06","1780279200","81.76","82.9","81.63","82.68","0.0"
"SOLUSDT","2026-06","1780282800","82.68","82.99","82.56","82.63","0.0"
"SOLUSDT","2026-06","1780286400","82.63","82.78","81.77","82.04","0.0"
"SOLUSDT","2026-06","1780290000","82.03","82.11","81.63","81.82","0.0"
"SOLUSDT","2026-06","1780293600","81.82","81.87","81.13","81.45","0.0"
"SOLUSDT","2026-06","1780297200","81.45","81.58","80.63","80.74","0.0"
"SOLUSDT","2026-06","1780300800","80.74","81.05","80.46","80.99","0.0"
"SOLUSDT","2026-06","1780304400","80.99","81.29","80.99","81.08","0.0"
"SOLUSDT","2026-06","1780308000","81.08","81.19","80.83","81.1","0.0"
"SOLUSDT","2026-06","1780311600","81.1","81.26","80.6","80.81","0.0"
"SOLUSDT","2026-06","1780315200","80.82","81.07","80.23","80.82","0.0"
"SOLUSDT","2026-06","1780318800","80.82","80.86","79.28","79.84","0.0"
"SOLUSDT","2026-06","1780322400","79.84","80.11","79.43","79.71","0.0"
"SOLUSDT","2026-06","1780326000","79.71","80.05","79.2","79.6","0.0"
"SOLUSDT","2026-06","1780329600","79.61","80.46","79.11","80.41","0.0"
"SOLUSDT","2026-06","1780333200","80.4","81.21","80.29","80.93","0.0"
"SOLUSDT","2026-06","1780336800","80.92","81.22","80.58","80.86","0.0"
"SOLUSDT","2026-06","1780340400","80.86","81.31","80.6","81.2","0.0"
"SOLUSDT","2026-06","1780344000","81.19","81.24","80.96","81.13","0.0"
"SOLUSDT","2026-06","1780347600","81.14","81.14","80.5","80.68","0.0"
"SOLUSDT","2026-06","1780351200","80.67","81.48","80.32","81.4","0.0"
"SOLUSDT","2026-06","1780354800","81.41","81.65","81.07","81.28","0.0"
"SOLUSDT","2026-06","1780358400","81.28","81.3","80.87","80.89","0.0"
"SOLUSDT","2026-06","1780362000","80.89","81.01","80.04","80.11","0.0"
"SOLUSDT","2026-06","1780365600","80.11","80.78","79.41","80.78","0.0"
"SOLUSDT","2026-06","1780369200","80.78","81.05","80.64","80.92","0.0"
"SOLUSDT","2026-06","1780372800","80.92","81.02","80.38","80.44","0.0"
"SOLUSDT","2026-06","1780376400","80.44","80.59","79.57","79.63","0.0"
"SOLUSDT","2026-06","1780380000","79.63","79.82","79.33","79.59","0.0"
"SOLUSDT","2026-06","1780383600","79.6","79.94","79.16","79.67","0.0"
"SOLUSDT","2026-06","1780387200","79.67","79.8","79.45","79.61","0.0"
"SOLUSDT","2026-06","1780390800","79.62","79.64","78.78","79.1","0.0"
"SOLUSDT","2026-06","1780394400","79.11","79.48","78.97","79.44","0.0"
"SOLUSDT","2026-06","1780398000","79.43","79.45","78.85","78.94","0.0"
"SOLUSDT","2026-06","1780401600","78.93","79.16","78.66","78.98","0.0"
"SOLUSDT","2026-06","1780405200","78.97","79.22","78.8","78.95","0.0"
"SOLUSDT","2026-06","1780408800","78.95","78.99","76.75","77.44","0.0"
"SOLUSDT","2026-06","1780412400","77.44","77.49","75.58","76.38","0.0"
"SOLUSDT","2026-06","1780416000","76.38","77.67","76.15","76.71","0.0"
"SOLUSDT","2026-06","1780419600","76.72","77.19","76.48","76.84","0.0"
"SOLUSDT","2026-06","1780423200","76.84","77.08","75.81","76.15","0.0"
"SOLUSDT","2026-06","1780426800","76.16","76.27","74.5","75.53","0.0"
"SOLUSDT","2026-06","1780430400","75.53","75.95","74.77","75.44","0.0"
"SOLUSDT","2026-06","1780434000","75.44","76.08","75.33","75.67","0.0"
"SOLUSDT","2026-06","1780437600","75.66","75.67","73.37","73.67","0.0"
"SOLUSDT","2026-06","1780441200","73.68","74.32","72.73","74.23","0.0"
"SOLUSDT","2026-06","1780444800","74.23","75.13","74.0","74.85","0.0"
"SOLUSDT","2026-06","1780448400","74.85","75.05","74.15","74.75","0.0"
"SOLUSDT","2026-06","1780452000","74.75","74.81","74.21","74.4","0.0"
"SOLUSDT","2026-06","1780455600","74.41","74.54","72.28","72.71","0.0"
"SOLUSDT","2026-06","1780459200","72.71","74.11","72.69","74.06","0.0"
"SOLUSDT","2026-06","1780462800","74.06","74.92","74.05","74.75","0.0"
"SOLUSDT","2026-06","1780466400","74.75","75.33","74.67","74.86","0.0"
"SOLUSDT","2026-06","1780470000","74.86","75.4","74.76","75.27","0.0"
"SOLUSDT","2026-06","1780473600","75.26","75.33","74.86","75.01","0.0"
"SOLUSDT","2026-06","1780477200","75.0","75.41","74.73","75.01","0.0"
"SOLUSDT","2026-06","1780480800","75.01","75.6","74.97","75.55","0.0"
"SOLUSDT","2026-06","1780484400","75.55","75.71","75.0","75.12","0.0"
"SOLUSDT","2026-06","1780488000","75.12","75.27","74.68","75.18","0.0"
"SOLUSDT","2026-06","1780491600","75.19","75.37","74.39","74.57","0.0"
"SOLUSDT","2026-06","1780495200","74.56","74.61","73.84","74.46","0.0"
"SOLUSDT","2026-06","1780498800","74.46","74.48","73.24","73.31","0.0"
"SOLUSDT","2026-06","1780502400","73.31","73.48","72.02","73.01","0.0"
"SOLUSDT","2026-06","1780506000","73.01","74.1","72.4","73.17","0.0"
"SOLUSDT","2026-06","1780509600","73.17","73.49","72.46","73.09","0.0"
"SOLUSDT","2026-06","1780513200","73.1","73.17","71.71","71.99","0.0"
"SOLUSDT","2026-06","1780516800","71.99","72.43","70.93","71.23","0.0"
"SOLUSDT","2026-06","1780520400","71.22","72.86","71.03","72.82","0.0"
"SOLUSDT","2026-06","1780524000","72.81","73.18","71.94","72.22","0.0"
"SOLUSDT","2026-06","1780527600","72.22","72.28","71.57","71.61","0.0"
"SOLUSDT","2026-06","1780531200","71.61","72.09","70.33","70.75","0.0"
"SOLUSDT","2026-06","1780534800","70.76","70.96","68.42","68.63","0.0"
"SOLUSDT","2026-06","1780538400","68.63","70.47","66.8","70.07","0.0"
"SOLUSDT","2026-06","1780542000","70.07","71.65","70.04","71.48","0.0"
"SOLUSDT","2026-06","1780545600","71.49","71.8","70.8","70.9","0.0"
"SOLUSDT","2026-06","1780549200","70.89","70.89","69.91","70.35","0.0"
"SOLUSDT","2026-06","1780552800","70.34","71.21","70.26","70.35","0.0"
"SOLUSDT","2026-06","1780556400","70.36","70.4","69.14","69.15","0.0"
"SOLUSDT","2026-06","1780560000","69.16","69.44","68.33","69.25","0.0"
"SOLUSDT","2026-06","1780563600","69.24","69.27","67.74","68.86","0.0"
"SOLUSDT","2026-06","1780567200","68.87","68.94","67.51","67.89","0.0"
"SOLUSDT","2026-06","1780570800","67.89","68.71","67.37","68.7","0.0"
"SOLUSDT","2026-06","1780574400","68.69","70.38","68.32","70.12","0.0"
"SOLUSDT","2026-06","1780578000","70.12","70.58","69.02","70.38","0.0"
"SOLUSDT","2026-06","1780581600","70.38","70.64","69.56","69.77","0.0"
"SOLUSDT","2026-06","1780585200","69.76","70.5","69.38","69.64","0.0"
"SOLUSDT","2026-06","1780588800","69.64","69.67","68.98","69.41","0.0"
"SOLUSDT","2026-06","1780592400","69.41","69.74","68.48","69.25","0.0"
"SOLUSDT","2026-06","1780596000","69.25","69.89","68.65","69.5","0.0"
"SOLUSDT","2026-06","1780599600","69.49","69.71","69.03","69.1","0.0"
"SOLUSDT","2026-06","1780603200","69.09","69.15","68.44","68.82","0.0"
"SOLUSDT","2026-06","1780606800","68.81","69.06","67.61","67.8","0.0"
"SOLUSDT","2026-06","1780610400","67.79","68.58","67.57","68.49","0.0"
"SOLUSDT","2026-06","1780614000","68.48","68.93","68.0","68.88","0.0"
"SOLUSDT","2026-06","1780617600","68.87","69.1","68.27","68.31","0.0"
"SOLUSDT","2026-06","1780621200","68.3","68.82","67.58","68.52","0.0"
"SOLUSDT","2026-06","1780624800","68.52","68.62","67.21","67.33","0.0"
"SOLUSDT","2026-06","1780628400","67.33","67.87","66.94","67.09","0.0"
"SOLUSDT","2026-06","1780632000","67.1","68.01","66.52","67.94","0.0"
"SOLUSDT","2026-06","1780635600","67.95","68.1","66.07","66.24","0.0"
"SOLUSDT","2026-06","1780639200","66.24","66.56","63.87","65.05","0.0"
"SOLUSDT","2026-06","1780642800","65.05","66.31","63.93","66.18","0.0"
"SOLUSDT","2026-06","1780646400","66.18","66.2","65.1","65.31","0.0"
"SOLUSDT","2026-06","1780650000","65.32","66.62","65.31","66.55","0.0"
"SOLUSDT","2026-06","1780653600","66.56","66.74","66.16","66.42","0.0"
"SOLUSDT","2026-06","1780657200","66.41","66.8","65.84","66.08","0.0"
"SOLUSDT","2026-06","1780660800","66.08","66.37","65.2","65.83","0.0"
"SOLUSDT","2026-06","1780664400","65.82","66.83","64.3","64.32","0.0"
"SOLUSDT","2026-06","1780668000","64.33","65.85","63.94","65.27","0.0"
"SOLUSDT","2026-06","1780671600","65.27","65.34","63.78","64.24","0.0"
"SOLUSDT","2026-06","1780675200","64.25","65.98","63.18","65.86","0.0"
"SOLUSDT","2026-06","1780678800","65.86","66.06","64.8","65.09","0.0"
"SOLUSDT","2026-06","1780682400","65.1","65.39","62.63","62.91","0.0"
"SOLUSDT","2026-06","1780686000","62.9","63.84","61.48","63.44","0.0"
"SOLUSDT","2026-06","1780689600","63.44","64.82","62.68","64.64","0.0"
"SOLUSDT","2026-06","1780693200","64.63","65.42","64.53","64.89","0.0"
"SOLUSDT","2026-06","1780696800","64.88","64.91","63.78","64.41","0.0"
"SOLUSDT","2026-06","1780700400","64.41","64.79","62.64","63.64","0.0"
"SOLUSDT","2026-06","1780704000","63.64","64.83","63.63","64.68","0.0"
"SOLUSDT","2026-06","1780707600","64.68","64.86","63.78","63.85","0.0"
"SOLUSDT","2026-06","1780711200","63.86","63.96","63.27","63.53","0.0"
"SOLUSDT","2026-06","1780714800","63.52","63.54","62.58","62.84","0.0"
"SOLUSDT","2026-06","1780718400","62.84","63.12","60.35","60.88","0.0"
"SOLUSDT","2026-06","1780722000","60.89","62.72","60.13","62.62","0.0"
"SOLUSDT","2026-06","1780725600","62.62","63.35","62.08","62.22","0.0"
"SOLUSDT","2026-06","1780729200","62.22","63.16","62.06","62.78","0.0"
"SOLUSDT","2026-06","1780732800","62.79","63.6","62.54","63.18","0.0"
"SOLUSDT","2026-06","1780736400","63.17","63.56","62.49","62.71","0.0"
"SOLUSDT","2026-06","1780740000","62.7","62.71","61.2","61.84","0.0"
"SOLUSDT","2026-06","1780743600","61.84","62.69","61.77","62.46","0.0"
"SOLUSDT","2026-06","1780747200","62.46","63.11","62.04","62.92","0.0"
"SOLUSDT","2026-06","1780750800","62.93","63.06","62.17","62.45","0.0"
"SOLUSDT","2026-06","1780754400","62.45","62.93","62.3","62.33","0.0"
"SOLUSDT","2026-06","1780758000","62.33","62.48","61.32","62.03","0.0"
"SOLUSDT","2026-06","1780761600","62.04","62.4","61.38","62.13","0.0"
"SOLUSDT","2026-06","1780765200","62.13","62.28","61.46","61.63","0.0"
"SOLUSDT","2026-06","1780768800","61.62","62.14","61.41","61.73","0.0"
"SOLUSDT","2026-06","1780772400","61.74","62.2","61.62","61.64","0.0"
"SOLUSDT","2026-06","1780776000","61.64","61.94","61.38","61.84","0.0"
"SOLUSDT","2026-06","1780779600","61.85","62.38","61.83","61.91","0.0"
"SOLUSDT","2026-06","1780783200","61.9","61.98","61.47","61.73","0.0"
"SOLUSDT","2026-06","1780786800","61.72","62.3","61.68","62.2","0.0"
"SOLUSDT","2026-06","1780790400","62.21","62.64","61.96","62.11","0.0"
"SOLUSDT","2026-06","1780794000","62.11","63.86","62.04","63.67","0.0"
"SOLUSDT","2026-06","1780797600","63.67","63.79","63.07","63.55","0.0"
"SOLUSDT","2026-06","1780801200","63.55","64.15","63.41","63.84","0.0"
"SOLUSDT","2026-06","1780804800","63.84","64.13","63.31","64.1","0.0"
"SOLUSDT","2026-06","1780808400","64.09","64.5","63.9","64.26","0.0"
"SOLUSDT","2026-06","1780812000","64.27","65.0","64.03","64.85","0.0"
"SOLUSDT","2026-06","1780815600","64.85","65.02","64.61","64.93","0.0"
"SOLUSDT","2026-06","1780819200","64.92","65.97","64.5","65.97","0.0"
"SOLUSDT","2026-06","1780822800","65.96","66.11","64.85","65.02","0.0"
"SOLUSDT","2026-06","1780826400","65.03","65.09","64.46","64.67","0.0"
"SOLUSDT","2026-06","1780830000","64.67","65.25","64.55","65.04","0.0"
"SOLUSDT","2026-06","1780833600","65.05","65.11","63.67","64.33","0.0"
"SOLUSDT","2026-06","1780837200","64.33","64.44","64.09","64.34","0.0"
"SOLUSDT","2026-06","1780840800","64.34","65.35","64.33","64.92","0.0"
"SOLUSDT","2026-06","1780844400","64.92","65.24","64.63","64.99","0.0"
"SOLUSDT","2026-06","1780848000","64.99","65.33","64.75","65.15","0.0"
"SOLUSDT","2026-06","1780851600","65.15","65.62","65.09","65.32","0.0"
"SOLUSDT","2026-06","1780855200","65.33","65.58","64.91","64.95","0.0"
"SOLUSDT","2026-06","1780858800","64.96","64.98","63.64","63.95","0.0"
"SOLUSDT","2026-06","1780862400","63.94","64.8","63.75","64.7","0.0"
"SOLUSDT","2026-06","1780866000","64.69","64.93","64.31","64.63","0.0"
"SOLUSDT","2026-06","1780869600","64.64","67.92","64.53","65.83","0.0"
"SOLUSDT","2026-06","1780873200","65.82","66.67","65.77","66.5","0.0"
"SOLUSDT","2026-06","1780876800","66.5","67.11","66.02","66.71","0.0"
"SOLUSDT","2026-06","1780880400","66.72","66.81","65.4","66.19","0.0"
"SOLUSDT","2026-06","1780884000","66.19","66.65","66.06","66.46","0.0"
"SOLUSDT","2026-06","1780887600","66.46","66.75","66.18","66.37","0.0"
"SOLUSDT","2026-06","1780891200","66.37","66.42","65.37","65.44","0.0"
"SOLUSDT","2026-06","1780894800","65.44","65.65","64.98","65.34","0.0"
"SOLUSDT","2026-06","1780898400","65.33","65.89","65.27","65.68","0.0"
"SOLUSDT","2026-06","1780902000","65.68","66.23","65.38","66.11","0.0"
"SOLUSDT","2026-06","1780905600","66.1","66.11","65.45","65.63","0.0"
"SOLUSDT","2026-06","1780909200","65.63","66.39","65.6","66.38","0.0"
"SOLUSDT","2026-06","1780912800","66.37","66.47","65.81","66.21","0.0"
"SOLUSDT","2026-06","1780916400","66.21","67.06","66.04","66.68","0.0"
"SOLUSDT","2026-06","1780920000","66.69","67.32","65.99","67.26","0.0"
"SOLUSDT","2026-06","1780923600","67.26","67.29","66.42","66.78","0.0"
"SOLUSDT","2026-06","1780927200","66.78","67.31","66.45","67.28","0.0"
"SOLUSDT","2026-06","1780930800","67.28","67.82","67.06","67.18","0.0"
"SOLUSDT","2026-06","1780934400","67.19","67.75","66.9","66.96","0.0"
"SOLUSDT","2026-06","1780938000","66.95","67.39","66.56","67.38","0.0"
"SOLUSDT","2026-06","1780941600","67.38","67.62","67.16","67.43","0.0"
"SOLUSDT","2026-06","1780945200","67.43","67.82","67.28","67.46","0.0"
"SOLUSDT","2026-06","1780948800","67.46","67.53","66.94","67.48","0.0"
"SOLUSDT","2026-06","1780952400","67.48","68.17","67.42","67.48","0.0"
"SOLUSDT","2026-06","1780956000","67.48","67.48","66.84","67.2","0.0"
"SOLUSDT","2026-06","1780959600","67.2","67.42","66.65","66.82","0.0"
"SOLUSDT","2026-06","1780963200","66.82","66.89","65.29","65.42","0.0"
"SOLUSDT","2026-06","1780966800","65.41","66.08","65.39","65.99","0.0"
"SOLUSDT","2026-06","1780970400","65.99","66.08","65.53","65.91","0.0"
"SOLUSDT","2026-06","1780974000","65.92","66.1","65.68","66.01","0.0"
"SOLUSDT","2026-06","1780977600","66.01","67.41","65.83","67.02","0.0"
"SOLUSDT","2026-06","1780981200","67.02","67.39","66.7","67.18","0.0"
"SOLUSDT","2026-06","1780984800","67.19","67.47","66.98","67.05","0.0"
"SOLUSDT","2026-06","1780988400","67.06","67.34","66.62","66.89","0.0"
"SOLUSDT","2026-06","1780992000","66.9","66.94","66.39","66.6","0.0"
"SOLUSDT","2026-06","1780995600","66.6","66.83","66.08","66.18","0.0"
"SOLUSDT","2026-06","1780999200","66.18","66.49","66.0","66.42","0.0"
"SOLUSDT","2026-06","1781002800","66.41","66.47","65.9","66.11","0.0"
"SOLUSDT","2026-06","1781006400","66.11","66.52","65.95","66.21","0.0"
"SOLUSDT","2026-06","1781010000","66.22","66.38","65.6","65.86","0.0"
"SOLUSDT","2026-06","1781013600","65.86","65.99","64.39","65.08","0.0"
"SOLUSDT","2026-06","1781017200","65.08","65.31","64.26","64.33","0.0"
"SOLUSDT","2026-06","1781020800","64.33","64.5","63.54","64.14","0.0"
"SOLUSDT","2026-06","1781024400","64.15","65.17","64.09","64.79","0.0"
"SOLUSDT","2026-06","1781028000","64.8","65.55","64.66","65.3","0.0"
"SOLUSDT","2026-06","1781031600","65.29","65.65","65.05","65.41","0.0"
"SOLUSDT","2026-06","1781035200","65.42","65.7","65.29","65.62","0.0"
"SOLUSDT","2026-06","1781038800","65.63","65.65","64.88","65.02","0.0"
"SOLUSDT","2026-06","1781042400","65.02","65.35","64.82","64.89","0.0"
"SOLUSDT","2026-06","1781046000","64.89","65.18","64.69","64.96","0.0"
"SOLUSDT","2026-06","1781049600","64.97","65.22","64.49","65.19","0.0"
"SOLUSDT","2026-06","1781053200","65.18","65.32","64.81","65.09","0.0"
"SOLUSDT","2026-06","1781056800","65.1","65.25","64.25","64.31","0.0"
"SOLUSDT","2026-06","1781060400","64.31","64.86","64.27","64.51","0.0"
"SOLUSDT","2026-06","1781064000","64.52","64.66","64.12","64.29","0.0"
"SOLUSDT","2026-06","1781067600","64.29","64.38","63.92","64.13","0.0"
"SOLUSDT","2026-06","1781071200","64.13","64.37","63.83","64.2","0.0"
"SOLUSDT","2026-06","1781074800","64.21","64.8","64.14","64.5","0.0"
"SOLUSDT","2026-06","1781078400","64.5","64.52","63.43","63.61","0.0"
"SOLUSDT","2026-06","1781082000","63.62","63.76","63.07","63.64","0.0"
"SOLUSDT","2026-06","1781085600","63.64","63.79","63.27","63.68","0.0"
"SOLUSDT","2026-06","1781089200","63.68","63.77","62.95","63.49","0.0"
"SOLUSDT","2026-06","1781092800","63.5","64.68","63.3","64.13","0.0"
"SOLUSDT","2026-06","1781096400","64.12","65.54","64.01","65.08","0.0"
"SOLUSDT","2026-06","1781100000","65.08","65.28","64.59","65.06","0.0"
"SOLUSDT","2026-06","1781103600","65.07","65.77","64.56","65.44","0.0"
"SOLUSDT","2026-06","1781107200","65.44","65.49","64.24","64.62","0.0"
"SOLUSDT","2026-06","1781110800","64.62","64.97","63.63","64.04","0.0"
"SOLUSDT","2026-06","1781114400","64.05","64.22","63.36","63.84","0.0"
"SOLUSDT","2026-06","1781118000","63.84","63.95","63.39","63.56","0.0"
"SOLUSDT","2026-06","1781121600","63.56","63.66","63.18","63.33","0.0"
"SOLUSDT","2026-06","1781125200","63.32","63.32","62.34","62.59","0.0"
"SOLUSDT","2026-06","1781128800","62.6","63.07","62.37","62.77","0.0"
"SOLUSDT","2026-06","1781132400","62.78","63.31","62.46","63.19","0.0"
"SOLUSDT","2026-06","1781136000","63.19","63.77","63.19","63.67","0.0"
"SOLUSDT","2026-06","1781139600","63.67","65.16","63.67","64.9","0.0"
"SOLUSDT","2026-06","1781143200","64.91","65.0","64.37","64.52","0.0"
"SOLUSDT","2026-06","1781146800","64.53","65.48","64.33","65.27","0.0"
"SOLUSDT","2026-06","1781150400","65.27","65.35","64.95","65.21","0.0"
"SOLUSDT","2026-06","1781154000","65.21","65.26","64.95","64.97","0.0"
"SOLUSDT","2026-06","1781157600","64.97","65.43","64.81","65.12","0.0"
"SOLUSDT","2026-06","1781161200","65.12","65.18","64.77","65.04","0.0"
"SOLUSDT","2026-06","1781164800","65.04","65.53","65.03","65.31","0.0"
"SOLUSDT","2026-06","1781168400","65.31","65.56","65.01","65.38","0.0"
"SOLUSDT","2026-06","1781172000","65.39","65.66","65.28","65.5","0.0"
"SOLUSDT","2026-06","1781175600","65.5","66.15","65.33","65.88","0.0"
"SOLUSDT","2026-06","1781179200","65.89","65.93","64.89","65.26","0.0"
"SOLUSDT","2026-06","1781182800","65.26","65.74","65.06","65.53","0.0"
"SOLUSDT","2026-06","1781186400","65.52","65.78","64.99","65.35","0.0"
"SOLUSDT","2026-06","1781190000","65.35","65.87","65.0","65.55","0.0"
"SOLUSDT","2026-06","1781193600","65.56","65.8","65.31","65.38","0.0"
"SOLUSDT","2026-06","1781197200","65.39","67.19","65.05","67.15","0.0"
"SOLUSDT","2026-06","1781200800","67.15","67.31","66.64","66.8","0.0"
"SOLUSDT","2026-06","1781204400","66.8","67.42","66.6","66.93","0.0"
"SOLUSDT","2026-06","1781208000","66.93","67.04","66.36","66.6","0.0"
"SOLUSDT","2026-06","1781211600","66.6","67.1","66.58","66.91","0.0"
"SOLUSDT","2026-06","1781215200","66.91","67.14","66.87","66.9","0.0"
"SOLUSDT","2026-06","1781218800","66.89","67.13","66.69","66.93","0.0"
"SOLUSDT","2026-06","1781222400","66.93","67.11","66.75","66.87","0.0"
"SOLUSDT","2026-06","1781226000","66.87","66.87","66.42","66.7","0.0"
"SOLUSDT","2026-06","1781229600","66.69","67.3","66.68","67.14","0.0"
"SOLUSDT","2026-06","1781233200","67.15","67.18","66.68","67.04","0.0"
"SOLUSDT","2026-06","1781236800","67.04","67.24","66.85","67.07","0.0"
"SOLUSDT","2026-06","1781240400","67.07","67.08","66.63","66.74","0.0"
"SOLUSDT","2026-06","1781244000","66.75","66.82","65.95","66.11","0.0"
"SOLUSDT","2026-06","1781247600","66.12","66.49","66.12","66.32","0.0"
"SOLUSDT","2026-06","1781251200","66.32","67.05","66.31","66.92","0.0"
"SOLUSDT","2026-06","1781254800","66.92","67.49","66.85","67.17","0.0"
"SOLUSDT","2026-06","1781258400","67.18","67.35","66.59","66.79","0.0"
"SOLUSDT","2026-06","1781262000","66.79","67.1","66.78","66.93","0.0"
"SOLUSDT","2026-06","1781265600","66.92","67.0","66.63","66.77","0.0"
"SOLUSDT","2026-06","1781269200","66.77","67.01","66.37","66.72","0.0"
"SOLUSDT","2026-06","1781272800","66.73","67.99","66.65","67.94","0.0"
"SOLUSDT","2026-06","1781276400","67.93","68.82","67.18","67.25","0.0"
"SOLUSDT","2026-06","1781280000","67.26","68.01","67.09","68.01","0.0"
"SOLUSDT","2026-06","1781283600","68.02","68.22","67.27","67.4","0.0"
"SOLUSDT","2026-06","1781287200","67.4","67.48","67.01","67.07","0.0"
"SOLUSDT","2026-06","1781290800","67.07","67.42","66.68","66.78","0.0"
"SOLUSDT","2026-06","1781294400","66.79","66.83","66.42","66.68","0.0"
"SOLUSDT","2026-06","1781298000","66.69","66.95","66.47","66.57","0.0"
"SOLUSDT","2026-06","1781301600","66.57","66.76","66.43","66.63","0.0"
"SOLUSDT","2026-06","1781305200","66.64","66.83","66.48","66.82","0.0"
"SOLUSDT","2026-06","1781308800","66.83","67.08","66.78","66.99","0.0"
"SOLUSDT","2026-06","1781312400","67.0","67.51","66.98","67.45","0.0"
"SOLUSDT","2026-06","1781316000","67.44","67.51","66.87","66.97","0.0"
"SOLUSDT","2026-06","1781319600","66.97","67.05","66.7","66.88","0.0"
"SOLUSDT","2026-06","1781323200","66.87","66.96","66.64","66.67","0.0"
"SOLUSDT","2026-06","1781326800","66.67","66.88","66.59","66.79","0.0"
"SOLUSDT","2026-06","1781330400","66.79","67.22","66.67","67.16","0.0"
"SOLUSDT","2026-06","1781334000","67.16","67.47","66.96","67.37","0.0"
"SOLUSDT","2026-06","1781337600","67.38","67.57","67.26","67.33","0.0"
"SOLUSDT","2026-06","1781341200","67.32","67.54","67.29","67.37","0.0"
"SOLUSDT","2026-06","1781344800","67.37","67.61","67.34","67.44","0.0"
"SOLUSDT","2026-06","1781348400","67.44","67.96","67.38","67.9","0.0"
"SOLUSDT","2026-06","1781352000","67.91","68.06","67.77","67.99","0.0"
"SOLUSDT","2026-06","1781355600","67.98","68.45","67.83","68.02","0.0"
"SOLUSDT","2026-06","1781359200","68.02","68.43","67.99","68.29","0.0"
"SOLUSDT","2026-06","1781362800","68.29","68.71","68.18","68.6","0.0"
"SOLUSDT","2026-06","1781366400","68.6","68.63","67.83","68.1","0.0"
"SOLUSDT","2026-06","1781370000","68.09","68.28","67.84","68.0","0.0"
"SOLUSDT","2026-06","1781373600","68.0","68.38","67.97","68.13","0.0"
"SOLUSDT","2026-06","1781377200","68.13","68.4","68.03","68.23","0.0"
"SOLUSDT","2026-06","1781380800","68.24","68.29","68.05","68.28","0.0"
"SOLUSDT","2026-06","1781384400","68.28","69.59","68.23","69.27","0.0"
"SOLUSDT","2026-06","1781388000","69.27","69.28","68.88","68.91","0.0"
"SOLUSDT","2026-06","1781391600","68.9","69.18","68.79","68.94","0.0"
"SOLUSDT","2026-06","1781395200","68.94","68.94","68.65","68.75","0.0"
"SOLUSDT","2026-06","1781398800","68.75","69.1","68.64","68.82","0.0"
"SOLUSDT","2026-06","1781402400","68.82","69.11","68.72","68.83","0.0"
"SOLUSDT","2026-06","1781406000","68.83","69.04","68.76","68.94","0.0"
"SOLUSDT","2026-06","1781409600","68.95","69.01","68.44","68.52","0.0"
"SOLUSDT","2026-06","1781413200","68.53","68.6","67.88","68.24","0.0"
"SOLUSDT","2026-06","1781416800","68.25","68.5","68.1","68.19","0.0"
"SOLUSDT","2026-06","1781420400","68.2","68.25","68.04","68.23","0.0"
"SOLUSDT","2026-06","1781424000","68.23","68.37","68.11","68.25","0.0"
"SOLUSDT","2026-06","1781427600","68.25","68.5","67.92","68.47","0.0"
"SOLUSDT","2026-06","1781431200","68.48","68.52","68.15","68.16","0.0"
"SOLUSDT","2026-06","1781434800","68.16","68.35","68.02","68.11","0.0"
"SOLUSDT","2026-06","1781438400","68.11","68.17","67.7","67.78","0.0"
"SOLUSDT","2026-06","1781442000","67.78","67.87","67.51","67.77","0.0"
"SOLUSDT","2026-06","1781445600","67.77","67.83","66.94","67.27","0.0"
"SOLUSDT","2026-06","1781449200","67.27","67.55","67.26","67.43","0.0"
"SOLUSDT","2026-06","1781452800","67.43","67.76","67.41","67.49","0.0"
"SOLUSDT","2026-06","1781456400","67.48","67.74","67.3","67.34","0.0"
"SOLUSDT","2026-06","1781460000","67.34","67.5","67.19","67.43","0.0"
"SOLUSDT","2026-06","1781463600","67.43","67.75","67.35","67.57","0.0"
"SOLUSDT","2026-06","1781467200","67.57","68.07","67.44","67.81","0.0"
"SOLUSDT","2026-06","1781470800","67.8","70.55","67.8","70.16","0.0"
"SOLUSDT","2026-06","1781474400","70.16","70.73","69.68","70.45","0.0"
"SOLUSDT","2026-06","1781478000","70.45","71.29","70.15","71.28","0.0"
"SOLUSDT","2026-06","1781481600","71.29","71.73","70.94","71.12","0.0"
"SOLUSDT","2026-06","1781485200","71.13","71.35","70.66","71.01","0.0"
"SOLUSDT","2026-06","1781488800","71.0","71.59","70.9","70.99","0.0"
"SOLUSDT","2026-06","1781492400","70.98","71.37","70.91","71.24","0.0"
"SOLUSDT","2026-06","1781496000","71.24","71.27","70.88","70.93","0.0"
"SOLUSDT","2026-06","1781499600","70.92","71.31","70.81","71.22","0.0"
"SOLUSDT","2026-06","1781503200","71.22","71.5","71.11","71.36","0.0"
"SOLUSDT","2026-06","1781506800","71.36","71.5","71.12","71.28","0.0"
"SOLUSDT","2026-06","1781510400","71.28","71.62","71.17","71.3","0.0"
"SOLUSDT","2026-06","1781514000","71.3","71.48","70.8","71.23","0.0"
"SOLUSDT","2026-06","1781517600","71.23","72.12","71.19","71.88","0.0"
"SOLUSDT","2026-06","1781521200","71.88","72.82","71.65","72.61","0.0"
"SOLUSDT","2026-06","1781524800","72.61","73.0","72.31","72.86","0.0"
"SOLUSDT","2026-06","1781528400","72.85","74.23","72.72","73.64","0.0"
"SOLUSDT","2026-06","1781532000","73.63","73.98","73.2","73.82","0.0"
"SOLUSDT","2026-06","1781535600","73.81","75.26","73.79","75.25","0.0"
"SOLUSDT","2026-06","1781539200","75.25","76.09","74.97","75.48","0.0"
"SOLUSDT","2026-06","1781542800","75.47","75.48","74.65","75.28","0.0"
"SOLUSDT","2026-06","1781546400","75.28","75.69","75.1","75.3","0.0"
"SOLUSDT","2026-06","1781550000","75.3","75.81","74.58","75.28","0.0"
"SOLUSDT","2026-06","1781553600","75.27","75.46","74.77","74.95","0.0"
"SOLUSDT","2026-06","1781557200","74.95","75.03","74.4","74.45","0.0"
"SOLUSDT","2026-06","1781560800","74.46","74.61","73.62","73.78","0.0"
"SOLUSDT","2026-06","1781564400","73.77","74.07","73.62","73.98","0.0"
"SOLUSDT","2026-06","1781568000","73.99","74.42","73.85","74.04","0.0"
"SOLUSDT","2026-06","1781571600","74.05","74.35","73.85","73.88","0.0"
"SOLUSDT","2026-06","1781575200","73.89","73.89","72.77","73.01","0.0"
"SOLUSDT","2026-06","1781578800","73.02","73.81","72.87","73.74","0.0"
"SOLUSDT","2026-06","1781582400","73.75","73.94","73.19","73.36","0.0"
"SOLUSDT","2026-06","1781586000","73.37","73.84","73.36","73.67","0.0"
"SOLUSDT","2026-06","1781589600","73.67","74.32","73.67","74.19","0.0"
"SOLUSDT","2026-06","1781593200","74.19","74.54","74.13","74.46","0.0"
"SOLUSDT","2026-06","1781596800","74.45","75.65","74.35","75.4","0.0"
"SOLUSDT","2026-06","1781600400","75.39","75.46","74.81","74.85","0.0"
"SOLUSDT","2026-06","1781604000","74.85","75.12","74.69","74.7","0.0"
"SOLUSDT","2026-06","1781607600","74.7","74.9","74.38","74.66","0.0"
"SOLUSDT","2026-06","1781611200","74.67","75.53","74.49","74.94","0.0"
"SOLUSDT","2026-06","1781614800","74.94","74.97","73.87","73.99","0.0"
"SOLUSDT","2026-06","1781618400","73.99","74.3","72.29","72.98","0.0"
"SOLUSDT","2026-06","1781622000","72.97","73.65","72.87","73.29","0.0"
"SOLUSDT","2026-06","1781625600","73.29","73.48","73.01","73.1","0.0"
"SOLUSDT","2026-06","1781629200","73.11","73.84","73.06","73.67","0.0"
"SOLUSDT","2026-06","1781632800","73.68","74.34","73.58","74.0","0.0"
"SOLUSDT","2026-06","1781636400","74.0","74.23","73.48","73.84","0.0"
"SOLUSDT","2026-06","1781640000","73.85","74.26","73.67","74.14","0.0"
"SOLUSDT","2026-06","1781643600","74.14","74.22","73.73","73.94","0.0"
"SOLUSDT","2026-06","1781647200","73.94","74.1","73.62","73.84","0.0"
"SOLUSDT","2026-06","1781650800","73.85","73.97","73.42","73.52","0.0"
"SOLUSDT","2026-06","1781654400","73.53","73.78","73.32","73.37","0.0"
"SOLUSDT","2026-06","1781658000","73.37","74.0","73.17","73.93","0.0"
"SOLUSDT","2026-06","1781661600","73.94","74.47","73.69","74.05","0.0"
"SOLUSDT","2026-06","1781665200","74.05","74.06","73.52","73.68","0.0"
"SOLUSDT","2026-06","1781668800","73.68","74.11","73.6","73.83","0.0"
"SOLUSDT","2026-06","1781672400","73.84","74.01","73.44","73.65","0.0"
"SOLUSDT","2026-06","1781676000","73.65","73.83","73.19","73.41","0.0"
"SOLUSDT","2026-06","1781679600","73.41","73.61","72.99","73.26","0.0"
"SOLUSDT","2026-06","1781683200","73.27","73.3","72.16","72.34","0.0"
"SOLUSDT","2026-06","1781686800","72.34","72.67","72.31","72.54","0.0"
"SOLUSDT","2026-06","1781690400","72.54","72.69","72.12","72.15","0.0"
"SOLUSDT","2026-06","1781694000","72.15","72.24","71.71","72.04","0.0"
"SOLUSDT","2026-06","1781697600","72.04","72.36","71.59","72.33","0.0"
"SOLUSDT","2026-06","1781701200","72.33","72.77","72.16","72.43","0.0"
"SOLUSDT","2026-06","1781704800","72.42","72.67","71.82","72.39","0.0"
"SOLUSDT","2026-06","1781708400","72.39","73.87","72.36","73.81","0.0"
"SOLUSDT","2026-06","1781712000","73.8","74.69","73.71","73.76","0.0"
"SOLUSDT","2026-06","1781715600","73.77","74.35","73.47","74.22","0.0"
"SOLUSDT","2026-06","1781719200","74.21","74.38","72.19","73.5","0.0"
"SOLUSDT","2026-06","1781722800","73.49","73.71","71.43","71.66","0.0"
"SOLUSDT","2026-06","1781726400","71.66","72.25","71.55","72.2","0.0"
"SOLUSDT","2026-06","1781730000","72.19","72.23","71.38","71.62","0.0"
"SOLUSDT","2026-06","1781733600","71.61","71.95","70.83","71.7","0.0"
"SOLUSDT","2026-06","1781737200","71.71","72.13","71.69","72.05","0.0"
"SOLUSDT","2026-06","1781740800","72.05","72.5","72.03","72.22","0.0"
"SOLUSDT","2026-06","1781744400","72.22","72.64","72.09","72.21","0.0"
"SOLUSDT","2026-06","1781748000","72.22","72.68","72.13","72.54","0.0"
"SOLUSDT","2026-06","1781751600","72.53","72.55","71.54","71.65","0.0"
"SOLUSDT","2026-06","1781755200","71.66","71.73","70.91","71.06","0.0"
"SOLUSDT","2026-06","1781758800","71.05","71.14","70.64","71.14","0.0"
"SOLUSDT","2026-06","1781762400","71.13","71.41","70.99","71.34","0.0"
"SOLUSDT","2026-06","1781766000","71.35","71.85","71.16","71.78","0.0"
"SOLUSDT","2026-06","1781769600","71.77","72.08","71.64","71.85","0.0"
"SOLUSDT","2026-06","1781773200","71.86","72.16","71.75","71.85","0.0"
"SOLUSDT","2026-06","1781776800","71.85","71.85","71.08","71.39","0.0"
"SOLUSDT","2026-06","1781780400","71.39","71.56","70.72","70.94","0.0"
"SOLUSDT","2026-06","1781784000","70.94","71.62","70.87","71.57","0.0"
"SOLUSDT","2026-06","1781787600","71.57","71.8","70.73","71.05","0.0"
"SOLUSDT","2026-06","1781791200","71.06","71.72","70.7","71.08","0.0"
"SOLUSDT","2026-06","1781794800","71.08","71.1","68.35","68.44","0.0"
"SOLUSDT","2026-06","1781798400","68.43","69.13","68.38","69.06","0.0"
"SOLUSDT","2026-06","1781802000","69.07","69.15","68.5","68.64","0.0"
"SOLUSDT","2026-06","1781805600","68.64","68.99","68.23","68.66","0.0"
"SOLUSDT","2026-06","1781809200","68.66","69.53","68.57","69.37","0.0"
"SOLUSDT","2026-06","1781812800","69.38","69.96","69.38","69.82","0.0"
"SOLUSDT","2026-06","1781816400","69.81","69.9","69.41","69.57","0.0"
"SOLUSDT","2026-06","1781820000","69.56","69.69","69.26","69.52","0.0"
"SOLUSDT","2026-06","1781823600","69.51","69.79","69.27","69.71","0.0"
"SOLUSDT","2026-06","1781827200","69.72","69.9","69.53","69.81","0.0"
"SOLUSDT","2026-06","1781830800","69.8","70.03","69.54","69.94","0.0"
"SOLUSDT","2026-06","1781834400","69.94","70.09","69.41","69.66","0.0"
"SOLUSDT","2026-06","1781838000","69.65","69.74","68.64","69.05","0.0"
"SOLUSDT","2026-06","1781841600","69.06","69.27","68.1","68.33","0.0"
"SOLUSDT","2026-06","1781845200","68.33","68.75","68.32","68.7","0.0"
"SOLUSDT","2026-06","1781848800","68.69","68.84","68.46","68.75","0.0"
"SOLUSDT","2026-06","1781852400","68.75","68.77","67.98","68.38","0.0"
"SOLUSDT","2026-06","1781856000","68.37","68.75","68.23","68.68","0.0"
"SOLUSDT","2026-06","1781859600","68.69","68.76","68.22","68.33","0.0"
"SOLUSDT","2026-06","1781863200","68.32","68.46","68.05","68.3","0.0"
"SOLUSDT","2026-06","1781866800","68.31","68.47","68.09","68.25","0.0"
"SOLUSDT","2026-06","1781870400","68.25","68.71","67.92","68.62","0.0"
"SOLUSDT","2026-06","1781874000","68.62","69.58","68.4","69.28","0.0"
"SOLUSDT","2026-06","1781877600","69.28","69.48","68.83","69.15","0.0"
"SOLUSDT","2026-06","1781881200","69.14","69.54","68.93","69.33","0.0"
"SOLUSDT","2026-06","1781884800","69.34","69.57","68.69","68.71","0.0"
"SOLUSDT","2026-06","1781888400","68.72","69.52","68.63","69.31","0.0"
"SOLUSDT","2026-06","1781892000","69.32","69.37","68.8","69.06","0.0"
"SOLUSDT","2026-06","1781895600","69.05","69.16","68.78","68.97","0.0"
"SOLUSDT","2026-06","1781899200","68.97","69.31","68.72","69.25","0.0"
"SOLUSDT","2026-06","1781902800","69.25","69.31","68.91","69.02","0.0"
"SOLUSDT","2026-06","1781906400","69.01","69.44","69.0","69.42","0.0"
"SOLUSDT","2026-06","1781910000","69.43","69.87","69.24","69.74","0.0"
"SOLUSDT","2026-06","1781913600","69.73","70.12","69.61","69.63","0.0"
"SOLUSDT","2026-06","1781917200","69.62","69.95","69.54","69.8","0.0"
"SOLUSDT","2026-06","1781920800","69.8","69.86","69.48","69.65","0.0"
"SOLUSDT","2026-06","1781924400","69.66","70.11","69.62","70.0","0.0"
"SOLUSDT","2026-06","1781928000","70.0","71.09","69.89","70.86","0.0"
"SOLUSDT","2026-06","1781931600","70.87","72.46","70.72","71.8","0.0"
"SOLUSDT","2026-06","1781935200","71.8","72.39","71.71","72.12","0.0"
"SOLUSDT","2026-06","1781938800","72.12","72.15","71.45","71.6","0.0"
"SOLUSDT","2026-06","1781942400","71.6","71.65","71.27","71.34","0.0"
"SOLUSDT","2026-06","1781946000","71.34","71.63","71.21","71.57","0.0"
"SOLUSDT","2026-06","1781949600","71.57","71.72","71.41","71.69","0.0"
"SOLUSDT","2026-06","1781953200","71.69","72.1","71.45","71.78","0.0"
"SOLUSDT","2026-06","1781956800","71.78","71.94","71.38","71.56","0.0"
"SOLUSDT","2026-06","1781960400","71.55","71.58","70.75","71.19","0.0"
"SOLUSDT","2026-06","1781964000","71.19","72.18","70.47","71.93","0.0"
"SOLUSDT","2026-06","1781967600","71.94","72.62","71.49","72.02","0.0"
"SOLUSDT","2026-06","1781971200","72.03","72.05","71.32","71.67","0.0"
"SOLUSDT","2026-06","1781974800","71.67","71.68","71.09","71.55","0.0"
"SOLUSDT","2026-06","1781978400","71.56","71.99","71.53","71.75","0.0"
"SOLUSDT","2026-06","1781982000","71.75","71.92","71.6","71.86","0.0"
"SOLUSDT","2026-06","1781985600","71.86","72.07","71.7","72.01","0.0"
"SOLUSDT","2026-06","1781989200","72.02","72.45","71.96","72.41","0.0"
"SOLUSDT","2026-06","1781992800","72.41","74.3","72.36","73.56","0.0"
"SOLUSDT","2026-06","1781996400","73.56","73.65","73.21","73.22","0.0"
"SOLUSDT","2026-06","1782000000","73.22","73.28","73.02","73.2","0.0"
"SOLUSDT","2026-06","1782003600","73.2","73.32","72.88","73.19","0.0"
"SOLUSDT","2026-06","1782007200","73.19","73.39","73.08","73.34","0.0"
"SOLUSDT","2026-06","1782010800","73.34","73.86","73.13","73.63","0.0"
"SOLUSDT","2026-06","1782014400","73.63","73.84","73.39","73.44","0.0"
"SOLUSDT","2026-06","1782018000","73.44","73.52","73.01","73.09","0.0"
"SOLUSDT","2026-06","1782021600","73.09","73.36","73.04","73.24","0.0"
"SOLUSDT","2026-06","1782025200","73.25","73.45","73.07","73.21","0.0"
"SOLUSDT","2026-06","1782028800","73.21","73.25","72.75","73.15","0.0"
"SOLUSDT","2026-06","1782032400","73.16","74.1","73.08","74.05","0.0"
"SOLUSDT","2026-06","1782036000","74.04","74.4","73.87","73.9","0.0"
"SOLUSDT","2026-06","1782039600","73.91","74.04","73.07","73.21","0.0"
"SOLUSDT","2026-06","1782043200","73.21","73.69","72.93","73.65","0.0"
"SOLUSDT","2026-06","1782046800","73.65","73.93","73.47","73.91","0.0"
"SOLUSDT","2026-06","1782050400","73.92","74.15","73.63","74.11","0.0"
"SOLUSDT","2026-06","1782054000","74.11","74.29","73.91","74.14","0.0"
"SOLUSDT","2026-06","1782057600","74.14","74.68","73.8","74.34","0.0"
"SOLUSDT","2026-06","1782061200","74.34","74.64","74.04","74.24","0.0"
"SOLUSDT","2026-06","1782064800","74.25","74.44","73.86","74.22","0.0"
"SOLUSDT","2026-06","1782068400","74.21","74.47","74.11","74.42","0.0"
"SOLUSDT","2026-06","1782072000","74.42","74.55","73.34","73.42","0.0"
"SOLUSDT","2026-06","1782075600","73.43","73.47","72.42","73.15","0.0"
"SOLUSDT","2026-06","1782079200","73.14","73.26","72.63","73.06","0.0"
"SOLUSDT","2026-06","1782082800","73.05","73.1","72.31","72.46","0.0"
"SOLUSDT","2026-06","1782086400","72.47","73.59","72.46","73.36","0.0"
"SOLUSDT","2026-06","1782090000","73.37","74.99","73.27","74.37","0.0"
"SOLUSDT","2026-06","1782093600","74.37","74.46","73.77","73.83","0.0"
"SOLUSDT","2026-06","1782097200","73.84","74.06","73.29","73.52","0.0"
"SOLUSDT","2026-06","1782100800","73.53","73.91","73.36","73.86","0.0"
"SOLUSDT","2026-06","1782104400","73.87","74.15","73.8","73.95","0.0"
"SOLUSDT","2026-06","1782108000","73.96","74.21","73.56","73.71","0.0"
"SOLUSDT","2026-06","1782111600","73.72","74.48","73.67","74.1","0.0"
"SOLUSDT","2026-06","1782115200","74.1","74.33","73.71","73.9","0.0"
"SOLUSDT","2026-06","1782118800","73.89","74.03","73.57","73.8","0.0"
"SOLUSDT","2026-06","1782122400","73.79","74.01","73.6","73.78","0.0"
"SOLUSDT","2026-06","1782126000","73.77","74.44","73.64","74.17","0.0"
"SOLUSDT","2026-06","1782129600","74.18","74.56","74.0","74.41","0.0"
"SOLUSDT","2026-06","1782133200","74.42","74.98","74.24","74.98","0.0"
"SOLUSDT","2026-06","1782136800","74.97","75.0","73.19","73.44","0.0"
"SOLUSDT","2026-06","1782140400","73.45","73.8","72.98","73.14","0.0"
"SOLUSDT","2026-06","1782144000","73.15","73.21","72.55","72.95","0.0"
"SOLUSDT","2026-06","1782147600","72.95","73.34","72.63","73.28","0.0"
"SOLUSDT","2026-06","1782151200","73.28","73.57","72.58","72.64","0.0"
"SOLUSDT","2026-06","1782154800","72.64","72.81","72.45","72.71","0.0"
"SOLUSDT","2026-06","1782158400","72.71","72.97","72.49","72.83","0.0"
"SOLUSDT","2026-06","1782162000","72.82","72.89","72.28","72.73","0.0"
"SOLUSDT","2026-06","1782165600","72.74","72.96","71.37","72.11","0.0"
"SOLUSDT","2026-06","1782169200","72.11","72.17","71.82","71.95","0.0"
"SOLUSDT","2026-06","1782172800","71.95","72.01","71.46","71.88","0.0"
"SOLUSDT","2026-06","1782176400","71.89","72.04","71.31","71.72","0.0"
"SOLUSDT","2026-06","1782180000","71.71","72.06","71.54","72.0","0.0"
"SOLUSDT","2026-06","1782183600","71.99","72.01","71.73","72.0","0.0"
"SOLUSDT","2026-06","1782187200","71.99","72.03","71.37","71.45","0.0"
"SOLUSDT","2026-06","1782190800","71.46","71.6","70.9","71.02","0.0"
"SOLUSDT","2026-06","1782194400","71.03","71.07","69.68","70.33","0.0"
"SOLUSDT","2026-06","1782198000","70.33","70.56","69.97","70.01","0.0"
"SOLUSDT","2026-06","1782201600","70.01","70.11","68.16","68.7","0.0"
"SOLUSDT","2026-06","1782205200","68.71","69.06","68.68","68.93","0.0"
"SOLUSDT","2026-06","1782208800","68.93","69.22","68.61","68.82","0.0"
"SOLUSDT","2026-06","1782212400","68.82","69.38","68.82","69.33","0.0"
"SOLUSDT","2026-06","1782216000","69.33","69.38","68.87","68.98","0.0"
"SOLUSDT","2026-06","1782219600","68.98","69.37","68.64","69.2","0.0"
"SOLUSDT","2026-06","1782223200","69.2","69.68","69.06","69.2","0.0"
"SOLUSDT","2026-06","1782226800","69.2","69.2","68.4","68.92","0.0"
"SOLUSDT","2026-06","1782230400","68.93","69.41","68.81","68.9","0.0"
"SOLUSDT","2026-06","1782234000","68.89","69.19","68.64","68.78","0.0"
"SOLUSDT","2026-06","1782237600","68.78","69.05","68.69","68.91","0.0"
"SOLUSDT","2026-06","1782241200","68.9","69.11","68.73","68.84","0.0"
"SOLUSDT","2026-06","1782244800","68.84","69.06","68.83","69.01","0.0"
"SOLUSDT","2026-06","1782248400","69.02","69.31","68.97","69.27","0.0"
"SOLUSDT","2026-06","1782252000","69.27","69.84","69.26","69.56","0.0"
"SOLUSDT","2026-06","1782255600","69.56","69.82","69.31","69.71","0.0"
"SOLUSDT","2026-06","1782259200","69.7","70.14","69.59","69.99","0.0"
"SOLUSDT","2026-06","1782262800","70.0","70.41","69.67","70.09","0.0"
"SOLUSDT","2026-06","1782266400","70.09","70.15","69.43","69.46","0.0"
"SOLUSDT","2026-06","1782270000","69.46","69.77","69.1","69.56","0.0"
"SOLUSDT","2026-06","1782273600","69.57","69.7","69.0","69.58","0.0"
"SOLUSDT","2026-06","1782277200","69.59","70.22","69.52","69.95","0.0"
"SOLUSDT","2026-06","1782280800","69.95","70.04","69.7","69.75","0.0"
"SOLUSDT","2026-06","1782284400","69.75","69.79","69.28","69.38","0.0"
"SOLUSDT","2026-06","1782288000","69.38","69.63","69.25","69.48","0.0"
"SOLUSDT","2026-06","1782291600","69.48","69.55","69.2","69.31","0.0"
"SOLUSDT","2026-06","1782295200","69.31","69.35","68.96","69.05","0.0"
"SOLUSDT","2026-06","1782298800","69.05","70.44","68.77","69.82","0.0"
"SOLUSDT","2026-06","1782302400","69.82","69.93","69.41","69.46","0.0"
"SOLUSDT","2026-06","1782306000","69.46","69.5","68.37","68.88","0.0"
"SOLUSDT","2026-06","1782309600","68.87","69.43","68.59","68.85","0.0"
"SOLUSDT","2026-06","1782313200","68.86","68.9","67.24","67.33","0.0"
"SOLUSDT","2026-06","1782316800","67.32","68.03","66.28","66.52","0.0"
"SOLUSDT","2026-06","1782320400","66.52","66.92","64.71","64.98","0.0"
"SOLUSDT","2026-06","1782324000","64.98","66.5","64.83","66.03","0.0"
"SOLUSDT","2026-06","1782327600","66.04","66.39","65.54","66.13","0.0"
"SOLUSDT","2026-06","1782331200","66.13","68.01","65.98","67.68","0.0"
"SOLUSDT","2026-06","1782334800","67.69","68.12","67.22","68.09","0.0"
"SOLUSDT","2026-06","1782338400","68.08","68.55","67.69","67.83","0.0"
"SOLUSDT","2026-06","1782342000","67.84","68.2","67.76","68.11","0.0"
"SOLUSDT","2026-06","1782345600","68.12","68.32","67.57","67.72","0.0"
"SOLUSDT","2026-06","1782349200","67.72","68.01","67.4","67.89","0.0"
"SOLUSDT","2026-06","1782352800","67.89","67.94","67.61","67.74","0.0"
"SOLUSDT","2026-06","1782356400","67.75","67.87","67.47","67.7","0.0"
"SOLUSDT","2026-06","1782360000","67.7","68.51","67.5","68.46","0.0"
"SOLUSDT","2026-06","1782363600","68.47","69.31","68.35","69.04","0.0"
"SOLUSDT","2026-06","1782367200","69.03","69.66","69.01","69.47","0.0"
"SOLUSDT","2026-06","1782370800","69.48","69.58","69.24","69.45","0.0"
"SOLUSDT","2026-06","1782374400","69.44","69.45","68.99","69.05","0.0"
"SOLUSDT","2026-06","1782378000","69.06","69.19","68.8","68.83","0.0"
"SOLUSDT","2026-06","1782381600","68.83","68.88","68.13","68.29","0.0"
"SOLUSDT","2026-06","1782385200","68.3","68.44","68.0","68.18","0.0"
"SOLUSDT","2026-06","1782388800","68.18","68.92","67.79","68.29","0.0"
"SOLUSDT","2026-06","1782392400","68.29","68.45","64.04","64.23","0.0"
"SOLUSDT","2026-06","1782396000","64.23","67.24","64.23","66.36","0.0"
"SOLUSDT","2026-06","1782399600","66.37","66.39","65.24","66.32","0.0"
"SOLUSDT","2026-06","1782403200","66.32","67.05","65.65","65.98","0.0"
"SOLUSDT","2026-06","1782406800","65.98","67.35","65.82","67.13","0.0"
"SOLUSDT","2026-06","1782410400","67.12","67.16","65.91","66.18","0.0"
"SOLUSDT","2026-06","1782414000","66.19","66.22","65.65","66.2","0.0"
"SOLUSDT","2026-06","1782417600","66.19","66.8","66.08","66.27","0.0"
"SOLUSDT","2026-06","1782421200","66.28","67.31","66.27","67.28","0.0"
"SOLUSDT","2026-06","1782424800","67.28","67.35","66.94","67.15","0.0"
"SOLUSDT","2026-06","1782428400","67.16","68.81","67.0","67.72","0.0"
"SOLUSDT","2026-06","1782432000","67.72","68.1","67.62","67.74","0.0"
"SOLUSDT","2026-06","1782435600","67.74","67.91","67.14","67.32","0.0"
"SOLUSDT","2026-06","1782439200","67.32","67.36","65.93","66.2","0.0"
"SOLUSDT","2026-06","1782442800","66.21","68.5","65.91","68.21","0.0"
"SOLUSDT","2026-06","1782446400","68.22","68.38","67.96","68.06","0.0"
"SOLUSDT","2026-06","1782450000","68.07","68.47","67.97","68.38","0.0"
"SOLUSDT","2026-06","1782453600","68.37","70.01","68.01","69.99","0.0"
"SOLUSDT","2026-06","1782457200","70.0","70.99","69.93","70.77","0.0"
"SOLUSDT","2026-06","1782460800","70.78","70.88","69.72","69.94","0.0"
"SOLUSDT","2026-06","1782464400","69.95","69.95","68.85","69.01","0.0"
"SOLUSDT","2026-06","1782468000","69.01","69.25","68.64","68.78","0.0"
"SOLUSDT","2026-06","1782471600","68.78","69.1","68.39","68.61","0.0"
"SOLUSDT","2026-06","1782475200","68.61","69.74","68.37","68.87","0.0"
"SOLUSDT","2026-06","1782478800","68.87","70.94","68.19","70.71","0.0"
"SOLUSDT","2026-06","1782482400","70.71","71.99","70.24","70.46","0.0"
"SOLUSDT","2026-06","1782486000","70.47","72.24","70.31","72.07","0.0"
"SOLUSDT","2026-06","1782489600","72.06","73.53","72.01","72.48","0.0"
"SOLUSDT","2026-06","1782493200","72.49","72.88","72.18","72.56","0.0"
"SOLUSDT","2026-06","1782496800","72.57","73.1","72.37","72.6","0.0"
"SOLUSDT","2026-06","1782500400","72.6","73.93","72.48","73.01","0.0"
"SOLUSDT","2026-06","1782504000","73.01","73.68","72.05","72.17","0.0"
"SOLUSDT","2026-06","1782507600","72.18","72.4","71.8","71.99","0.0"
"SOLUSDT","2026-06","1782511200","71.98","72.09","71.41","71.83","0.0"
"SOLUSDT","2026-06","1782514800","71.82","72.02","71.68","71.9","0.0"
"SOLUSDT","2026-06","1782518400","71.9","72.5","71.58","71.82","0.0"
"SOLUSDT","2026-06","1782522000","71.83","71.83","71.36","71.44","0.0"
"SOLUSDT","2026-06","1782525600","71.44","72.26","71.39","72.12","0.0"
"SOLUSDT","2026-06","1782529200","72.11","72.43","71.84","72.27","0.0"
"SOLUSDT","2026-06","1782532800","72.26","72.59","71.9","71.94","0.0"
"SOLUSDT","2026-06","1782536400","71.93","72.03","71.51","71.81","0.0"
"SOLUSDT","2026-06","1782540000","71.81","72.33","71.62","72.13","0.0"
"SOLUSDT","2026-06","1782543600","72.13","72.35","72.01","72.31","0.0"
"SOLUSDT","2026-06","1782547200","72.31","72.33","71.88","72.03","0.0"
"SOLUSDT","2026-06","1782550800","72.03","72.11","71.72","71.86","0.0"
"SOLUSDT","2026-06","1782554400","71.85","72.05","71.83","72.04","0.0"
"SOLUSDT","2026-06","1782558000","72.04","72.09","71.53","71.81","0.0"
"SOLUSDT","2026-06","1782561600","71.81","72.18","71.64","72.17","0.0"
"SOLUSDT","2026-06","1782565200","72.17","72.61","72.13","72.36","0.0"
"SOLUSDT","2026-06","1782568800","72.36","72.9","72.21","72.7","0.0"
"SOLUSDT","2026-06","1782572400","72.71","73.19","72.62","72.84","0.0"
"SOLUSDT","2026-06","1782576000","72.83","73.01","72.63","72.64","0.0"
"SOLUSDT","2026-06","1782579600","72.64","72.65","71.9","72.06","0.0"
"SOLUSDT","2026-06","1782583200","72.05","72.18","71.76","71.92","0.0"
"SOLUSDT","2026-06","1782586800","71.92","72.01","70.94","71.11","0.0"
"SOLUSDT","2026-06","1782590400","71.11","71.35","71.09","71.3","0.0"
"SOLUSDT","2026-06","1782594000","71.31","71.63","70.81","70.98","0.0"
"SOLUSDT","2026-06","1782597600","70.98","71.1","70.25","71.09","0.0"
"SOLUSDT","2026-06","1782601200","71.09","71.16","70.42","70.5","0.0"
"SOLUSDT","2026-06","1782604800","70.49","70.82","70.45","70.72","0.0"
"SOLUSDT","2026-06","1782608400","70.72","70.93","70.44","70.83","0.0"
"SOLUSDT","2026-06","1782612000","70.84","71.01","70.49","70.73","0.0"
"SOLUSDT","2026-06","1782615600","70.72","70.98","70.72","70.87","0.0"
"SOLUSDT","2026-06","1782619200","70.86","70.99","70.55","70.77","0.0"
"SOLUSDT","2026-06","1782622800","70.77","70.77","70.14","70.52","0.0"
"SOLUSDT","2026-06","1782626400","70.52","70.56","70.17","70.45","0.0"
"SOLUSDT","2026-06","1782630000","70.45","71.09","70.44","71.08","0.0"
"SOLUSDT","2026-06","1782633600","71.08","72.2","71.06","71.91","0.0"
"SOLUSDT","2026-06","1782637200","71.91","72.05","71.45","71.54","0.0"
"SOLUSDT","2026-06","1782640800","71.53","71.6","71.11","71.48","0.0"
"SOLUSDT","2026-06","1782644400","71.48","72.03","71.41","71.92","0.0"
"SOLUSDT","2026-06","1782648000","71.92","72.41","71.65","71.88","0.0"
"SOLUSDT","2026-06","1782651600","71.87","72.1","71.33","71.74","0.0"
"SOLUSDT","2026-06","1782655200","71.74","72.2","71.65","71.65","0.0"
"SOLUSDT","2026-06","1782658800","71.66","72.12","71.45","72.09","0.0"
"SOLUSDT","2026-06","1782662400","72.09","72.13","71.16","71.56","0.0"
"SOLUSDT","2026-06","1782666000","71.56","71.98","70.97","71.55","0.0"
"SOLUSDT","2026-06","1782669600","71.55","71.73","71.0","71.18","0.0"
"SOLUSDT","2026-06","1782673200","71.18","71.32","70.25","70.74","0.0"
"SOLUSDT","2026-06","1782676800","70.73","71.29","70.66","70.92","0.0"
"SOLUSDT","2026-06","1782680400","70.92","71.07","70.26","70.46","0.0"
"SOLUSDT","2026-06","1782684000","70.47","71.53","69.74","70.24","0.0"
"SOLUSDT","2026-06","1782687600","70.23","71.82","70.14","71.38","0.0"
"SOLUSDT","2026-06","1782691200","71.39","71.7","70.35","71.66","0.0"
"SOLUSDT","2026-06","1782694800","71.66","71.7","70.95","71.49","0.0"
"SOLUSDT","2026-06","1782698400","71.49","72.21","70.51","72.18","0.0"
"SOLUSDT","2026-06","1782702000","72.19","73.33","72.18","72.68","0.0"
"SOLUSDT","2026-06","1782705600","72.68","72.69","71.64","71.68","0.0"
"SOLUSDT","2026-06","1782709200","71.69","72.35","71.03","72.32","0.0"
"SOLUSDT","2026-06","1782712800","72.33","73.12","72.21","72.39","0.0"
"SOLUSDT","2026-06","1782716400","72.39","72.93","72.08","72.72","0.0"
"SOLUSDT","2026-06","1782720000","72.72","73.02","72.39","72.73","0.0"
"SOLUSDT","2026-06","1782723600","72.72","73.17","72.61","72.94","0.0"
"SOLUSDT","2026-06","1782727200","72.94","73.68","72.94","73.25","0.0"
"SOLUSDT","2026-06","1782730800","73.25","73.28","72.25","72.52","0.0"
"SOLUSDT","2026-06","1782734400","72.53","74.55","72.12","73.52","0.0"
"SOLUSDT","2026-06","1782738000","73.52","74.35","72.72","73.74","0.0"
"SOLUSDT","2026-06","1782741600","73.74","74.01","72.32","73.73","0.0"
"SOLUSDT","2026-06","1782745200","73.74","74.43","72.79","73.92","0.0"
"SOLUSDT","2026-06","1782748800","73.92","74.16","72.89","74.03","0.0"
"SOLUSDT","2026-06","1782752400","74.02","76.49","74.0","75.31","0.0"
"SOLUSDT","2026-06","1782756000","75.31","75.84","75.14","75.59","0.0"
"SOLUSDT","2026-06","1782759600","75.6","76.22","75.41","75.98","0.0"
"SOLUSDT","2026-06","1782763200","75.98","76.0","75.27","75.37","0.0"
"SOLUSDT","2026-06","1782766800","75.38","75.8","75.23","75.53","0.0"
"SOLUSDT","2026-06","1782770400","75.52","75.66","75.05","75.27","0.0"
"SOLUSDT","2026-06","1782774000","75.28","75.44","74.89","75.16","0.0"
"SOLUSDT","2026-06","1782777600","75.17","75.24","74.19","74.42","0.0"
"SOLUSDT","2026-06","1782781200","74.43","74.67","74.05","74.41","0.0"
"SOLUSDT","2026-06","1782784800","74.41","74.84","74.04","74.59","0.0"
"SOLUSDT","2026-06","1782788400","74.6","74.89","74.14","74.19","0.0"
"SOLUSDT","2026-06","1782792000","74.19","74.25","73.69","74.02","0.0"
"SOLUSDT","2026-06","1782795600","74.03","74.23","73.85","74.23","0.0"
"SOLUSDT","2026-06","1782799200","74.23","74.26","73.91","74.17","0.0"
"SOLUSDT","2026-06","1782802800","74.17","74.25","73.86","74.16","0.0"
"SOLUSDT","2026-06","1782806400","74.16","75.8","73.3","73.64","0.0"
"SOLUSDT","2026-06","1782810000","73.63","73.88","73.55","73.8","0.0"
"SOLUSDT","2026-06","1782813600","73.8","73.9","73.48","73.69","0.0"
"SOLUSDT","2026-06","1782817200","73.69","73.78","73.34","73.4","0.0"
"SOLUSDT","2026-06","1782820800","73.41","73.42","72.06","72.08","0.0"
"SOLUSDT","2026-06","1782824400","72.08","72.94","71.9","72.88","0.0"
"SOLUSDT","2026-06","1782828000","72.87","73.91","72.74","72.95","0.0"
"SOLUSDT","2026-06","1782831600","72.96","74.1","72.6","73.13","0.0"
"SOLUSDT","2026-06","1782835200","73.14","73.72","72.73","73.52","0.0"
"SOLUSDT","2026-06","1782838800","73.52","73.93","73.16","73.18","0.0"
"SOLUSDT","2026-06","1782842400","73.17","73.8","72.95","73.6","0.0"
"SOLUSDT","2026-06","1782846000","73.6","73.97","73.35","73.75","0.0"
"SOLUSDT","2026-06","1782849600","73.74","73.94","73.53","73.69","0.0"
"SOLUSDT","2026-06","1782853200","73.69","73.8","73.19","73.49","0.0"
"SOLUSDT","2026-06","1782856800","73.5","73.75","73.27","73.43","0.0"
"SOLUSDT","2026-06","1782860400","73.44","73.71","73.32","73.67","0.0"
"SOLUSDT","2026-07","1782864000","73.67","73.88","73.36","73.65","0.0"
"SOLUSDT","2026-07","1782867600","73.65","74.36","72.25","73.95","0.0"
"SOLUSDT","2026-07","1782871200","73.95","75.03","73.79","74.78","0.0"
"SOLUSDT","2026-07","1782874800","74.78","75.69","74.35","75.48","0.0"
"SOLUSDT","2026-07","1782878400","75.48","75.87","75.25","75.57","0.0"
"SOLUSDT","2026-07","1782882000","75.56","75.79","75.14","75.25","0.0"
"SOLUSDT","2026-07","1782885600","75.24","75.28","73.96","74.31","0.0"
"SOLUSDT","2026-07","1782889200","74.32","74.96","74.1","74.87","0.0"
"SOLUSDT","2026-07","1782892800","74.87","75.52","74.46","75.44","0.0"
"SOLUSDT","2026-07","1782896400","75.44","75.58","75.05","75.45","0.0"
"SOLUSDT","2026-07","1782900000","75.46","75.57","74.97","74.99","0.0"
"SOLUSDT","2026-07","1782903600","74.99","75.32","74.64","74.84","0.0"
"SOLUSDT","2026-07","1782907200","74.84","74.96","74.27","74.62","0.0"
"SOLUSDT","2026-07","1782910800","74.61","76.34","74.61","76.04","0.0"
"SOLUSDT","2026-07","1782914400","76.04","77.27","75.64","76.97","0.0"
"SOLUSDT","2026-07","1782918000","76.97","77.8","76.82","77.43","0.0"
"SOLUSDT","2026-07","1782921600","77.43","78.25","76.91","77.17","0.0"
"SOLUSDT","2026-07","1782925200","77.17","77.98","76.85","77.77","0.0"
"SOLUSDT","2026-07","1782928800","77.77","77.91","77.29","77.42","0.0"
"SOLUSDT","2026-07","1782932400","77.42","77.69","76.8","77.0","0.0"
"SOLUSDT","2026-07","1782936000","77.01","77.51","76.59","77.42","0.0"
"SOLUSDT","2026-07","1782939600","77.43","78.7","77.43","78.42","0.0"
"SOLUSDT","2026-07","1782943200","78.41","78.96","77.77","77.87","0.0"
"SOLUSDT","2026-07","1782946800","77.86","77.9","77.26","77.46","0.0"
"SOLUSDT","2026-07","1782950400","77.46","77.46","76.9","77.26","0.0"
"SOLUSDT","2026-07","1782954000","77.27","78.71","77.23","78.2","0.0"
"SOLUSDT","2026-07","1782957600","78.2","78.6","77.8","78.44","0.0"
"SOLUSDT","2026-07","1782961200","78.44","78.96","77.76","78.72","0.0"
"SOLUSDT","2026-07","1782964800","78.71","78.72","78.06","78.29","0.0"
"SOLUSDT","2026-07","1782968400","78.28","78.36","77.79","78.11","0.0"
"SOLUSDT","2026-07","1782972000","78.11","78.64","77.74","77.9","0.0"
"SOLUSDT","2026-07","1782975600","77.91","78.2","77.59","77.99","0.0"
"SOLUSDT","2026-07","1782979200","78.0","78.52","77.94","78.48","0.0"
"SOLUSDT","2026-07","1782982800","78.48","79.8","78.29","79.5","0.0"
"SOLUSDT","2026-07","1782986400","79.49","82.18","79.43","82.09","0.0"
"SOLUSDT","2026-07","1782990000","82.09","82.78","81.51","82.38","0.0"
"SOLUSDT","2026-07","1782993600","82.37","82.45","81.12","81.41","0.0"
"SOLUSDT","2026-07","1782997200","81.4","81.99","80.72","81.51","0.0"
"SOLUSDT","2026-07","1783000800","81.5","81.53","80.12","80.54","0.0"
"SOLUSDT","2026-07","1783004400","80.54","80.92","80.09","80.86","0.0"
"SOLUSDT","2026-07","1783008000","80.87","81.11","80.15","80.56","0.0"
"SOLUSDT","2026-07","1783011600","80.55","81.24","80.51","80.63","0.0"
"SOLUSDT","2026-07","1783015200","80.64","81.26","80.64","81.04","0.0"
"SOLUSDT","2026-07","1783018800","81.04","81.32","80.8","80.83","0.0"
"SOLUSDT","2026-07","1783022400","80.84","81.11","80.58","81.03","0.0"
"SOLUSDT","2026-07","1783026000","81.03","81.17","80.5","80.8","0.0"
"SOLUSDT","2026-07","1783029600","80.79","80.89","80.41","80.66","0.0"
"SOLUSDT","2026-07","1783033200","80.66","80.78","80.5","80.73","0.0"
"SOLUSDT","2026-07","1783036800","80.72","80.92","80.52","80.75","0.0"
"SOLUSDT","2026-07","1783040400","80.74","81.69","80.71","81.48","0.0"
"SOLUSDT","2026-07","1783044000","81.49","81.68","80.66","80.82","0.0"
"SOLUSDT","2026-07","1783047600","80.81","80.98","80.34","80.73","0.0"
"SOLUSDT","2026-07","1783051200","80.72","80.81","80.44","80.51","0.0"
"SOLUSDT","2026-07","1783054800","80.5","81.26","80.47","81.15","0.0"
"SOLUSDT","2026-07","1783058400","81.16","81.39","80.73","80.96","0.0"
"SOLUSDT","2026-07","1783062000","80.97","81.51","80.83","81.22","0.0"
"SOLUSDT","2026-07","1783065600","81.23","81.53","80.84","80.92","0.0"
"SOLUSDT","2026-07","1783069200","80.91","81.3","80.67","81.02","0.0"
"SOLUSDT","2026-07","1783072800","81.02","81.88","80.87","81.54","0.0"
"SOLUSDT","2026-07","1783076400","81.55","81.71","81.25","81.58","0.0"
"SOLUSDT","2026-07","1783080000","81.57","81.78","81.23","81.53","0.0"
"SOLUSDT","2026-07","1783083600","81.54","81.85","81.43","81.61","0.0"
"SOLUSDT","2026-07","1783087200","81.61","81.84","80.91","81.69","0.0"
"SOLUSDT","2026-07","1783090800","81.69","82.06","81.15","81.21","0.0"
"SOLUSDT","2026-07","1783094400","81.21","81.57","81.08","81.54","0.0"
"SOLUSDT","2026-07","1783098000","81.54","81.98","81.47","81.78","0.0"
"SOLUSDT","2026-07","1783101600","81.79","82.37","81.63","82.12","0.0"
"SOLUSDT","2026-07","1783105200","82.12","83.22","82.08","82.48","0.0"
"SOLUSDT","2026-07","1783108800","82.47","83.0","82.24","82.72","0.0"
"SOLUSDT","2026-07","1783112400","82.72","83.05","82.16","82.66","0.0"
"SOLUSDT","2026-07","1783116000","82.67","82.68","82.25","82.34","0.0"
"SOLUSDT","2026-07","1783119600","82.35","82.51","82.18","82.34","0.0"
"SOLUSDT","2026-07","1783123200","82.35","82.74","82.26","82.39","0.0"
"SOLUSDT","2026-07","1783126800","82.39","82.39","81.8","81.95","0.0"
"SOLUSDT","2026-07","1783130400","81.94","82.4","81.9","82.18","0.0"
"SOLUSDT","2026-07","1783134000","82.18","82.85","82.05","82.74","0.0"
"SOLUSDT","2026-07","1783137600","82.74","83.98","82.66","83.48","0.0"
"SOLUSDT","2026-07","1783141200","83.47","83.49","82.9","83.38","0.0"
"SOLUSDT","2026-07","1783144800","83.38","83.59","82.39","82.55","0.0"
"SOLUSDT","2026-07","1783148400","82.55","82.83","82.26","82.72","0.0"
"SOLUSDT","2026-07","1783152000","82.72","82.78","82.25","82.32","0.0"
"SOLUSDT","2026-07","1783155600","82.31","82.34","81.61","81.74","0.0"
"SOLUSDT","2026-07","1783159200","81.74","81.94","81.42","81.65","0.0"
"SOLUSDT","2026-07","1783162800","81.64","81.93","81.53","81.82","0.0"
"SOLUSDT","2026-07","1783166400","81.82","82.0","81.36","81.59","0.0"
"SOLUSDT","2026-07","1783170000","81.59","81.92","81.39","81.66","0.0"
"SOLUSDT","2026-07","1783173600","81.65","81.87","81.55","81.8","0.0"
"SOLUSDT","2026-07","1783177200","81.8","82.42","81.72","82.23","0.0"
"SOLUSDT","2026-07","1783180800","82.24","82.39","82.0","82.22","0.0"
"SOLUSDT","2026-07","1783184400","82.21","82.83","81.9","82.52","0.0"
"SOLUSDT","2026-07","1783188000","82.53","82.62","82.1","82.27","0.0"
"SOLUSDT","2026-07","1783191600","82.27","82.34","81.71","81.88","0.0"
"SOLUSDT","2026-07","1783195200","81.88","82.29","81.58","81.98","0.0"
"SOLUSDT","2026-07","1783198800","81.99","82.23","81.85","82.0","0.0"
"SOLUSDT","2026-07","1783202400","81.99","82.04","81.79","81.94","0.0"
"SOLUSDT","2026-07","1783206000","81.93","81.94","81.45","81.8","0.0"
"SOLUSDT","2026-07","1783209600","81.8","81.84","81.12","81.3","0.0"
"SOLUSDT","2026-07","1783213200","81.31","81.46","80.54","80.84","0.0"
"SOLUSDT","2026-07","1783216800","80.85","80.89","80.2","80.36","0.0"
"SOLUSDT","2026-07","1783220400","80.37","80.61","80.35","80.56","0.0"
"SOLUSDT","2026-07","1783224000","80.56","80.87","80.41","80.6","0.0"
"SOLUSDT","2026-07","1783227600","80.59","80.59","80.24","80.48","0.0"
"SOLUSDT","2026-07","1783231200","80.48","80.67","80.34","80.6","0.0"
"SOLUSDT","2026-07","1783234800","80.6","80.77","80.37","80.72","0.0"
"SOLUSDT","2026-07","1783238400","80.72","80.87","80.46","80.5","0.0"
"SOLUSDT","2026-07","1783242000","80.5","80.55","79.68","79.9","0.0"
"SOLUSDT","2026-07","1783245600","79.9","80.45","79.75","80.44","0.0"
"SOLUSDT","2026-07","1783249200","80.44","80.66","80.36","80.57","0.0"
"SOLUSDT","2026-07","1783252800","80.57","81.32","80.37","80.76","0.0"
"SOLUSDT","2026-07","1783256400","80.76","81.25","80.69","81.25","0.0"
"SOLUSDT","2026-07","1783260000","81.25","81.6","81.03","81.46","0.0"
"SOLUSDT","2026-07","1783263600","81.45","81.75","81.12","81.36","0.0"
"SOLUSDT","2026-07","1783267200","81.36","81.54","80.91","81.1","0.0"
"SOLUSDT","2026-07","1783270800","81.09","81.38","81.01","81.14","0.0"
"SOLUSDT","2026-07","1783274400","81.14","81.27","81.0","81.01","0.0"
"SOLUSDT","2026-07","1783278000","81.01","81.13","80.81","81.04","0.0"
"SOLUSDT","2026-07","1783281600","81.04","81.18","80.96","81.07","0.0"
"SOLUSDT","2026-07","1783285200","81.08","82.22","80.79","81.8","0.0"
"SOLUSDT","2026-07","1783288800","81.8","82.43","81.65","81.82","0.0"
"SOLUSDT","2026-07","1783292400","81.82","82.08","81.44","81.59","0.0"
"SOLUSDT","2026-07","1783296000","81.59","82.24","81.11","82.2","0.0"
"SOLUSDT","2026-07","1783299600","82.2","82.33","81.48","81.55","0.0"
"SOLUSDT","2026-07","1783303200","81.54","81.68","80.82","81.01","0.0"
"SOLUSDT","2026-07","1783306800","81.01","81.05","80.45","80.8","0.0"
"SOLUSDT","2026-07","1783310400","80.8","81.02","80.7","80.82","0.0"
"SOLUSDT","2026-07","1783314000","80.81","80.82","80.15","80.42","0.0"
"SOLUSDT","2026-07","1783317600","80.42","80.53","80.26","80.35","0.0"
"SOLUSDT","2026-07","1783321200","80.36","81.02","80.27","80.82","0.0"
"SOLUSDT","2026-07","1783324800","80.83","81.08","80.3","80.49","0.0"
"SOLUSDT","2026-07","1783328400","80.49","80.5","80.06","80.08","0.0"
"SOLUSDT","2026-07","1783332000","80.07","80.71","80.06","80.67","0.0"
"SOLUSDT","2026-07","1783335600","80.66","81.0","80.38","80.39","0.0"
"SOLUSDT","2026-07","1783339200","80.39","80.64","79.27","79.46","0.0"
"SOLUSDT","2026-07","1783342800","79.46","80.91","79.23","80.16","0.0"
"SOLUSDT","2026-07","1783346400","80.17","80.79","79.86","80.29","0.0"
"SOLUSDT","2026-07","1783350000","80.3","81.54","80.29","81.5","0.0"
"SOLUSDT","2026-07","1783353600","81.5","82.4","81.29","82.1","0.0"
"SOLUSDT","2026-07","1783357200","82.1","82.19","81.45","81.65","0.0"
"SOLUSDT","2026-07","1783360800","81.64","82.3","81.31","81.99","0.0"
"SOLUSDT","2026-07","1783364400","81.99","82.18","81.81","82.07","0.0"
"SOLUSDT","2026-07","1783368000","82.08","82.25","81.68","82.1","0.0"
"SOLUSDT","2026-07","1783371600","82.1","83.74","82.06","82.82","0.0"
"SOLUSDT","2026-07","1783375200","82.83","82.88","82.25","82.32","0.0"
"SOLUSDT","2026-07","1783378800","82.33","82.43","81.91","81.94","0.0"
"SOLUSDT","2026-07","1783382400","81.94","82.5","81.82","82.36","0.0"
"SOLUSDT","2026-07","1783386000","82.36","82.37","81.81","81.9","0.0"
"SOLUSDT","2026-07","1783389600","81.9","81.99","81.29","81.35","0.0"
"SOLUSDT","2026-07","1783393200","81.36","81.48","80.97","81.05","0.0"
"SOLUSDT","2026-07","1783396800","81.05","81.1","80.65","80.92","0.0"
"SOLUSDT","2026-07","1783400400","80.91","81.22","80.46","81.11","0.0"
"SOLUSDT","2026-07","1783404000","81.11","81.64","80.81","81.54","0.0"
"SOLUSDT","2026-07","1783407600","81.55","81.76","81.35","81.5","0.0"
"SOLUSDT","2026-07","1783411200","81.51","81.6","81.21","81.28","0.0"
"SOLUSDT","2026-07","1783414800","81.28","81.49","81.14","81.31","0.0"
"SOLUSDT","2026-07","1783418400","81.31","81.59","80.93","80.99","0.0"
"SOLUSDT","2026-07","1783422000","80.99","81.4","80.76","81.32","0.0"
"SOLUSDT","2026-07","1783425600","81.32","82.0","81.3","81.45","0.0"
"SOLUSDT","2026-07","1783429200","81.45","81.62","80.66","80.84","0.0"
"SOLUSDT","2026-07","1783432800","80.85","81.92","80.51","81.81","0.0"
"SOLUSDT","2026-07","1783436400","81.81","82.36","81.5","82.11","0.0"
"SOLUSDT","2026-07","1783440000","82.11","82.57","81.82","82.22","0.0"
"SOLUSDT","2026-07","1783443600","82.21","82.79","82.09","82.72","0.0"
"SOLUSDT","2026-07","1783447200","82.73","82.73","81.24","81.3","0.0"
"SOLUSDT","2026-07","1783450800","81.3","81.56","80.78","81.37","0.0"
"SOLUSDT","2026-07","1783454400","81.38","81.49","81.01","81.17","0.0"
"SOLUSDT","2026-07","1783458000","81.17","81.42","80.57","80.84","0.0"
"SOLUSDT","2026-07","1783461600","80.83","81.1","80.34","80.88","0.0"
"SOLUSDT","2026-07","1783465200","80.87","81.15","80.51","80.58","0.0"
"SOLUSDT","2026-07","1783468800","80.58","80.78","80.35","80.37","0.0"
"SOLUSDT","2026-07","1783472400","80.37","80.42","78.82","79.1","0.0"
"SOLUSDT","2026-07","1783476000","79.09","79.18","78.22","79.06","0.0"
"SOLUSDT","2026-07","1783479600","79.07","79.34","78.62","78.73","0.0"
"SOLUSDT","2026-07","1783483200","78.73","78.93","78.35","78.64","0.0"
"SOLUSDT","2026-07","1783486800","78.65","78.82","78.35","78.42","0.0"
"SOLUSDT","2026-07","1783490400","78.43","78.46","77.95","78.23","0.0"
"SOLUSDT","2026-07","1783494000","78.23","78.34","77.8","78.28","0.0"
"SOLUSDT","2026-07","1783497600","78.29","78.43","76.9","77.25","0.0"
"SOLUSDT","2026-07","1783501200","77.26","77.49","77.01","77.19","0.0"
"SOLUSDT","2026-07","1783504800","77.19","77.5","76.94","77.33","0.0"
"SOLUSDT","2026-07","1783508400","77.33","77.71","77.08","77.56","0.0"
"SOLUSDT","2026-07","1783512000","77.56","77.66","77.02","77.03","0.0"
"SOLUSDT","2026-07","1783515600","77.03","77.47","76.64","77.31","0.0"
"SOLUSDT","2026-07","1783519200","77.3","77.42","76.71","77.11","0.0"
"SOLUSDT","2026-07","1783522800","77.11","77.15","76.29","76.75","0.0"
"SOLUSDT","2026-07","1783526400","76.76","77.36","76.76","77.29","0.0"
"SOLUSDT","2026-07","1783530000","77.29","77.68","77.04","77.13","0.0"
"SOLUSDT","2026-07","1783533600","77.13","77.36","76.82","77.14","0.0"
"SOLUSDT","2026-07","1783537200","77.15","77.49","76.95","77.42","0.0"
"SOLUSDT","2026-07","1783540800","77.42","77.57","77.05","77.17","0.0"
"SOLUSDT","2026-07","1783544400","77.18","77.35","76.93","77.26","0.0"
"SOLUSDT","2026-07","1783548000","77.26","77.59","77.18","77.55","0.0"
"SOLUSDT","2026-07","1783551600","77.54","77.95","77.43","77.83","0.0"
"SOLUSDT","2026-07","1783555200","77.83","77.9","77.52","77.71","0.0"
"SOLUSDT","2026-07","1783558800","77.72","78.78","77.25","77.35","0.0"
"SOLUSDT","2026-07","1783562400","77.35","77.84","76.98","77.07","0.0"
"SOLUSDT","2026-07","1783566000","77.06","77.41","76.71","77.38","0.0"
"SOLUSDT","2026-07","1783569600","77.39","78.04","77.22","77.99","0.0"
"SOLUSDT","2026-07","1783573200","77.98","78.4","77.74","78.4","0.0"
"SOLUSDT","2026-07","1783576800","78.4","78.62","78.11","78.49","0.0"
"SOLUSDT","2026-07","1783580400","78.5","78.83","78.14","78.21","0.0"
"SOLUSDT","2026-07","1783584000","78.22","78.41","77.96","78.11","0.0"
"SOLUSDT","2026-07","1783587600","78.11","78.18","77.86","78.14","0.0"
"SOLUSDT","2026-07","1783591200","78.13","78.22","77.52","77.68","0.0"
"SOLUSDT","2026-07","1783594800","77.69","77.78","77.32","77.61","0.0"
"SOLUSDT","2026-07","1783598400","77.61","78.21","77.41","77.64","0.0"
"SOLUSDT","2026-07","1783602000","77.64","78.49","77.35","78.22","0.0"
"SOLUSDT","2026-07","1783605600","78.22","78.35","77.58","77.88","0.0"
"SOLUSDT","2026-07","1783609200","77.88","78.2","77.51","77.63","0.0"
"SOLUSDT","2026-07","1783612800","77.63","77.81","77.26","77.69","0.0"
"SOLUSDT","2026-07","1783616400","77.69","78.16","77.63","78.06","0.0"
"SOLUSDT","2026-07","1783620000","78.06","78.43","78.0","78.19","0.0"
"SOLUSDT","2026-07","1783623600","78.2","78.32","77.91","78.15","0.0"
"SOLUSDT","2026-07","1783627200","78.16","78.32","77.98","78.15","0.0"
"SOLUSDT","2026-07","1783630800","78.16","78.29","77.9","78.04","0.0"
"SOLUSDT","2026-07","1783634400","78.05","78.29","77.99","78.11","0.0"
"SOLUSDT","2026-07","1783638000","78.11","78.21","77.74","78.04","0.0"
"SOLUSDT","2026-07","1783641600","78.05","78.16","77.79","78.12","0.0"
"SOLUSDT","2026-07","1783645200","78.12","79.45","77.94","79.05","0.0"
"SOLUSDT","2026-07","1783648800","79.06","79.16","78.83","79.05","0.0"
"SOLUSDT","2026-07","1783652400","79.05","79.13","78.73","79.07","0.0"
"SOLUSDT","2026-07","1783656000","79.07","79.11","78.84","78.97","0.0"
"SOLUSDT","2026-07","1783659600","78.97","79.37","78.87","79.18","0.0"
"SOLUSDT","2026-07","1783663200","79.18","79.24","78.86","78.92","0.0"
"SOLUSDT","2026-07","1783666800","78.92","79.08","78.75","78.87","0.0"
"SOLUSDT","2026-07","1783670400","78.87","79.42","78.81","79.2","0.0"
"SOLUSDT","2026-07","1783674000","79.19","79.38","78.95","79.22","0.0"
"SOLUSDT","2026-07","1783677600","79.23","79.68","79.15","79.39","0.0"
"SOLUSDT","2026-07","1783681200","79.4","79.52","79.18","79.36","0.0"
"SOLUSDT","2026-07","1783684800","79.37","79.56","78.9","78.92","0.0"
"SOLUSDT","2026-07","1783688400","78.92","79.35","78.77","78.99","0.0"
"SOLUSDT","2026-07","1783692000","78.98","78.98","77.07","77.91","0.0"
"SOLUSDT","2026-07","1783695600","77.9","78.36","77.78","78.14","0.0"
"SOLUSDT","2026-07","1783699200","78.15","78.26","77.66","78.14","0.0"
"SOLUSDT","2026-07","1783702800","78.14","78.17","77.58","77.59","0.0"
"SOLUSDT","2026-07","1783706400","77.58","77.91","77.33","77.53","0.0"
"SOLUSDT","2026-07","1783710000","77.52","78.05","77.45","77.89","0.0"
"SOLUSDT","2026-07","1783713600","77.9","77.99","77.71","77.76","0.0"
"SOLUSDT","2026-07","1783717200","77.75","78.11","77.73","78.0","0.0"
"SOLUSDT","2026-07","1783720800","78.0","78.25","77.94","78.17","0.0"
"SOLUSDT","2026-07","1783724400","78.17","78.18","77.93","78.13","0.0"
"SOLUSDT","2026-07","1783728000","78.14","78.14","77.79","77.85","0.0"
"SOLUSDT","2026-07","1783731600","77.85","78.07","77.47","77.54","0.0"
"SOLUSDT","2026-07","1783735200","77.54","77.83","77.49","77.78","0.0"
"SOLUSDT","2026-07","1783738800","77.78","77.88","77.6","77.79","0.0"
"SOLUSDT","2026-07","1783742400","77.8","77.86","77.65","77.74","0.0"
"SOLUSDT","2026-07","1783746000","77.74","77.98","77.6","77.9","0.0"
"SOLUSDT","2026-07","1783749600","77.91","78.12","77.79","78.06","0.0"
"SOLUSDT","2026-07","1783753200","78.07","78.11","77.93","78.0","0.0"
"SOLUSDT","2026-07","1783756800","77.99","78.18","77.95","78.17","0.0"
"SOLUSDT","2026-07","1783760400","78.16","78.34","77.83","77.84","0.0"
"SOLUSDT","2026-07","1783764000","77.84","78.11","77.75","78.05","0.0"
"SOLUSDT","2026-07","1783767600","78.05","78.15","77.99","78.13","0.0"
"SOLUSDT","2026-07","1783771200","78.13","78.21","77.95","78.08","0.0"
"SOLUSDT","2026-07","1783774800","78.09","78.45","78.03","78.18","0.0"
"SOLUSDT","2026-07","1783778400","78.17","78.74","78.17","78.5","0.0"
"SOLUSDT","2026-07","1783782000","78.5","78.88","77.97","78.38","0.0"
"SOLUSDT","2026-07","1783785600","78.39","78.4","77.63","77.94","0.0"
"SOLUSDT","2026-07","1783789200","77.93","78.19","77.82","78.09","0.0"
"SOLUSDT","2026-07","1783792800","78.08","78.31","78.0","78.08","0.0"
"SOLUSDT","2026-07","1783796400","78.08","78.15","77.88","78.15","0.0"
"SOLUSDT","2026-07","1783800000","78.15","78.28","78.11","78.17","0.0"
"SOLUSDT","2026-07","1783803600","78.17","78.32","78.13","78.23","0.0"
"SOLUSDT","2026-07","1783807200","78.23","78.27","77.75","77.89","0.0"
"SOLUSDT","2026-07","1783810800","77.89","77.93","76.77","76.79","0.0"
"SOLUSDT","2026-07","1783814400","76.79","76.88","75.65","76.11","0.0"
"SOLUSDT","2026-07","1783818000","76.1","76.88","76.04","76.84","0.0"
"SOLUSDT","2026-07","1783821600","76.83","76.92","76.63","76.86","0.0"
"SOLUSDT","2026-07","1783825200","76.86","77.09","76.75","77.04","0.0"
"SOLUSDT","2026-07","1783828800","77.05","77.08","76.61","76.71","0.0"
"SOLUSDT","2026-07","1783832400","76.71","76.83","76.38","76.44","0.0"
"SOLUSDT","2026-07","1783836000","76.44","76.44","75.85","76.37","0.0"
"SOLUSDT","2026-07","1783839600","76.37","76.71","76.31","76.51","0.0"
"SOLUSDT","2026-07","1783843200","76.52","76.83","76.47","76.7","0.0"
"SOLUSDT","2026-07","1783846800","76.71","76.91","76.39","76.75","0.0"
"SOLUSDT","2026-07","1783850400","76.76","76.85","76.66","76.71","0.0"
"SOLUSDT","2026-07","1783854000","76.72","77.28","76.53","76.95","0.0"
"SOLUSDT","2026-07","1783857600","76.94","77.24","76.78","77.19","0.0"
"SOLUSDT","2026-07","1783861200","77.19","77.49","77.13","77.15","0.0"
"SOLUSDT","2026-07","1783864800","77.16","77.71","76.97","77.55","0.0"
"SOLUSDT","2026-07","1783868400","77.55","77.62","77.28","77.46","0.0"
"SOLUSDT","2026-07","1783872000","77.47","77.67","77.38","77.54","0.0"
"SOLUSDT","2026-07","1783875600","77.55","77.61","77.23","77.35","0.0"
"SOLUSDT","2026-07","1783879200","77.35","77.65","77.24","77.57","0.0"
"SOLUSDT","2026-07","1783882800","77.58","77.78","77.44","77.68","0.0"
"SOLUSDT","2026-07","1783886400","77.67","77.71","77.44","77.46","0.0"
"SOLUSDT","2026-07","1783890000","77.46","77.7","76.97","77.1","0.0"
"SOLUSDT","2026-07","1783893600","77.1","77.1","76.46","76.77","0.0"
"SOLUSDT","2026-07","1783897200","76.77","76.95","76.65","76.92","0.0"
"SOLUSDT","2026-07","1783900800","76.92","78.2","76.82","77.52","0.0"
"SOLUSDT","2026-07","1783904400","77.52","77.66","76.29","76.32","0.0"
"SOLUSDT","2026-07","1783908000","76.32","76.67","76.13","76.48","0.0"
"SOLUSDT","2026-07","1783911600","76.48","76.5","75.43","75.86","0.0"
"SOLUSDT","2026-07","1783915200","75.87","76.17","75.72","75.92","0.0"
"SOLUSDT","2026-07","1783918800","75.93","76.47","75.74","76.4","0.0"
"SOLUSDT","2026-07","1783922400","76.4","76.59","76.28","76.34","0.0"
"SOLUSDT","2026-07","1783926000","76.34","76.69","76.23","76.44","0.0"
"SOLUSDT","2026-07","1783929600","76.45","76.9","76.36","76.73","0.0"
"SOLUSDT","2026-07","1783933200","76.74","76.75","76.6","76.62","0.0"
"SOLUSDT","2026-07","1783936800","76.63","76.63","76.1","76.29","0.0"
"SOLUSDT","2026-07","1783940400","76.29","76.59","76.28","76.34","0.0"
"SOLUSDT","2026-07","1783944000","76.35","76.41","75.74","75.85","0.0"
"SOLUSDT","2026-07","1783947600","75.85","75.95","75.11","75.4","0.0"
"SOLUSDT","2026-07","1783951200","75.4","76.18","75.34","76.16","0.0"
"SOLUSDT","2026-07","1783954800","76.16","76.31","75.75","75.81","0.0"
"SOLUSDT","2026-07","1783958400","75.82","76.04","75.2","75.3","0.0"
"SOLUSDT","2026-07","1783962000","75.3","75.47","74.52","74.59","0.0"
"SOLUSDT","2026-07","1783965600","74.6","75.04","74.57","74.86","0.0"
"SOLUSDT","2026-07","1783969200","74.87","75.25","74.75","75.2","0.0"
"SOLUSDT","2026-07","1783972800","75.19","75.35","74.59","74.8","0.0"
"SOLUSDT","2026-07","1783976400","74.81","74.81","74.1","74.42","0.0"
"SOLUSDT","2026-07","1783980000","74.41","74.75","74.4","74.52","0.0"
"SOLUSDT","2026-07","1783983600","74.52","75.02","74.41","75.01","0.0"
"SOLUSDT","2026-07","1783987200","75.02","75.49","74.83","75.45","0.0"
"SOLUSDT","2026-07","1783990800","75.45","75.56","75.22","75.3","0.0"
"SOLUSDT","2026-07","1783994400","75.31","75.33","74.87","75.08","0.0"
"SOLUSDT","2026-07","1783998000","75.08","75.17","74.56","75.15","0.0"
"SOLUSDT","2026-07","1784001600","75.15","75.34","75.04","75.15","0.0"
"SOLUSDT","2026-07","1784005200","75.16","75.48","75.1","75.42","0.0"
"SOLUSDT","2026-07","1784008800","75.41","75.44","75.1","75.16","0.0"
"SOLUSDT","2026-07","1784012400","75.16","75.26","74.91","74.97","0.0"
"SOLUSDT","2026-07","1784016000","74.98","75.39","74.85","75.16","0.0"
"SOLUSDT","2026-07","1784019600","75.16","75.31","74.88","75.08","0.0"
"SOLUSDT","2026-07","1784023200","75.08","75.6","74.96","75.47","0.0"
"SOLUSDT","2026-07","1784026800","75.48","75.62","75.34","75.4","0.0"
"SOLUSDT","2026-07","1784030400","75.4","76.98","75.19","76.86","0.0"
"SOLUSDT","2026-07","1784034000","76.86","77.73","76.5","76.94","0.0"
"SOLUSDT","2026-07","1784037600","76.94","77.5","76.68","77.35","0.0"
"SOLUSDT","2026-07","1784041200","77.35","77.95","77.18","77.38","0.0"
"SOLUSDT","2026-07","1784044800","77.39","77.65","77.12","77.28","0.0"
"SOLUSDT","2026-07","1784048400","77.29","77.3","76.81","77.18","0.0"
"SOLUSDT","2026-07","1784052000","77.18","77.34","77.0","77.29","0.0"
"SOLUSDT","2026-07","1784055600","77.3","77.53","77.11","77.17","0.0"
"SOLUSDT","2026-07","1784059200","77.18","77.22","76.93","77.18","0.0"
"SOLUSDT","2026-07","1784062800","77.18","77.41","77.13","77.21","0.0"
"SOLUSDT","2026-07","1784066400","77.22","77.95","77.1","77.62","0.0"
"SOLUSDT","2026-07","1784070000","77.63","77.92","77.55","77.87","0.0"
"SOLUSDT","2026-07","1784073600","77.87","77.92","77.47","77.66","0.0"
"SOLUSDT","2026-07","1784077200","77.67","77.82","77.28","77.44","0.0"
"SOLUSDT","2026-07","1784080800","77.43","77.59","77.03","77.29","0.0"
"SOLUSDT","2026-07","1784084400","77.3","77.9","77.23","77.78","0.0"
"SOLUSDT","2026-07","1784088000","77.78","78.18","77.54","78.02","0.0"
"SOLUSDT","2026-07","1784091600","78.02","78.33","77.65","78.26","0.0"
"SOLUSDT","2026-07","1784095200","78.26","78.7","77.94","77.94","0.0"
"SOLUSDT","2026-07","1784098800","77.95","78.01","77.4","77.42","0.0"
"SOLUSDT","2026-07","1784102400","77.42","77.62","77.23","77.58","0.0"
"SOLUSDT","2026-07","1784106000","77.57","77.91","77.43","77.49","0.0"
"SOLUSDT","2026-07","1784109600","77.49","77.71","77.23","77.37","0.0"
"SOLUSDT","2026-07","1784113200","77.37","77.53","77.34","77.52","0.0"
"SOLUSDT","2026-07","1784116800","77.53","78.31","77.26","78.28","0.0"
"SOLUSDT","2026-07","1784120400","78.28","79.04","77.71","78.11","0.0"
"SOLUSDT","2026-07","1784124000","78.11","78.39","77.78","78.22","0.0"
"SOLUSDT","2026-07","1784127600","78.22","78.25","77.76","78.07","0.0"
"SOLUSDT","2026-07","1784131200","78.06","78.12","77.07","77.63","0.0"
"SOLUSDT","2026-07","1784134800","77.63","78.05","77.5","77.82","0.0"
"SOLUSDT","2026-07","1784138400","77.82","78.09","77.51","77.58","0.0"
"SOLUSDT","2026-07","1784142000","77.59","77.69","76.94","77.18","0.0"
"SOLUSDT","2026-07","1784145600","77.18","77.54","77.1","77.38","0.0"
"SOLUSDT","2026-07","1784149200","77.38","77.52","77.24","77.41","0.0"
"SOLUSDT","2026-07","1784152800","77.41","77.74","77.3","77.48","0.0"
"SOLUSDT","2026-07","1784156400","77.48","77.61","77.21","77.29","0.0"
"SOLUSDT","2026-07","1784160000","77.28","77.48","76.7","76.95","0.0"
"SOLUSDT","2026-07","1784163600","76.94","77.15","76.7","77.09","0.0"
"SOLUSDT","2026-07","1784167200","77.09","77.15","76.86","77.13","0.0"
"SOLUSDT","2026-07","1784170800","77.13","77.28","76.81","76.95","0.0"
"SOLUSDT","2026-07","1784174400","76.95","77.02","76.59","76.81","0.0"
"SOLUSDT","2026-07","1784178000","76.82","77.52","76.74","77.48","0.0"
"SOLUSDT","2026-07","1784181600","77.49","77.64","77.12","77.35","0.0"
"SOLUSDT","2026-07","1784185200","77.35","77.35","76.14","76.41","0.0"
"SOLUSDT","2026-07","1784188800","76.42","76.48","75.64","76.16","0.0"
"SOLUSDT","2026-07","1784192400","76.16","76.26","75.99","76.02","0.0"
"SOLUSDT","2026-07","1784196000","76.03","76.35","76.01","76.21","0.0"
"SOLUSDT","2026-07","1784199600","76.21","76.29","76.04","76.28","0.0"
"SOLUSDT","2026-07","1784203200","76.27","76.29","75.69","75.93","0.0"
"SOLUSDT","2026-07","1784206800","75.92","76.63","75.91","76.36","0.0"
"SOLUSDT","2026-07","1784210400","76.36","76.8","76.19","76.49","0.0"
"SOLUSDT","2026-07","1784214000","76.5","76.86","76.0","76.63","0.0"
"SOLUSDT","2026-07","1784217600","76.63","76.63","76.1","76.27","0.0"
"SOLUSDT","2026-07","1784221200","76.27","76.27","75.39","75.61","0.0"
"SOLUSDT","2026-07","1784224800","75.62","75.92","75.43","75.74","0.0"
"SOLUSDT","2026-07","1784228400","75.73","75.94","75.62","75.81","0.0"
"SOLUSDT","2026-07","1784232000","75.8","75.9","75.7","75.8","0.0"
"SOLUSDT","2026-07","1784235600","75.79","76.08","75.77","75.94","0.0"
"SOLUSDT","2026-07","1784239200","75.95","76.04","75.24","75.32","0.0"
"SOLUSDT","2026-07","1784242800","75.32","75.42","75.01","75.32","0.0"
"SOLUSDT","2026-07","1784246400","75.33","75.56","74.92","75.55","0.0"
"SOLUSDT","2026-07","1784250000","75.56","75.75","74.98","75.1","0.0"
"SOLUSDT","2026-07","1784253600","75.09","75.28","74.75","75.0","0.0"
"SOLUSDT","2026-07","1784257200","75.0","75.45","74.99","75.23","0.0"
"SOLUSDT","2026-07","1784260800","75.23","75.34","74.75","75.24","0.0"
"SOLUSDT","2026-07","1784264400","75.23","75.23","74.29","74.4","0.0"
"SOLUSDT","2026-07","1784268000","74.39","74.77","74.31","74.6","0.0"
"SOLUSDT","2026-07","1784271600","74.6","74.76","74.42","74.61","0.0"
"SOLUSDT","2026-07","1784275200","74.62","74.69","74.2","74.53","0.0"
"SOLUSDT","2026-07","1784278800","74.53","74.82","74.47","74.65","0.0"
"SOLUSDT","2026-07","1784282400","74.66","74.88","74.63","74.8","0.0"
"SOLUSDT","2026-07","1784286000","74.8","75.0","74.64","74.86","0.0"
"SOLUSDT","2026-07","1784289600","74.86","74.88","74.37","74.4","0.0"
"SOLUSDT","2026-07","1784293200","74.4","74.4","73.39","74.33","0.0"
"SOLUSDT","2026-07","1784296800","74.34","74.81","74.09","74.32","0.0"
"SOLUSDT","2026-07","1784300400","74.32","74.78","73.8","74.77","0.0"
"SOLUSDT","2026-07","1784304000","74.78","75.12","74.61","74.94","0.0"
"SOLUSDT","2026-07","1784307600","74.95","75.6","74.95","75.24","0.0"
"SOLUSDT","2026-07","1784311200","75.24","75.41","74.98","75.32","0.0"
"SOLUSDT","2026-07","1784314800","75.32","75.37","74.86","75.2","0.0"
"SOLUSDT","2026-07","1784318400","75.2","75.21","74.89","75.11","0.0"
"SOLUSDT","2026-07","1784322000","75.11","75.24","74.96","75.01","0.0"
"SOLUSDT","2026-07","1784325600","75.01","75.13","74.84","75.02","0.0"
"SOLUSDT","2026-07","1784329200","75.03","75.14","74.85","75.04","0.0"
"SOLUSDT","2026-07","1784332800","75.04","75.27","74.99","75.09","0.0"
"SOLUSDT","2026-07","1784336400","75.1","75.24","75.04","75.23","0.0"
"SOLUSDT","2026-07","1784340000","75.23","75.45","75.15","75.21","0.0"
"SOLUSDT","2026-07","1784343600","75.21","75.38","75.14","75.38","0.0"
"SOLUSDT","2026-07","1784347200","75.37","75.39","75.05","75.1","0.0"
"SOLUSDT","2026-07","1784350800","75.11","75.12","74.87","74.92","0.0"
"SOLUSDT","2026-07","1784354400","74.93","75.09","74.92","74.98","0.0"
"SOLUSDT","2026-07","1784358000","74.98","75.05","74.9","74.97","0.0"
"SOLUSDT","2026-07","1784361600","74.97","75.04","74.79","74.96","0.0"
"SOLUSDT","2026-07","1784365200","74.96","75.01","74.66","74.85","0.0"
"SOLUSDT","2026-07","1784368800","74.84","74.95","74.8","74.91","0.0"
"SOLUSDT","2026-07","1784372400","74.91","75.02","74.89","74.97","0.0"
"SOLUSDT","2026-07","1784376000","74.96","75.19","74.72","75.01","0.0"
"SOLUSDT","2026-07","1784379600","75.0","75.01","74.5","74.73","0.0"
"SOLUSDT","2026-07","1784383200","74.73","75.01","74.65","74.98","0.0"
"SOLUSDT","2026-07","1784386800","74.99","75.04","74.81","74.97","0.0"
"SOLUSDT","2026-07","1784390400","74.96","75.29","74.84","75.17","0.0"
"SOLUSDT","2026-07","1784394000","75.17","75.41","75.06","75.35","0.0"
"SOLUSDT","2026-07","1784397600","75.36","75.67","75.18","75.29","0.0"
"SOLUSDT","2026-07","1784401200","75.28","75.45","75.23","75.44","0.0"
"SOLUSDT","2026-07","1784404800","75.45","75.58","75.34","75.47","0.0"
"SOLUSDT","2026-07","1784408400","75.47","75.64","75.35","75.49","0.0"
"SOLUSDT","2026-07","1784412000","75.48","75.61","75.39","75.57","0.0"
"SOLUSDT","2026-07","1784415600","75.57","75.6","75.4","75.52","0.0"
"SOLUSDT","2026-07","1784419200","75.53","75.68","75.45","75.63","0.0"
"SOLUSDT","2026-07","1784422800","75.64","75.74","75.51","75.68","0.0"
"SOLUSDT","2026-07","1784426400","75.68","76.57","75.67","76.21","0.0"
"SOLUSDT","2026-07","1784430000","76.2","76.45","75.81","75.96","0.0"
"SOLUSDT","2026-07","1784433600","75.95","76.08","75.74","76.0","0.0"
"SOLUSDT","2026-07","1784437200","76.01","76.1","75.9","75.97","0.0"
"SOLUSDT","2026-07","1784440800","75.98","76.17","75.95","76.11","0.0"
"SOLUSDT","2026-07","1784444400","76.12","76.34","76.01","76.14","0.0"
"SOLUSDT","2026-07","1784448000","76.14","76.38","76.08","76.28","0.0"
"SOLUSDT","2026-07","1784451600","76.28","76.31","75.93","75.99","0.0"
"SOLUSDT","2026-07","1784455200","75.99","76.53","75.9","76.26","0.0"
"SOLUSDT","2026-07","1784458800","76.26","76.41","76.04","76.06","0.0"
"SOLUSDT","2026-07","1784462400","76.07","76.18","75.76","76.01","0.0"
"SOLUSDT","2026-07","1784466000","76.02","76.15","75.88","76.12","0.0"
"SOLUSDT","2026-07","1784469600","76.12","76.7","76.05","76.43","0.0"
"SOLUSDT","2026-07","1784473200","76.43","76.48","76.08","76.21","0.0"
"SOLUSDT","2026-07","1784476800","76.22","76.29","75.87","75.92","0.0"
"SOLUSDT","2026-07","1784480400","75.92","76.23","75.59","75.97","0.0"
"SOLUSDT","2026-07","1784484000","75.96","75.98","75.37","75.75","0.0"
"SOLUSDT","2026-07","1784487600","75.76","75.89","75.63","75.88","0.0"
"SOLUSDT","2026-07","1784491200","75.89","76.15","75.87","76.14","0.0"
"SOLUSDT","2026-07","1784494800","76.14","76.24","75.71","75.78","0.0"
"SOLUSDT","2026-07","1784498400","75.78","76.42","75.63","76.1","0.0"
"SOLUSDT","2026-07","1784502000","76.1","76.57","75.88","76.38","0.0"
"SOLUSDT","2026-07","1784505600","76.38","77.12","76.13","76.57","0.0"
"SOLUSDT","2026-07","1784509200","76.57","77.4","76.29","76.39","0.0"
"SOLUSDT","2026-07","1784512800","76.39","77.2","76.37","76.98","0.0"
"SOLUSDT","2026-07","1784516400","76.98","77.09","76.54","76.76","0.0"
"SOLUSDT","2026-07","1784520000","76.76","76.95","76.3","76.46","0.0"
"SOLUSDT","2026-07","1784523600","76.46","76.5","75.78","75.92","0.0"
"SOLUSDT","2026-07","1784527200","75.93","76.05","75.5","75.64","0.0"
"SOLUSDT","2026-07","1784530800","75.64","76.25","75.54","76.22","0.0"
"SOLUSDT","2026-07","1784534400","76.22","76.44","75.9","76.15","0.0"
"SOLUSDT","2026-07","1784538000","76.16","76.75","76.08","76.47","0.0"
"SOLUSDT","2026-07","1784541600","76.47","76.69","76.34","76.34","0.0"
"SOLUSDT","2026-07","1784545200","76.35","77.24","76.31","77.14","0.0"
"SOLUSDT","2026-07","1784548800","77.14","77.15","76.67","76.75","0.0"
"SOLUSDT","2026-07","1784552400","76.75","77.14","76.14","76.29","0.0"
"SOLUSDT","2026-07","1784556000","76.29","76.47","75.79","76.15","0.0"
"SOLUSDT","2026-07","1784559600","76.16","77.92","76.11","77.76","0.0"
"SOLUSDT","2026-07","1784563200","77.77","77.88","77.45","77.66","0.0"
"SOLUSDT","2026-07","1784566800","77.66","77.91","77.36","77.74","0.0"
"SOLUSDT","2026-07","1784570400","77.75","78.38","77.6","77.67","0.0"
"SOLUSDT","2026-07","1784574000","77.66","77.73","77.29","77.63","0.0"
"SOLUSDT","2026-07","1784577600","77.64","78.05","77.54","77.88","0.0"
"SOLUSDT","2026-07","1784581200","77.88","78.03","77.74","77.74","0.0"
"SOLUSDT","2026-07","1784584800","77.74","77.84","77.44","77.44","0.0"
"SOLUSDT","2026-07","1784588400","77.44","77.89","77.43","77.85","0.0"
"SOLUSDT","2026-07","1784592000","77.85","78.29","77.75","78.12","0.0"
"SOLUSDT","2026-07","1784595600","78.11","78.22","77.83","77.84","0.0"
"SOLUSDT","2026-07","1784599200","77.84","78.25","77.66","78.02","0.0"
"SOLUSDT","2026-07","1784602800","78.03","78.55","78.02","78.19","0.0"
"SOLUSDT","2026-07","1784606400","78.2","78.39","78.02","78.13","0.0"
"SOLUSDT","2026-07","1784610000","78.12","78.67","78.11","78.45","0.0"
"SOLUSDT","2026-07","1784613600","78.46","78.88","78.3","78.67","0.0"
"SOLUSDT","2026-07","1784617200","78.67","78.75","78.48","78.56","0.0"
"SOLUSDT","2026-07","1784620800","78.57","78.75","78.34","78.36","0.0"
"SOLUSDT","2026-07","1784624400","78.37","78.51","78.15","78.43","0.0"
"SOLUSDT","2026-07","1784628000","78.43","78.49","78.07","78.22","0.0"
"SOLUSDT","2026-07","1784631600","78.22","78.43","78.1","78.36","0.0"
"SOLUSDT","2026-07","1784635200","78.36","78.55","78.27","78.52","0.0"
"SOLUSDT","2026-07","1784638800","78.53","78.64","78.21","78.58","0.0"
"SOLUSDT","2026-07","1784642400","78.58","78.64","77.9","78.0","0.0"
"SOLUSDT","2026-07","1784646000","78.01","78.16","77.79","78.14","0.0"
"SOLUSDT","2026-07","1784649600","78.15","78.25","77.97","78.19","0.0"
"SOLUSDT","2026-07","1784653200","78.2","78.24","77.42","77.72","0.0"
"SOLUSDT","2026-07","1784656800","77.72","78.0","77.6","77.85","0.0"
"SOLUSDT","2026-07","1784660400","77.86","78.0","77.71","77.87","0.0"
"SOLUSDT","2026-07","1784664000","77.86","78.11","77.8","77.91","0.0"
"SOLUSDT","2026-07","1784667600","77.9","78.14","77.8","78.05","0.0"
"SOLUSDT","2026-07","1784671200","78.04","78.06","77.85","78.0","0.0"
"SOLUSDT","2026-07","1784674800","77.99","78.2","77.81","78.12","0.0"
"SOLUSDT","2026-07","1784678400","78.13","78.59","78.11","78.46","0.0"
"SOLUSDT","2026-07","1784682000","78.45","78.52","78.15","78.34","0.0"
"SOLUSDT","2026-07","1784685600","78.35","78.51","78.09","78.13","0.0"
"SOLUSDT","2026-07","1784689200","78.12","78.24","77.81","77.87","0.0"
"SOLUSDT","2026-07","1784692800","77.87","78.23","77.83","78.06","0.0"
"SOLUSDT","2026-07","1784696400","78.06","78.08","77.41","77.43","0.0"
"SOLUSDT","2026-07","1784700000","77.43","77.5","77.01","77.29","0.0"
"SOLUSDT","2026-07","1784703600","77.3","77.32","77.0","77.1","0.0"
"SOLUSDT","2026-07","1784707200","77.11","77.52","77.06","77.43","0.0"
"SOLUSDT","2026-07","1784710800","77.43","77.59","77.29","77.55","0.0"
"SOLUSDT","2026-07","1784714400","77.56","77.74","77.45","77.68","0.0"
"SOLUSDT","2026-07","1784718000","77.68","77.82","77.48","77.56","0.0"
"SOLUSDT","2026-07","1784721600","77.56","77.57","77.02","77.24","0.0"
"SOLUSDT","2026-07","1784725200","77.24","77.95","77.14","77.87","0.0"
"SOLUSDT","2026-07","1784728800","77.87","78.47","77.4","77.9","0.0"
"SOLUSDT","2026-07","1784732400","77.9","78.85","77.9","78.47","0.0"
"SOLUSDT","2026-07","1784736000","78.46","78.81","78.1","78.58","0.0"
"SOLUSDT","2026-07","1784739600","78.57","78.65","78.15","78.21","0.0"
"SOLUSDT","2026-07","1784743200","78.22","78.29","77.46","77.74","0.0"
"SOLUSDT","2026-07","1784746800","77.75","77.81","77.31","77.66","0.0"
"SOLUSDT","2026-07","1784750400","77.66","77.96","77.58","77.8","0.0"
"SOLUSDT","2026-07","1784754000","77.8","78.08","77.68","78.02","0.0"
"SOLUSDT","2026-07","1784757600","78.02","78.12","77.7","78.01","0.0"
"SOLUSDT","2026-07","1784761200","78.01","78.03","77.5","77.97","0.0"
"SOLUSDT","2026-07","1784764800","77.97","78.54","77.97","78.27","0.0"
"SOLUSDT","2026-07","1784768400","78.27","78.41","77.87","77.9","0.0"
"SOLUSDT","2026-07","1784772000","77.9","77.9","77.4","77.76","0.0"
"SOLUSDT","2026-07","1784775600","77.76","77.79","77.47","77.6","0.0"
"SOLUSDT","2026-07","1784779200","77.6","77.83","77.38","77.53","0.0"
"SOLUSDT","2026-07","1784782800","77.53","77.72","77.4","77.53","0.0"
"SOLUSDT","2026-07","1784786400","77.53","77.59","77.37","77.57","0.0"
"SOLUSDT","2026-07","1784790000","77.58","77.58","77.04","77.16","0.0"
"SOLUSDT","2026-07","1784793600","77.16","77.5","77.11","77.47","0.0"
"SOLUSDT","2026-07","1784797200","77.47","77.65","77.4","77.49","0.0"
"SOLUSDT","2026-07","1784800800","77.49","77.81","77.43","77.74","0.0"
"SOLUSDT","2026-07","1784804400","77.75","77.87","77.57","77.67","0.0"
"SOLUSDT","2026-07","1784808000","77.67","77.74","76.5","76.94","0.0"
"SOLUSDT","2026-07","1784811600","76.94","77.05","76.57","76.7","0.0"
"SOLUSDT","2026-07","1784815200","76.7","76.89","76.34","76.43","0.0"
"SOLUSDT","2026-07","1784818800","76.44","76.45","75.86","76.39","0.0"
"SOLUSDT","2026-07","1784822400","76.39","76.39","75.83","76.01","0.0"
"SOLUSDT","2026-07","1784826000","76.0","76.17","75.47","75.65","0.0"
"SOLUSDT","2026-07","1784829600","75.65","75.85","75.56","75.81","0.0"
"SOLUSDT","2026-07","1784833200","75.81","75.85","75.43","75.75","0.0"
"SOLUSDT","2026-07","1784836800","75.74","76.18","75.71","76.12","0.0"
"SOLUSDT","2026-07","1784840400","76.12","76.28","75.92","76.05","0.0"
"SOLUSDT","2026-07","1784844000","76.05","76.25","75.86","76.19","0.0"
"SOLUSDT","2026-07","1784847600","76.19","76.26","75.87","75.88","0.0"
"SOLUSDT","2026-07","1784851200","75.88","75.9","75.53","75.82","0.0"
"SOLUSDT","2026-07","1784854800","75.83","76.13","75.66","75.7","0.0"
"SOLUSDT","2026-07","1784858400","75.7","75.92","75.3","75.53","0.0"
"SOLUSDT","2026-07","1784862000","75.54","75.96","75.48","75.83","0.0"
"SOLUSDT","2026-07","1784865600","75.84","75.86","75.6","75.66","0.0"
"SOLUSDT","2026-07","1784869200","75.66","75.92","75.59","75.8","0.0"
"SOLUSDT","2026-07","1784872800","75.8","76.02","75.73","75.85","0.0"
"SOLUSDT","2026-07","1784876400","75.85","76.45","75.78","76.07","0.0"
"SOLUSDT","2026-07","1784880000","76.08","76.11","75.71","75.78","0.0"
"SOLUSDT","2026-07","1784883600","75.78","75.83","75.36","75.62","0.0"
"SOLUSDT","2026-07","1784887200","75.62","75.65","75.38","75.49","0.0"
"SOLUSDT","2026-07","1784890800","75.49","75.51","74.97","75.2","0.0"
"SOLUSDT","2026-07","1784894400","75.2","75.3","74.81","74.86","0.0"
"SOLUSDT","2026-07","1784898000","74.86","74.93","73.99","74.22","0.0"
"SOLUSDT","2026-07","1784901600","74.21","74.27","73.61","74.03","0.0"
"SOLUSDT","2026-07","1784905200","74.03","74.3","73.69","74.04","0.0"
"SOLUSDT","2026-07","1784908800","74.04","74.22","73.71","73.9","0.0"
"SOLUSDT","2026-07","1784912400","73.9","74.15","73.86","74.05","0.0"
"SOLUSDT","2026-07","1784916000","74.04","74.08","73.9","73.98","0.0"
"SOLUSDT","2026-07","1784919600","73.98","74.05","73.79","73.97","0.0"
"SOLUSDT","2026-07","1784923200","73.97","74.03","73.73","73.77","0.0"
"SOLUSDT","2026-07","1784926800","73.77","73.84","73.44","73.63","0.0"
"SOLUSDT","2026-07","1784930400","73.64","73.99","73.63","73.94","0.0"
"SOLUSDT","2026-07","1784934000","73.94","74.03","73.85","73.96","0.0"
"SOLUSDT","2026-07","1784937600","73.97","74.16","73.94","74.13","0.0"
"SOLUSDT","2026-07","1784941200","74.13","74.26","74.0","74.13","0.0"
"SOLUSDT","2026-07","1784944800","74.12","74.22","74.05","74.11","0.0"
"SOLUSDT","2026-07","1784948400","74.12","74.33","74.05","74.14","0.0"
"SOLUSDT","2026-07","1784952000","74.14","74.36","74.13","74.32","0.0"
"SOLUSDT","2026-07","1784955600","74.32","74.36","73.91","73.99","0.0"
"SOLUSDT","2026-07","1784959200","73.98","74.03","73.77","74.03","0.0"
"SOLUSDT","2026-07","1784962800","74.03","74.06","73.79","73.79","0.0"
"SOLUSDT","2026-07","1784966400","73.79","73.87","73.56","73.79","0.0"
"SOLUSDT","2026-07","1784970000","73.8","74.04","73.76","74.0","0.0"
"SOLUSDT","2026-07","1784973600","73.99","74.04","73.91","73.98","0.0"
"SOLUSDT","2026-07","1784977200","73.99","74.05","73.86","73.92","0.0"
"SOLUSDT","2026-07","1784980800","73.92","73.99","73.85","73.97","0.0"
"SOLUSDT","2026-07","1784984400","73.97","74.2","73.94","73.98","0.0"
"SOLUSDT","2026-07","1784988000","73.99","74.08","73.78","74.06","0.0"
"SOLUSDT","2026-07","1784991600","74.06","74.31","74.0","74.18","0.0"
"SOLUSDT","2026-07","1784995200","74.18","74.42","74.09","74.32","0.0"
"SOLUSDT","2026-07","1784998800","74.32","74.67","74.3","74.48","0.0"
"SOLUSDT","2026-07","1785002400","74.47","74.72","74.46","74.66","0.0"
"SOLUSDT","2026-07","1785006000","74.67","74.73","74.53","74.57","0.0"
"SOLUSDT","2026-07","1785009600","74.57","74.58","74.4","74.45","0.0"
"SOLUSDT","2026-07","1785013200","74.45","74.6","74.28","74.46","0.0"
"SOLUSDT","2026-07","1785016800","74.46","74.53","74.3","74.5","0.0"
"SOLUSDT","2026-07","1785020400","74.5","74.55","74.41","74.52","0.0"
"SOLUSDT","2026-07","1785024000","74.53","74.96","74.47","74.79","0.0"
"SOLUSDT","2026-07","1785027600","74.78","74.9","74.67","74.82","0.0"
"SOLUSDT","2026-07","1785031200","74.82","74.93","74.72","74.9","0.0"
"SOLUSDT","2026-07","1785034800","74.9","75.05","74.82","75.03","0.0"
"SOLUSDT","2026-07","1785038400","75.04","75.23","74.95","75.07","0.0"
"SOLUSDT","2026-07","1785042000","75.07","75.18","74.95","75.02","0.0"
"SOLUSDT","2026-07","1785045600","75.02","75.13","74.74","75.12","0.0"
"SOLUSDT","2026-07","1785049200","75.13","75.15","74.85","74.87","0.0"
"SOLUSDT","2026-07","1785052800","74.88","75.06","74.85","74.98","0.0"
"SOLUSDT","2026-07","1785056400","74.99","75.28","74.98","75.07","0.0"
"SOLUSDT","2026-07","1785060000","75.08","75.25","75.03","75.12","0.0"
"SOLUSDT","2026-07","1785063600","75.12","75.17","74.9","74.95","0.0"
"SOLUSDT","2026-07","1785067200","74.95","75.14","74.81","74.89","0.0"
"SOLUSDT","2026-07","1785070800","74.89","74.97","74.75","74.94","0.0"
"SOLUSDT","2026-07","1785074400","74.94","75.23","74.89","75.06","0.0"
"SOLUSDT","2026-07","1785078000","75.05","75.5","74.97","75.49","0.0"
"SOLUSDT","2026-07","1785081600","75.48","75.99","75.31","75.53","0.0"
"SOLUSDT","2026-07","1785085200","75.53","75.6","75.3","75.38","0.0"
"SOLUSDT","2026-07","1785088800","75.38","75.45","75.28","75.39","0.0"
"SOLUSDT","2026-07","1785092400","75.4","75.46","75.25","75.34","0.0"
"SOLUSDT","2026-07","1785096000","75.34","75.4","75.31","75.34","0.0"
"SOLUSDT","2026-07","1785099600","75.33","75.77","75.32","75.65","0.0"
"SOLUSDT","2026-07","1785103200","75.65","76.82","75.65","76.71","0.0"
"SOLUSDT","2026-07","1785106800","76.72","77.1","76.52","76.76","0.0"
"SOLUSDT","2026-07","1785110400","76.77","76.8","76.19","76.35","0.0"
"SOLUSDT","2026-07","1785114000","76.34","76.53","75.98","76.52","0.0"
"SOLUSDT","2026-07","1785117600","76.53","76.68","76.37","76.44","0.0"
"SOLUSDT","2026-07","1785121200","76.44","76.55","76.33","76.4","0.0"
"SOLUSDT","2026-07","1785124800","76.41","76.64","76.26","76.3","0.0"
"SOLUSDT","2026-07","1785128400","76.3","76.64","76.26","76.56","0.0"
"SOLUSDT","2026-07","1785132000","76.56","76.99","76.53","76.73","0.0"
"SOLUSDT","2026-07","1785135600","76.73","76.76","76.4","76.47","0.0"
"SOLUSDT","2026-07","1785139200","76.48","76.51","76.23","76.3","0.0"
"SOLUSDT","2026-07","1785142800","76.29","76.56","76.13","76.49","0.0"
"SOLUSDT","2026-07","1785146400","76.48","76.68","76.41","76.61","0.0"
"SOLUSDT","2026-07","1785150000","76.62","76.69","76.48","76.5","0.0"
"SOLUSDT","2026-07","1785153600","76.51","77.06","76.25","76.86","0.0"
"SOLUSDT","2026-07","1785157200","76.86","77.5","76.46","76.92","0.0"
"SOLUSDT","2026-07","1785160800","76.91","77.0","75.03","75.48","0.0"
"SOLUSDT","2026-07","1785164400","75.48","75.62","75.09","75.28","0.0"
"SOLUSDT","2026-07","1785168000","75.29","75.99","75.15","75.95","0.0"
"SOLUSDT","2026-07","1785171600","75.96","76.25","75.82","75.91","0.0"
"SOLUSDT","2026-07","1785175200","75.91","75.99","75.27","75.62","0.0"
"SOLUSDT","2026-07","1785178800","75.62","76.06","75.5","75.98","0.0"
"SOLUSDT","2026-07","1785182400","75.98","76.14","75.8","75.98","0.0"
"SOLUSDT","2026-07","1785186000","75.98","75.99","75.51","75.6","0.0"
"SOLUSDT","2026-07","1785189600","75.6","75.62","74.02","74.06","0.0"
"SOLUSDT","2026-07","1785193200","74.06","74.41","73.74","74.2","0.0"
"SOLUSDT","2026-07","1785196800","74.21","74.29","73.68","73.73","0.0"
"SOLUSDT","2026-07","1785200400","73.73","73.75","72.86","73.21","0.0"
"SOLUSDT","2026-07","1785204000","73.2","73.47","73.07","73.37","0.0"
"SOLUSDT","2026-07","1785207600","73.38","73.42","73.17","73.28","0.0"
"SOLUSDT","2026-07","1785211200","73.28","73.29","73.0","73.22","0.0"
"SOLUSDT","2026-07","1785214800","73.22","73.55","73.2","73.27","0.0"
"SOLUSDT","2026-07","1785218400","73.27","73.49","73.13","73.44","0.0"
"SOLUSDT","2026-07","1785222000","73.45","73.49","73.14","73.3","0.0"
"SOLUSDT","2026-07","1785225600","73.29","73.44","73.15","73.37","0.0"
"SOLUSDT","2026-07","1785229200","73.37","73.51","73.2","73.26","0.0"
"SOLUSDT","2026-07","1785232800","73.26","73.33","73.13","73.15","0.0"
"SOLUSDT","2026-07","1785236400","73.15","73.35","72.89","73.2","0.0"
"SOLUSDT","2026-07","1785240000","73.2","73.46","73.12","73.39","0.0"
"SOLUSDT","2026-07","1785243600","73.39","73.44","72.36","72.72","0.0"
"SOLUSDT","2026-07","1785247200","72.71","73.5","72.54","73.43","0.0"
"SOLUSDT","2026-07","1785250800","73.43","74.59","73.31","74.35","0.0"
"SOLUSDT","2026-07","1785254400","74.35","74.58","74.05","74.42","0.0"
"SOLUSDT","2026-07","1785258000","74.42","74.44","73.56","73.83","0.0"
"SOLUSDT","2026-07","1785261600","73.83","74.06","73.8","73.88","0.0"
"SOLUSDT","2026-07","1785265200","73.89","74.39","73.83","74.33","0.0"
"SOLUSDT","2026-07","1785268800","74.32","74.37","74.01","74.05","0.0"
"SOLUSDT","2026-07","1785272400","74.05","74.4","74.0","74.15","0.0"
"SOLUSDT","2026-07","1785276000","74.15","74.24","73.43","73.44","0.0"
"SOLUSDT","2026-07","1785279600","73.44","73.86","73.17","73.83","0.0"
"SOLUSDT","2026-07","1785283200","73.83","74.2","73.77","73.78","0.0"
"SOLUSDT","2026-07","1785286800","73.77","73.81","73.22","73.27","0.0"
"SOLUSDT","2026-07","1785290400","73.27","73.98","73.08","73.69","0.0"
"SOLUSDT","2026-07","1785294000","73.7","73.76","73.01","73.09","0.0"
"SOLUSDT","2026-07","1785297600","73.09","73.48","72.73","73.45","0.0"
"SOLUSDT","2026-07","1785301200","73.45","73.8","73.34","73.68","0.0"
"SOLUSDT","2026-07","1785304800","73.67","74.1","73.53","74.08","0.0"
"SOLUSDT","2026-07","1785308400","74.08","74.28","73.99","74.26","0.0"
"SOLUSDT","2026-07","1785312000","74.25","74.33","73.72","73.95","0.0"
"SOLUSDT","2026-07","1785315600","73.95","74.32","73.92","74.14","0.0"
"SOLUSDT","2026-07","1785319200","74.14","74.14","73.79","73.91","0.0"
"SOLUSDT","2026-07","1785322800","73.92","74.1","73.84","73.96","0.0"
"SOLUSDT","2026-07","1785326400","73.96","73.96","73.46","73.52","0.0"
"SOLUSDT","2026-07","1785330000","73.53","73.77","73.34","73.72","0.0"
"SOLUSDT","2026-07","1785333600","73.73","73.92","73.1","73.28","0.0"
"SOLUSDT","2026-07","1785337200","73.28","73.46","72.98","73.12","0.0"
"SOLUSDT","2026-07","1785340800","73.13","73.37","72.91","73.28","0.0"
"SOLUSDT","2026-07","1785344400","73.28","73.95","73.17","73.94","0.0"
"SOLUSDT","2026-07","1785348000","73.94","74.53","73.44","74.23","0.0"
"SOLUSDT","2026-07","1785351600","74.23","74.38","72.73","72.76","0.0"
"SOLUSDT","2026-07","1785355200","72.76","73.21","72.44","72.65","0.0"
"SOLUSDT","2026-07","1785358800","72.65","73.18","72.32","73.18","0.0"
"SOLUSDT","2026-07","1785362400","73.19","73.8","73.19","73.65","0.0"
"SOLUSDT","2026-07","1785366000","73.64","73.75","73.42","73.68","0.0"
"SOLUSDT","2026-07","1785369600","73.69","73.87","73.14","73.3","0.0"
"SOLUSDT","2026-07","1785373200","73.29","74.2","73.27","74.02","0.0"
"SOLUSDT","2026-07","1785376800","74.03","74.14","73.82","73.83","0.0"
"SOLUSDT","2026-07","1785380400","73.84","74.0","73.66","73.71","0.0"
"SOLUSDT","2026-07","1785384000","73.71","73.74","73.5","73.52","0.0"
"SOLUSDT","2026-07","1785387600","73.52","73.86","73.42","73.7","0.0"
"SOLUSDT","2026-07","1785391200","73.7","73.76","73.48","73.53","0.0"
"SOLUSDT","2026-07","1785394800","73.53","73.81","73.39","73.41","0.0"
"SOLUSDT","2026-07","1785398400","73.42","73.83","73.3","73.81","0.0"
"SOLUSDT","2026-07","1785402000","73.81","74.22","73.8","74.05","0.0"
"SOLUSDT","2026-07","1785405600","74.06","74.21","73.83","73.9","0.0"
"SOLUSDT","2026-07","1785409200","73.9","74.33","73.9","74.23","0.0"
"SOLUSDT","2026-07","1785412800","74.22","74.49","74.08","74.41","0.0"
"SOLUSDT","2026-07","1785416400","74.4","74.9","74.12","74.69","0.0"
"SOLUSDT","2026-07","1785420000","74.68","74.78","74.29","74.64","0.0"
"SOLUSDT","2026-07","1785423600","74.64","74.86","74.46","74.65","0.0"
"SOLUSDT","2026-07","1785427200","74.65","74.84","74.45","74.58","0.0"
"SOLUSDT","2026-07","1785430800","74.59","74.89","74.42","74.76","0.0"
"SOLUSDT","2026-07","1785434400","74.77","74.98","74.49","74.52","0.0"
"SOLUSDT","2026-07","1785438000","74.53","74.82","74.52","74.78","0.0"
"SOLUSDT","2026-07","1785441600","74.78","74.92","74.44","74.49","0.0"
"SOLUSDT","2026-07","1785445200","74.48","74.61","74.43","74.49","0.0"
"SOLUSDT","2026-07","1785448800","74.49","74.89","74.4","74.75","0.0"
"SOLUSDT","2026-07","1785452400","74.75","74.99","74.47","74.51","0.0"
"SOLUSDT","2026-07","1785456000","74.52","74.66","74.43","74.49","0.0"
"SOLUSDT","2026-07","1785459600","74.49","75.29","74.28","74.4","0.0"
"SOLUSDT","2026-07","1785463200","74.39","74.56","74.08","74.15","0.0"
"SOLUSDT","2026-07","1785466800","74.16","74.35","73.88","74.14","0.0"
"SOLUSDT","2026-07","1785470400","74.14","74.15","73.72","73.83","0.0"
"SOLUSDT","2026-07","1785474000","73.83","74.32","73.82","74.24","0.0"
"SOLUSDT","2026-07","1785477600","74.25","74.54","74.01","74.11","0.0"
"SOLUSDT","2026-07","1785481200","74.1","74.1","73.51","73.68","0.0"
"SOLUSDT","2026-07","1785484800","73.68","73.8","73.52","73.66","0.0"
"SOLUSDT","2026-07","1785488400","73.66","73.71","73.39","73.48","0.0"
"SOLUSDT","2026-07","1785492000","73.48","73.65","73.29","73.56","0.0"
"SOLUSDT","2026-07","1785495600","73.55","73.71","73.47","73.57","0.0"
"SOLUSDT","2026-07","1785499200","73.57","73.65","73.37","73.63","0.0"
"SOLUSDT","2026-07","1785502800","73.63","73.82","73.17","73.29","0.0"
"SOLUSDT","2026-07","1785506400","73.28","73.69","72.8","73.05","0.0"
"SOLUSDT","2026-07","1785510000","73.05","73.22","72.88","73.1","0.0"
"SOLUSDT","2026-07","1785513600","73.11","73.35","72.98","73.3","0.0"
"SOLUSDT","2026-07","1785517200","73.29","73.44","73.17","73.35","0.0"
"SOLUSDT","2026-07","1785520800","73.35","73.48","72.94","73.12","0.0"
"SOLUSDT","2026-07","1785524400","73.11","73.29","72.92","73.08","0.0"
"SOLUSDT","2026-07","1785528000","73.08","73.23","72.93","72.95","0.0"
"SOLUSDT","2026-07","1785531600","72.96","73.1","72.56","72.73","0.0"
"SOLUSDT","2026-07","1785535200","72.72","72.95","72.67","72.85","0.0"
"SOLUSDT","2026-07","1785538800","72.85","72.96","72.8","72.87","0.0"
"SOLUSDT","2026-08","1785542400","72.87","73.16","72.87","73.01","0.0"
"SOLUSDT","2026-08","1785546000","73.01","73.14","72.97","73.04","0.0"
"SOLUSDT","2026-08","1785549600","73.04","73.15","72.99","73.08","0.0"
"SOLUSDT","2026-08","1785553200","73.07","73.1","72.86","73.03","0.0"
"SOLUSDT","2026-08","1785556800","73.03","73.21","73.02","73.17","0.0"
"SOLUSDT","2026-08","1785560400","73.17","73.2","72.86","72.93","0.0"
"SOLUSDT","2026-08","1785564000","72.94","73.02","72.89","73.0","0.0"
"SOLUSDT","2026-08","1785567600","73.0","73.11","72.92","72.98","0.0"
"SOLUSDT","2026-08","1785571200","72.98","73.08","72.96","73.04","0.0"
"SOLUSDT","2026-08","1785574800","73.04","73.08","72.83","72.85","0.0"
"SOLUSDT","2026-08","1785578400","72.84","72.9","72.67","72.85","0.0"
"SOLUSDT","2026-08","1785582000","72.85","72.91","72.79","72.89","0.0"
"SOLUSDT","2026-08","1785585600","72.89","72.94","72.87","72.93","0.0"
"SOLUSDT","2026-08","1785589200","72.93","72.99","72.91","72.98","0.0"
"SOLUSDT","2026-08","1785592800","72.98","73.05","72.86","73.02","0.0"
"SOLUSDT","2026-08","1785596400","73.02","73.02","72.72","72.8","0.0"
"SOLUSDT","2026-08","1785600000","72.79","72.94","72.47","72.7","0.0"
"SOLUSDT","2026-08","1785603600","72.7","72.79","71.62","71.93","0.0"
"SOLUSDT","2026-08","1785607200","71.92","71.97","70.58","71.09","0.0"
"SOLUSDT","2026-08","1785610800","71.09","71.36","71.05","71.27","0.0"
"SOLUSDT","2026-08","1785614400","71.26","71.56","71.19","71.56","0.0"
"SOLUSDT","2026-08","1785618000","71.56","71.86","71.55","71.86","0.0"
"SOLUSDT","2026-08","1785621600","71.86","72.03","71.86","71.92","0.0"
"SOLUSDT","2026-08","1785625200","71.91","72.09","71.82","71.95","0.0"
"SOLUSDT","2026-08","1785628800","71.95","72.15","71.93","72.12","0.0"
"SOLUSDT","2026-08","1785632400","72.11","72.75","72.11","72.66","0.0"
"SOLUSDT","2026-08","1785636000","72.65","73.4","72.58","73.15","0.0"
"SOLUSDT","2026-08","1785639600","73.15","73.24","73.08","73.2","0.0"
"SOLUSDT","2026-08","1785643200","73.2","73.54","73.2","73.53","0.0"
"SOLUSDT","2026-08","1785646800","73.54","73.66","73.46","73.59","0.0"
"SOLUSDT","2026-08","1785650400","73.59","73.65","73.43","73.45","0.0"
"SOLUSDT","2026-08","1785654000","73.46","73.51","73.4","73.46","0.0"
"SOLUSDT","2026-08","1785657600","73.46","73.53","73.16","73.17","0.0"
"SOLUSDT","2026-08","1785661200","73.18","73.42","73.0","73.38","0.0"
"SOLUSDT","2026-08","1785664800","73.38","73.39","73.15","73.26","0.0"
"SOLUSDT","2026-08","1785668400","73.27","73.31","72.94","72.99","0.0"
"SOLUSDT","2026-08","1785672000","72.99","73.23","72.9","72.9","0.0"
"SOLUSDT","2026-08","1785675600","72.9","73.01","72.69","72.97","0.0"
"SOLUSDT","2026-08","1785679200","72.96","73.23","72.93","73.09","0.0"
"SOLUSDT","2026-08","1785682800","73.09","73.2","73.01","73.03","0.0"
"SOLUSDT","2026-08","1785686400","73.03","73.3","72.92","73.14","0.0"
"SOLUSDT","2026-08","1785690000","73.14","73.4","73.09","73.31","0.0"
"SOLUSDT","2026-08","1785693600","73.31","73.84","73.24","73.57","0.0"
"SOLUSDT","2026-08","1785697200","73.56","73.79","73.53","73.72","0.0"
"SOLUSDT","2026-08","1785700800","73.72","73.74","73.56","73.69","0.0"
"SOLUSDT","2026-08","1785704400","73.69","74.33","73.67","74.0","0.0"
"SOLUSDT","2026-08","1785708000","74.0","74.21","73.64","73.64","0.0"
"SOLUSDT","2026-08","1785711600","73.64","73.66","73.46","73.63","0.0"
"SOLUSDT","2026-08","1785715200","73.64","73.67","73.18","73.22","0.0"
"SOLUSDT","2026-08","1785718800","73.22","73.26","72.94","73.01","0.0"
"SOLUSDT","2026-08","1785722400","73.01","73.16","72.91","73.04","0.0"
"SOLUSDT","2026-08","1785726000","73.03","73.12","72.69","72.9","0.0"
"SOLUSDT","2026-08","1785729600","72.9","73.08","72.84","72.85","0.0"
"SOLUSDT","2026-08","1785733200","72.85","73.05","72.82","72.92","0.0"
"SOLUSDT","2026-08","1785736800","72.92","72.98","72.51","72.59","0.0"
"SOLUSDT","2026-08","1785740400","72.6","72.69","72.43","72.52","0.0"
"SOLUSDT","2026-08","1785744000","72.52","72.57","71.98","72.37","0.0"
"SOLUSDT","2026-08","1785747600","72.37","72.8","72.33","72.74","0.0"
"SOLUSDT","2026-08","1785751200","72.75","72.81","72.52","72.62","0.0"
"SOLUSDT","2026-08","1785754800","72.61","72.65","72.39","72.45","0.0"
"SOLUSDT","2026-08","1785758400","72.45","72.56","72.34","72.43","0.0"
"SOLUSDT","2026-08","1785762000","72.43","73.28","72.32","73.26","0.0"
"SOLUSDT","2026-08","1785765600","73.26","73.81","73.02","73.79","0.0"
"SOLUSDT","2026-08","1785769200","73.79","73.83","73.45","73.62","0.0"
"SOLUSDT","2026-08","1785772800","73.62","73.82","73.23","73.42","0.0"
"SOLUSDT","2026-08","1785776400","73.42","73.86","73.31","73.69","0.0"
"SOLUSDT","2026-08","1785780000","73.7","74.28","73.69","73.98","0.0"
"SOLUSDT","2026-08","1785783600","73.98","74.19","73.96","74.02","0.0"
"SOLUSDT","2026-08","1785787200","74.03","74.14","73.77","73.86","0.0"
"SOLUSDT","2026-08","1785790800","73.85","73.88","73.66","73.71","0.0"
"SOLUSDT","2026-08","1785794400","73.71","73.73","73.37","73.54","0.0"
"SOLUSDT","2026-08","1785798000","73.54","73.56","73.39","73.56","0.0"
"SOLUSDT","2026-08","1785801600","73.56","73.63","73.04","73.08","0.0"
"SOLUSDT","2026-08","1785805200","73.08","73.78","73.05","73.77","0.0"
"SOLUSDT","2026-08","1785808800","73.77","74.13","73.68","73.87","0.0"
"SOLUSDT","2026-08","1785812400","73.88","73.91","73.47","73.7","0.0"
"SOLUSDT","2026-08","1785816000","73.7","74.1","73.59","73.82","0.0"
"SOLUSDT","2026-08","1785819600","73.83","73.88","73.69","73.74","0.0"
"SOLUSDT","2026-08","1785823200","73.74","73.91","73.41","73.42","0.0"
"SOLUSDT","2026-08","1785826800","73.42","73.74","73.2","73.68","0.0"
"SOLUSDT","2026-08","1785830400","73.68","73.76","73.29","73.36","0.0"
"SOLUSDT","2026-08","1785834000","73.35","73.35","73.16","73.29","0.0"
"SOLUSDT","2026-08","1785837600","73.29","73.7","73.1","73.61","0.0"
"SOLUSDT","2026-08","1785841200","73.6","73.98","73.55","73.95","0.0"
"SOLUSDT","2026-08","1785844800","73.95","74.09","73.76","73.82","0.0"
"SOLUSDT","2026-08","1785848400","73.81","74.05","73.59","73.63","0.0"
"SOLUSDT","2026-08","1785852000","73.64","73.93","73.33","73.82","0.0"
"SOLUSDT","2026-08","1785855600","73.83","74.2","73.41","73.99","0.0"
"SOLUSDT","2026-08","1785859200","73.99","74.01","73.61","73.72","0.0"
"SOLUSDT","2026-08","1785862800","73.73","74.24","73.72","73.78","0.0"
"SOLUSDT","2026-08","1785866400","73.77","74.39","73.77","74.15","0.0"
"SOLUSDT","2026-08","1785870000","74.16","74.39","74.12","74.19","0.0"
"SOLUSDT","2026-08","1785873600","74.19","74.45","73.88","74.27","0.0"
"SOLUSDT","2026-08","1785877200","74.27","74.28","74.01","74.13","0.0"
"SOLUSDT","2026-08","1785880800","74.14","74.23","73.98","74.11","0.0"
"SOLUSDT","2026-08","1785884400","74.1","74.3","73.74","73.75","0.0"
"SOLUSDT","2026-08","1785888000","73.76","73.81","73.46","73.5","0.0"
"SOLUSDT","2026-08","1785891600","73.5","74.11","73.39","74.11","0.0"
"SOLUSDT","2026-08","1785895200","74.12","74.49","74.08","74.22","0.0"
"SOLUSDT","2026-08","1785898800","74.21","74.31","73.71","73.78","0.0"
"SOLUSDT","2026-08","1785902400","73.79","73.85","73.62","73.79","0.0"
"SOLUSDT","2026-08","1785906000","73.79","74.3","73.74","74.15","0.0"
"SOLUSDT","2026-08","1785909600","74.14","74.25","73.99","74.01","0.0"
"SOLUSDT","2026-08","1785913200","74.02","74.05","73.68","73.98","0.0"
"SOLUSDT","2026-08","1785916800","73.98","74.16","73.95","74.08","0.0"
"SOLUSDT","2026-08","1785920400","74.08","74.22","74.01","74.01","0.0"
"SOLUSDT","2026-08","1785924000","74.01","74.12","73.8","73.84","0.0"
"SOLUSDT","2026-08","1785927600","73.85","74.0","73.73","73.77","0.0"
"SOLUSDT","2026-08","1785931200","73.77","74.38","73.72","74.08","0.0"
"SOLUSDT","2026-08","1785934800","74.08","74.11","73.27","73.96","0.0"
"SOLUSDT","2026-08","1785938400","73.96","74.15","73.62","73.96","0.0"
"SOLUSDT","2026-08","1785942000","73.96","74.31","73.85","73.96","0.0"
"SOLUSDT","2026-08","1785945600","73.96","74.45","73.94","74.29","0.0"
"SOLUSDT","2026-08","1785949200","74.29","74.66","74.13","74.55","0.0"
"SOLUSDT","2026-08","1785952800","74.56","74.83","74.44","74.54","0.0"
"SOLUSDT","2026-08","1785956400","74.53","74.63","74.42","74.46","0.0"
"SOLUSDT","2026-08","1785960000","74.47","74.59","74.31","74.38","0.0"
"SOLUSDT","2026-08","1785963600","74.37","74.39","74.08","74.12","0.0"
"SOLUSDT","2026-08","1785967200","74.13","74.2","74.0","74.01","0.0"
"SOLUSDT","2026-08","1785970800","74.01","74.11","73.85","74.04","0.0"
"SOLUSDT","2026-08","1785974400","74.04","74.26","74.04","74.07","0.0"
"SOLUSDT","2026-08","1785978000","74.07","74.12","73.73","73.75","0.0"
"SOLUSDT","2026-08","1785981600","73.74","73.78","73.38","73.55","0.0"
"SOLUSDT","2026-08","1785985200","73.54","73.59","73.44","73.5","0.0"
"SOLUSDT","2026-08","1785988800","73.49","73.87","73.4","73.86","0.0"
"SOLUSDT","2026-08","1785992400","73.87","74.35","73.86","74.25","0.0"
"SOLUSDT","2026-08","1785996000","74.25","74.27","73.96","74.06","0.0"
"SOLUSDT","2026-08","1785999600","74.06","74.13","73.87","73.87","0.0"
"SOLUSDT","2026-08","1786003200","73.87","74.12","73.7","73.99","0.0"
"SOLUSDT","2026-08","1786006800","74.0","74.01","73.2","73.3","0.0"
"SOLUSDT","2026-08","1786010400","73.29","73.45","73.17","73.32","0.0"
"SOLUSDT","2026-08","1786014000","73.32","73.58","73.18","73.46","0.0"
"SOLUSDT","2026-08","1786017600","73.46","73.48","73.14","73.16","0.0"
"SOLUSDT","2026-08","1786021200","73.15","73.33","72.85","73.26","0.0"
"SOLUSDT","2026-08","1786024800","73.26","73.59","73.11","73.47","0.0"
"SOLUSDT","2026-08","1786028400","73.47","73.63","73.3","73.3","0.0"
"SOLUSDT","2026-08","1786032000","73.31","73.49","73.1","73.45","0.0"
"SOLUSDT","2026-08","1786035600","73.44","73.55","73.07","73.2","0.0"
"SOLUSDT","2026-08","1786039200","73.19","73.22","72.71","72.83","0.0"
"SOLUSDT","2026-08","1786042800","72.83","72.95","72.55","72.8","0.0"
"SOLUSDT","2026-08","1786046400","72.81","73.0","72.8","72.86","0.0"
"SOLUSDT","2026-08","1786050000","72.85","72.99","72.8","72.86","0.0"
"SOLUSDT","2026-08","1786053600","72.86","72.87","72.65","72.69","0.0"
"SOLUSDT","2026-08","1786057200","72.68","72.73","72.34","72.7","0.0"
"SOLUSDT","2026-08","1786060800","72.7","72.81","72.56","72.65","0.0"
"SOLUSDT","2026-08","1786064400","72.65","72.87","72.58","72.74","0.0"
"SOLUSDT","2026-08","1786068000","72.74","72.93","72.49","72.71","0.0"
"SOLUSDT","2026-08","1786071600","72.71","72.76","72.54","72.62","0.0"
"SOLUSDT","2026-08","1786075200","72.63","72.8","72.51","72.67","0.0"
"SOLUSDT","2026-08","1786078800","72.67","72.95","72.43","72.88","0.0"
"SOLUSDT","2026-08","1786082400","72.87","73.07","72.81","72.83","0.0"
"SOLUSDT","2026-08","1786086000","72.84","73.03","72.75","72.93","0.0"
"SOLUSDT","2026-08","1786089600","72.92","73.33","72.91","73.2","0.0"
"SOLUSDT","2026-08","1786093200","73.19","73.73","73.19","73.63","0.0"
"SOLUSDT","2026-08","1786096800","73.62","73.77","73.49","73.53","0.0"
"SOLUSDT","2026-08","1786100400","73.52","73.78","73.52","73.62","0.0"
"SOLUSDT","2026-08","1786104000","73.63","74.31","73.62","73.9","0.0"
"SOLUSDT","2026-08","1786107600","73.9","74.35","73.79","74.13","0.0"
"SOLUSDT","2026-08","1786111200","74.13","74.24","73.58","73.72","0.0"
"SOLUSDT","2026-08","1786114800","73.72","73.97","73.69","73.88","0.0"
"SOLUSDT","2026-08","1786118400","73.89","74.13","73.57","73.57","0.0"
"SOLUSDT","2026-08","1786122000","73.57","73.58","73.17","73.43","0.0"
"SOLUSDT","2026-08","1786125600","73.43","73.58","73.25","73.41","0.0"
"SOLUSDT","2026-08","1786129200","73.41","74.03","73.4","74.02","0.0"
"SOLUSDT","2026-08","1786132800","74.02","74.1","73.8","73.84","0.0"
"SOLUSDT","2026-08","1786136400","73.84","73.89","73.6","73.65","0.0"
"SOLUSDT","2026-08","1786140000","73.65","73.72","73.58","73.65","0.0"
"SOLUSDT","2026-08","1786143600","73.65","73.78","73.62","73.66","0.0"
"SOLUSDT","2026-08","1786147200","73.67","73.74","73.57","73.71","0.0"
"SOLUSDT","2026-08","1786150800","73.7","73.96","73.68","73.88","0.0"
"SOLUSDT","2026-08","1786154400","73.89","73.97","73.86","73.86","0.0"
"SOLUSDT","2026-08","1786158000","73.87","74.99","73.86","74.83","0.0"
"SOLUSDT","2026-08","1786161600","74.84","75.14","74.58","74.64","0.0"
"SOLUSDT","2026-08","1786165200","74.64","74.75","74.49","74.66","0.0"
"SOLUSDT","2026-08","1786168800","74.66","74.82","74.57","74.7","0.0"
"SOLUSDT","2026-08","1786172400","74.71","74.84","74.65","74.82","0.0"
"SOLUSDT","2026-08","1786176000","74.83","74.93","74.7","74.8","0.0"
"SOLUSDT","2026-08","1786179600","74.81","75.04","74.8","74.87","0.0"
"SOLUSDT","2026-08","1786183200","74.87","75.17","74.87","75.06","0.0"
"SOLUSDT","2026-08","1786186800","75.07","75.71","75.05","75.6","0.0"
"SOLUSDT","2026-08","1786190400","75.61","75.69","75.35","75.43","0.0"
"SOLUSDT","2026-08","1786194000","75.42","75.55","75.41","75.52","0.0"
"SOLUSDT","2026-08","1786197600","75.52","76.62","75.52","76.48","0.0"
"SOLUSDT","2026-08","1786201200","76.49","76.81","76.25","76.4","0.0"
"SOLUSDT","2026-08","1786204800","76.4","76.5","76.16","76.38","0.0"
"SOLUSDT","2026-08","1786208400","76.38","76.5","76.27","76.39","0.0"
"SOLUSDT","2026-08","1786212000","76.38","76.38","76.07","76.14","0.0"
"SOLUSDT","2026-08","1786215600","76.14","76.27","75.97","76.16","0.0"
"SOLUSDT","2026-08","1786219200","76.15","76.28","76.14","76.25","0.0"
"SOLUSDT","2026-08","1786222800","76.25","76.36","76.14","76.2","0.0"
"SOLUSDT","2026-08","1786226400","76.21","76.29","75.86","75.91","0.0"
"SOLUSDT","2026-08","1786230000","75.91","76.1","75.78","76.01","0.0"
"SOLUSDT","2026-08","1786233600","76.02","76.05","75.86","76.02","0.0"
"SOLUSDT","2026-08","1786237200","76.02","76.1","75.73","75.87","0.0"
"SOLUSDT","2026-08","1786240800","75.88","76.0","75.8","75.86","0.0"
"SOLUSDT","2026-08","1786244400","75.86","76.05","75.76","75.99","0.0"
"SOLUSDT","2026-08","1786248000","75.98","76.13","75.95","75.98","0.0"
"SOLUSDT","2026-08","1786251600","75.98","76.03","75.88","76.01","0.0"
"SOLUSDT","2026-08","1786255200","76.0","76.5","75.95","76.41","0.0"
"SOLUSDT","2026-08","1786258800","76.42","76.48","76.23","76.36","0.0"
"SOLUSDT","2026-08","1786262400","76.36","76.58","76.1","76.32","0.0"
"SOLUSDT","2026-08","1786266000","76.32","76.52","76.25","76.44","0.0"
"SOLUSDT","2026-08","1786269600","76.44","76.65","76.37","76.37","0.0"
"SOLUSDT","2026-08","1786273200","76.38","76.53","76.32","76.5","0.0"
"SOLUSDT","2026-08","1786276800","76.5","76.6","76.3","76.37","0.0"
"SOLUSDT","2026-08","1786280400","76.36","76.88","76.34","76.57","0.0"
"SOLUSDT","2026-08","1786284000","76.58","77.08","76.57","77.02","0.0"
"SOLUSDT","2026-08","1786287600","77.01","77.47","76.84","77.43","0.0"
"SOLUSDT","2026-08","1786291200","77.42","77.57","77.09","77.33","0.0"
"SOLUSDT","2026-08","1786294800","77.32","77.34","77.13","77.18","0.0"
"SOLUSDT","2026-08","1786298400","77.17","77.25","77.07","77.21","0.0"
"SOLUSDT","2026-08","1786302000","77.21","77.36","77.14","77.23","0.0"
"SOLUSDT","2026-08","1786305600","77.22","77.28","77.06","77.27","0.0"
"SOLUSDT","2026-08","1786309200","77.26","77.51","77.15","77.36","0.0"
"SOLUSDT","2026-08","1786312800","77.36","77.84","76.66","76.82","0.0"
"SOLUSDT","2026-08","1786316400","76.81","76.91","76.21","76.27","0.0"
"SOLUSDT","2026-08","1786320000","76.26","77.02","76.21","76.54","0.0"
"SOLUSDT","2026-08","1786323600","76.55","77.17","76.4","76.9","0.0"
"SOLUSDT","2026-08","1786327200","76.91","76.94","76.44","76.82","0.0"
"SOLUSDT","2026-08","1786330800","76.82","76.93","76.38","76.64","0.0"
"SOLUSDT","2026-08","1786334400","76.64","76.75","76.43","76.56","0.0"
"SOLUSDT","2026-08","1786338000","76.56","76.97","76.55","76.89","0.0"
"SOLUSDT","2026-08","1786341600","76.89","77.08","76.82","76.98","0.0"
"SOLUSDT","2026-08","1786345200","76.99","77.11","76.83","76.98","0.0"
"SOLUSDT","2026-08","1786348800","76.99","77.16","76.68","76.96","0.0"
"SOLUSDT","2026-08","1786352400","76.96","77.03","76.56","76.57","0.0"
"SOLUSDT","2026-08","1786356000","76.57","76.89","76.53","76.83","0.0"
"SOLUSDT","2026-08","1786359600","76.82","77.05","76.67","77.05","0.0"
"SOLUSDT","2026-08","1786363200","77.05","77.13","76.6","76.64","0.0"
"SOLUSDT","2026-08","1786366800","76.64","76.77","76.14","76.31","0.0"
"SOLUSDT","2026-08","1786370400","76.31","76.69","76.24","76.26","0.0"
"SOLUSDT","2026-08","1786374000","76.26","76.42","75.83","75.96","0.0"
"SOLUSDT","2026-08","1786377600","75.96","76.11","75.58","75.7","0.0"
"SOLUSDT","2026-08","1786381200","75.71","76.11","75.61","75.97","0.0"
"SOLUSDT","2026-08","1786384800","75.97","76.07","75.7","75.82","0.0"
"SOLUSDT","2026-08","1786388400","75.83","76.28","75.8","76.19","0.0"
"SOLUSDT","2026-08","1786392000","76.19","76.49","76.17","76.43","0.0"
"SOLUSDT","2026-08","1786395600","76.43","76.49","76.29","76.3","0.0"
"SOLUSDT","2026-08","1786399200","76.3","76.38","76.04","76.21","0.0"
"SOLUSDT","2026-08","1786402800","76.21","76.22","75.98","75.99","0.0"
"SOLUSDT","2026-08","1786406400","76.0","76.04","75.76","75.9","0.0"
"SOLUSDT","2026-08","1786410000","75.9","76.1","75.71","76.09","0.0"
"SOLUSDT","2026-08","1786413600","76.09","76.15","75.99","76.05","0.0"
"SOLUSDT","2026-08","1786417200","76.04","76.25","76.04","76.08","0.0"
"SOLUSDT","2026-08","1786420800","76.08","76.23","76.07","76.08","0.0"
"SOLUSDT","2026-08","1786424400","76.08","76.09","75.79","75.81","0.0"
"SOLUSDT","2026-08","1786428000","75.81","76.06","75.65","75.82","0.0"
"SOLUSDT","2026-08","1786431600","75.82","75.87","75.42","75.69","0.0"
"SOLUSDT","2026-08","1786435200","75.7","75.99","75.63","75.94","0.0"
"SOLUSDT","2026-08","1786438800","75.95","75.95","75.68","75.9","0.0"
"SOLUSDT","2026-08","1786442400","75.89","76.07","75.77","75.96","0.0"
"SOLUSDT","2026-08","1786446000","75.95","76.37","75.95","76.24","0.0"
"SOLUSDT","2026-08","1786449600","76.24","76.26","75.8","75.87","0.0"
"SOLUSDT","2026-08","1786453200","75.87","76.11","75.72","76.02","0.0"
"SOLUSDT","2026-08","1786456800","76.01","76.16","75.08","75.21","0.0"
"SOLUSDT","2026-08","1786460400","75.2","75.42","74.63","74.93","0.0"
"SOLUSDT","2026-08","1786464000","74.93","75.08","74.79","74.93","0.0"
"SOLUSDT","2026-08","1786467600","74.94","75.22","74.92","75.18","0.0"
"SOLUSDT","2026-08","1786471200","75.17","75.35","75.08","75.27","0.0"
"SOLUSDT","2026-08","1786474800","75.28","75.71","75.06","75.67","0.0"
"SOLUSDT","2026-08","1786478400","75.67","76.26","75.66","76.05","0.0"
"SOLUSDT","2026-08","1786482000","76.05","76.45","76.01","76.45","0.0"
"SOLUSDT","2026-08","1786485600","76.45","76.67","76.25","76.42","0.0"
"SOLUSDT","2026-08","1786489200","76.42","76.42","76.2","76.3","0.0"
"SOLUSDT","2026-08","1786492800","76.3","76.38","76.24","76.37","0.0"
"SOLUSDT","2026-08","1786496400","76.37","76.6","76.31","76.44","0.0"
"SOLUSDT","2026-08","1786500000","76.44","76.6","76.42","76.43","0.0"
"SOLUSDT","2026-08","1786503600","76.43","76.53","76.26","76.42","0.0"
"SOLUSDT","2026-08","1786507200","76.42","76.58","76.28","76.3","0.0"
"SOLUSDT","2026-08","1786510800","76.3","76.38","76.19","76.33","0.0"
"SOLUSDT","2026-08","1786514400","76.33","76.37","75.98","76.05","0.0"
"SOLUSDT","2026-08","1786518000","76.05","76.27","75.94","76.27","0.0"
"SOLUSDT","2026-08","1786521600","76.26","76.46","76.16","76.19","0.0"
"SOLUSDT","2026-08","1786525200","76.18","76.9","76.14","76.75","0.0"
"SOLUSDT","2026-08","1786528800","76.75","76.89","76.69","76.78","0.0"
"SOLUSDT","2026-08","1786532400","76.78","76.88","76.7","76.84","0.0"
"SOLUSDT","2026-08","1786536000","76.83","77.33","76.38","76.65","0.0"
"SOLUSDT","2026-08","1786539600","76.66","76.68","76.05","76.23","0.0"
"SOLUSDT","2026-08","1786543200","76.23","76.26","75.42","75.48","0.0"
"SOLUSDT","2026-08","1786546800","75.47","75.88","75.38","75.75","0.0"
"SOLUSDT","2026-08","1786550400","75.75","75.85","75.57","75.7","0.0"
"SOLUSDT","2026-08","1786554000","75.69","76.07","75.67","75.91","0.0"
"SOLUSDT","2026-08","1786557600","75.91","76.1","75.85","75.89","0.0"
"SOLUSDT","2026-08","1786561200","75.89","76.01","75.6","75.77","0.0"
"SOLUSDT","2026-08","1786564800","75.76","76.02","75.75","75.93","0.0"
"SOLUSDT","2026-08","1786568400","75.94","76.02","75.44","75.5","0.0"
"SOLUSDT","2026-08","1786572000","75.49","75.67","75.35","75.53","0.0"
"SOLUSDT","2026-08","1786575600","75.53","75.66","75.4","75.63","0.0"
"SOLUSDT","2026-08","1786579200","75.64","75.89","75.56","75.63","0.0"
"SOLUSDT","2026-08","1786582800","75.62","75.81","75.48","75.65","0.0"
"SOLUSDT","2026-08","1786586400","75.64","75.99","75.53","75.98","0.0"
"SOLUSDT","2026-08","1786590000","75.99","76.33","75.97","76.26","0.0"
"SOLUSDT","2026-08","1786593600","76.26","76.29","76.03","76.13","0.0"
"SOLUSDT","2026-08","1786597200","76.14","76.62","76.09","76.52","0.0"
"SOLUSDT","2026-08","1786600800","76.52","76.55","76.32","76.53","0.0"
"SOLUSDT","2026-08","1786604400","76.53","76.54","76.4","76.44","0.0"
"SOLUSDT","2026-08","1786608000","76.44","76.49","76.17","76.21","0.0"
"SOLUSDT","2026-08","1786611600","76.2","76.22","75.9","76.16","0.0"
"SOLUSDT","2026-08","1786615200","76.16","76.18","75.7","75.75","0.0"
"SOLUSDT","2026-08","1786618800","75.76","75.76","75.56","75.67","0.0"
"SOLUSDT","2026-08","1786622400","75.66","76.15","75.65","76.14","0.0"
"SOLUSDT","2026-08","1786626000","76.13","76.37","76.06","76.2","0.0"
"SOLUSDT","2026-08","1786629600","76.2","76.59","76.14","76.46","0.0"
"SOLUSDT","2026-08","1786633200","76.46","76.55","75.63","75.64","0.0"
"SOLUSDT","2026-08","1786636800","75.64","75.87","75.1","75.61","0.0"
"SOLUSDT","2026-08","1786640400","75.61","75.94","75.56","75.78","0.0"
"SOLUSDT","2026-08","1786644000","75.77","76.1","75.68","76.01","0.0"
"SOLUSDT","2026-08","1786647600","76.01","76.28","75.98","76.2","0.0"
"SOLUSDT","2026-08","1786651200","76.2","76.34","76.14","76.22","0.0"
"SOLUSDT","2026-08","1786654800","76.23","76.31","76.12","76.21","0.0"
"SOLUSDT","2026-08","1786658400","76.21","76.45","76.2","76.25","0.0"
"SOLUSDT","2026-08","1786662000","76.25","76.3","76.15","76.28","0.0"
"SOLUSDT","2026-08","1786665600","76.28","76.33","75.99","76.08","0.0"
"SOLUSDT","2026-08","1786669200","76.07","76.18","75.91","76.08","0.0"
"SOLUSDT","2026-08","1786672800","76.09","76.2","75.98","76.03","0.0"
"SOLUSDT","2026-08","1786676400","76.02","76.07","75.75","75.76","0.0"
"SOLUSDT","2026-08","1786680000","75.76","76.04","75.75","75.85","0.0"
"SOLUSDT","2026-08","1786683600","75.85","76.0","75.81","75.93","0.0"
"SOLUSDT","2026-08","1786687200","75.92","75.93","75.52","75.54","0.0"
"SOLUSDT","2026-08","1786690800","75.55","75.74","75.5","75.59","0.0"
"SOLUSDT","2026-08","1786694400","75.6","75.88","75.57","75.87","0.0"
"SOLUSDT","2026-08","1786698000","75.87","75.87","75.42","75.49","0.0"
"SOLUSDT","2026-08","1786701600","75.49","75.65","75.36","75.41","0.0"
"SOLUSDT","2026-08","1786705200","75.41","75.61","75.4","75.54","0.0"
"SOLUSDT","2026-08","1786708800","75.54","75.61","75.35","75.47","0.0"
"SOLUSDT","2026-08","1786712400","75.47","75.49","75.24","75.37","0.0"
"SOLUSDT","2026-08","1786716000","75.37","75.42","75.06","75.28","0.0"
"SOLUSDT","2026-08","1786719600","75.28","75.78","75.21","75.65","0.0"
"SOLUSDT","2026-08","1786723200","75.65","75.71","75.45","75.47","0.0"
"SOLUSDT","2026-08","1786726800","75.48","75.68","75.16","75.3","0.0"
"SOLUSDT","2026-08","1786730400","75.3","75.31","74.95","74.97","0.0"
"SOLUSDT","2026-08","1786734000","74.97","75.11","74.69","75.02","0.0"
"SOLUSDT","2026-08","1786737600","75.02","75.25","74.98","75.15","0.0"
"SOLUSDT","2026-08","1786741200","75.16","75.24","75.1","75.19","0.0"
"SOLUSDT","2026-08","1786744800","75.2","75.29","74.97","75.2","0.0"
"SOLUSDT","2026-08","1786748400","75.19","75.41","75.16","75.4","0.0"
"SOLUSDT","2026-08","1786752000","75.4","75.43","75.33","75.36","0.0"
"SOLUSDT","2026-08","1786755600","75.36","75.48","75.29","75.42","0.0"
"SOLUSDT","2026-08","1786759200","75.42","75.68","75.39","75.65","0.0"
"SOLUSDT","2026-08","1786762800","75.66","75.71","75.41","75.42","0.0"
"SOLUSDT","2026-08","1786766400","75.41","75.6","75.17","75.53","0.0"
"SOLUSDT","2026-08","1786770000","75.54","75.6","75.31","75.36","0.0"
"SOLUSDT","2026-08","1786773600","75.35","75.5","75.28","75.44","0.0"
"SOLUSDT","2026-08","1786777200","75.44","75.44","75.21","75.24","0.0"
"SOLUSDT","2026-08","1786780800","75.23","75.31","75.08","75.09","0.0"
"SOLUSDT","2026-08","1786784400","75.09","75.26","75.05","75.23","0.0"
"SOLUSDT","2026-08","1786788000","75.24","75.36","75.21","75.3","0.0"
"SOLUSDT","2026-08","1786791600","75.29","75.31","75.22","75.26","0.0"
"SOLUSDT","2026-08","1786795200","75.25","75.43","75.21","75.43","0.0"
"SOLUSDT","2026-08","1786798800","75.42","75.58","75.4","75.57","0.0"
"SOLUSDT","2026-08","1786802400","75.58","75.59","75.46","75.46","0.0"
"SOLUSDT","2026-08","1786806000","75.46","75.56","75.38","75.53","0.0"
"SOLUSDT","2026-08","1786809600","75.52","75.54","75.41","75.5","0.0"
"SOLUSDT","2026-08","1786813200","75.49","75.69","75.49","75.68","0.0"
"SOLUSDT","2026-08","1786816800","75.68","75.69","75.51","75.56","0.0"
"SOLUSDT","2026-08","1786820400","75.56","75.58","75.52","75.57","0.0"
"SOLUSDT","2026-08","1786824000","75.57","75.59","75.42","75.54","0.0"
"SOLUSDT","2026-08","1786827600","75.54","75.74","75.53","75.64","0.0"
"SOLUSDT","2026-08","1786831200","75.64","75.7","75.56","75.59","0.0"
"SOLUSDT","2026-08","1786834800","75.59","75.59","75.31","75.35","0.0"
"SOLUSDT","2026-08","1786838400","75.35","75.5","75.27","75.48","0.0"
"SOLUSDT","2026-08","1786842000","75.47","75.49","75.3","75.43","0.0"
"SOLUSDT","2026-08","1786845600","75.43","75.66","75.27","75.57","0.0"
"SOLUSDT","2026-08","1786849200","75.57","75.66","75.57","75.58","0.0"
"SOLUSDT","2026-08","1786852800","75.59","75.62","75.43","75.45","0.0"
"SOLUSDT","2026-08","1786856400","75.45","75.52","75.34","75.36","0.0"
"SOLUSDT","2026-08","1786860000","75.36","75.53","75.28","75.38","0.0"
"SOLUSDT","2026-08","1786863600","75.38","75.48","75.35","75.47","0.0"
"SOLUSDT","2026-08","1786867200","75.47","75.49","75.4","75.47","0.0"
"SOLUSDT","2026-08","1786870800","75.48","75.48","75.26","75.32","0.0"
"SOLUSDT","2026-08","1786874400","75.32","75.33","75.17","75.27","0.0"
"SOLUSDT","2026-08","1786878000","75.27","75.32","75.23","75.29","0.0"
"SOLUSDT","2026-08","1786881600","75.29","75.3","75.2","75.22","0.0"
"SOLUSDT","2026-08","1786885200","75.23","75.42","75.22","75.31","0.0"
"SOLUSDT","2026-08","1786888800","75.31","75.42","75.25","75.4","0.0"
"SOLUSDT","2026-08","1786892400","75.4","75.64","75.39","75.58","0.0"
"SOLUSDT","2026-08","1786896000","75.57","75.71","75.5","75.56","0.0"
"SOLUSDT","2026-08","1786899600","75.56","75.6","75.27","75.28","0.0"
"SOLUSDT","2026-08","1786903200","75.27","75.28","75.03","75.19","0.0"
"SOLUSDT","2026-08","1786906800","75.19","75.37","75.18","75.23","0.0"
"SOLUSDT","2026-08","1786910400","75.22","75.33","74.97","75.04","0.0"
"SOLUSDT","2026-08","1786914000","75.03","75.09","74.1","74.34","0.0"
"SOLUSDT","2026-08","1786917600","74.34","74.53","74.18","74.52","0.0"
"SOLUSDT","2026-08","1786921200","74.52","74.66","74.46","74.61","0.0"
"SOLUSDT","2026-08","1786924800","74.62","74.75","74.43","74.62","0.0"
"SOLUSDT","2026-08","1786928400","74.62","75.35","74.58","75.1","0.0"
"SOLUSDT","2026-08","1786932000","75.1","75.6","75.05","75.48","0.0"
"SOLUSDT","2026-08","1786935600","75.49","75.59","75.46","75.51","0.0"
"SOLUSDT","2026-08","1786939200","75.52","75.64","75.5","75.56","0.0"
"SOLUSDT","2026-08","1786942800","75.57","75.63","75.39","75.4","0.0"
"SOLUSDT","2026-08","1786946400","75.4","76.0","75.36","75.84","0.0"
"SOLUSDT","2026-08","1786950000","75.85","75.96","75.74","75.79","0.0"
"SOLUSDT","2026-08","1786953600","75.79","75.81","75.17","75.24","0.0"
"SOLUSDT","2026-08","1786957200","75.24","75.42","75.22","75.35","0.0"
"SOLUSDT","2026-08","1786960800","75.34","75.8","75.3","75.78","0.0"
"SOLUSDT","2026-08","1786964400","75.79","75.95","75.68","75.71","0.0"
"SOLUSDT","2026-08","1786968000","75.7","75.71","75.35","75.43","0.0"
"SOLUSDT","2026-08","1786971600","75.42","75.78","75.28","75.63","0.0"
"SOLUSDT","2026-08","1786975200","75.63","76.02","75.51","75.99","0.0"
"SOLUSDT","2026-08","1786978800","75.99","76.22","75.79","76.11","0.0"
"SOLUSDT","2026-08","1786982400","76.11","76.15","75.94","76.03","0.0"
"SOLUSDT","2026-08","1786986000","76.03","76.12","75.7","75.93","0.0"
"SOLUSDT","2026-08","1786989600","75.92","76.17","75.86","75.9","0.0"
"SOLUSDT","2026-08","1786993200","75.9","75.96","75.75","75.81","0.0"
"SOLUSDT","2026-08","1786996800","75.81","76.1","75.63","75.99","0.0"
"SOLUSDT","2026-08","1787000400","76.0","76.05","75.87","75.95","0.0"
"SOLUSDT","2026-08","1787004000","75.96","76.03","75.71","75.74","0.0"
"SOLUSDT","2026-08","1787007600","75.74","76.12","75.71","76.02","0.0"
"SOLUSDT","2026-08","1787011200","76.02","76.09","75.87","76.04","0.0"
"SOLUSDT","2026-08","1787014800","76.05","76.06","75.55","75.6","0.0"
"SOLUSDT","2026-08","1787018400","75.59","75.64","75.2","75.27","0.0"
"SOLUSDT","2026-08","1787022000","75.27","75.53","75.25","75.5","0.0"
"SOLUSDT","2026-08","1787025600","75.5","75.85","75.41","75.84","0.0"
"SOLUSDT","2026-08","1787029200","75.85","75.97","75.59","75.74","0.0"
"SOLUSDT","2026-08","1787032800","75.73","76.07","75.65","76.01","0.0"
"SOLUSDT","2026-08","1787036400","76.02","76.27","75.95","76.1","0.0"
"SOLUSDT","2026-08","1787040000","76.1","76.2","75.85","76.18","0.0"
"SOLUSDT","2026-08","1787043600","76.17","76.17","75.88","75.94","0.0"
"SOLUSDT","2026-08","1787047200","75.94","75.99","75.8","75.84","0.0"
"SOLUSDT","2026-08","1787050800","75.85","76.45","75.83","76.31","0.0"
"SOLUSDT","2026-08","1787054400","76.32","76.52","76.23","76.25","0.0"
"SOLUSDT","2026-08","1787058000","76.25","76.3","76.05","76.21","0.0"
"SOLUSDT","2026-08","1787061600","76.21","77.33","76.12","76.8","0.0"
"SOLUSDT","2026-08","1787065200","76.8","77.25","76.79","77.19","0.0"
"SOLUSDT","2026-08","1787068800","77.2","77.32","76.85","77.08","0.0"
"SOLUSDT","2026-08","1787072400","77.08","77.1","76.88","76.89","0.0"
"SOLUSDT","2026-08","1787076000","76.89","77.31","76.88","77.27","0.0"
"SOLUSDT","2026-08","1787079600","77.26","77.41","77.08","77.18","0.0"
"SOLUSDT","2026-08","1787083200","77.18","77.22","76.75","76.89","0.0"
"SOLUSDT","2026-08","1787086800","76.89","77.12","76.89","77.0","0.0"
"SOLUSDT","2026-08","1787090400","77.0","77.21","76.88","76.94","0.0"
"SOLUSDT","2026-08","1787094000","76.95","77.23","76.94","77.05","0.0"
"SOLUSDT","2026-08","1787097600","77.05","77.12","76.83","76.91","0.0"
"SOLUSDT","2026-08","1787101200","76.92","77.07","76.64","76.8","0.0"
"SOLUSDT","2026-08","1787104800","76.8","76.93","76.7","76.81","0.0"
"SOLUSDT","2026-08","1787108400","76.81","77.1","76.7","77.0","0.0"
"SOLUSDT","2026-08","1787112000","76.99","77.14","76.8","76.86","0.0"
"SOLUSDT","2026-08","1787115600","76.86","77.07","76.78","76.8","0.0"
"SOLUSDT","2026-08","1787119200","76.81","77.17","76.63","77.07","0.0"
"SOLUSDT","2026-08","1787122800","77.08","77.1","76.94","76.96","0.0"
"SOLUSDT","2026-08","1787126400","76.96","77.65","76.92","77.38","0.0"
"SOLUSDT","2026-08","1787130000","77.39","77.48","77.22","77.32","0.0"
"SOLUSDT","2026-08","1787133600","77.33","77.39","77.23","77.39","0.0"
"SOLUSDT","2026-08","1787137200","77.38","77.62","77.38","77.55","0.0"
"SOLUSDT","2026-08","1787140800","77.54","79.05","77.43","78.41","0.0"
"SOLUSDT","2026-08","1787144400","78.41","78.71","78.18","78.41","0.0"
"SOLUSDT","2026-08","1787148000","78.41","81.01","78.37","80.89","0.0"
"SOLUSDT","2026-08","1787151600","80.9","83.0","80.7","81.83","0.0"
"SOLUSDT","2026-08","1787155200","81.83","82.39","81.55","81.58","0.0"
"SOLUSDT","2026-08","1787158800","81.58","81.72","81.01","81.65","0.0"
"SOLUSDT","2026-08","1787162400","81.65","82.29","81.27","82.27","0.0"
"SOLUSDT","2026-08","1787166000","82.27","82.5","82.0","82.36","0.0"
"SOLUSDT","2026-08","1787169600","82.37","84.3","82.28","83.72","0.0"
"SOLUSDT","2026-08","1787173200","83.72","87.21","83.72","86.64","0.0"
"SOLUSDT","2026-08","1787176800","86.64","86.84","84.93","85.49","0.0"
"SOLUSDT","2026-08","1787180400","85.49","85.78","85.04","85.38","0.0"
"SOLUSDT","2026-08","1787184000","85.39","85.79","84.91","85.0","0.0"
"SOLUSDT","2026-08","1787187600","85.01","85.41","84.65","85.37","0.0"
"SOLUSDT","2026-08","1787191200","85.37","85.45","84.68","84.78","0.0"
"SOLUSDT","2026-08","1787194800","84.77","84.78","84.01","84.48","0.0"
"SOLUSDT","2026-08","1787198400","84.48","84.96","84.42","84.84","0.0"
"SOLUSDT","2026-08","1787202000","84.84","85.08","84.82","84.96","0.0"
"SOLUSDT","2026-08","1787205600","84.96","85.92","84.7","85.92","0.0"
"SOLUSDT","2026-08","1787209200","85.92","86.2","85.78","86.18","0.0"
"SOLUSDT","2026-08","1787212800","86.17","87.98","86.04","87.53","0.0"
"SOLUSDT","2026-08","1787216400","87.52","87.82","87.11","87.36","0.0"
"SOLUSDT","2026-08","1787220000","87.36","87.82","87.01","87.45","0.0"
"SOLUSDT","2026-08","1787223600","87.46","88.1","87.1","87.21","0.0"
"SOLUSDT","2026-08","1787227200","87.22","87.42","86.52","87.07","0.0"
"SOLUSDT","2026-08","1787230800","87.07","87.48","86.21","86.58","0.0"
"SOLUSDT","2026-08","1787234400","86.58","86.88","86.16","86.62","0.0"
"SOLUSDT","2026-08","1787238000","86.61","87.47","86.57","87.37","0.0"
"SOLUSDT","2026-08","1787241600","87.37","87.84","86.87","87.76","0.0"
"SOLUSDT","2026-08","1787245200","87.76","87.93","87.28","87.5","0.0"
"SOLUSDT","2026-08","1787248800","87.5","87.66","86.68","86.87","0.0"
"SOLUSDT","2026-08","1787252400","86.86","87.53","86.85","87.31","0.0"
"SOLUSDT","2026-08","1787256000","87.32","87.68","87.25","87.59","0.0"
"SOLUSDT","2026-08","1787259600","87.59","87.88","87.42","87.5","0.0"
"SOLUSDT","2026-08","1787263200","87.5","87.59","87.19","87.24","0.0"
"SOLUSDT","2026-08","1787266800","87.23","87.99","87.23","87.66","0.0"
"SOLUSDT","2026-08","1787270400","87.65","88.8","87.57","88.23","0.0"
"SOLUSDT","2026-08","1787274000","88.23","89.5","88.12","89.01","0.0"
"SOLUSDT","2026-08","1787277600","89.01","90.2","88.51","89.25","0.0"
"SOLUSDT","2026-08","1787281200","89.26","89.56","88.76","89.1","0.0"
"SOLUSDT","2026-08","1787284800","89.11","89.5","88.88","89.47","0.0"
"SOLUSDT","2026-08","1787288400","89.46","90.74","89.18","90.46","0.0"
"SOLUSDT","2026-08","1787292000","90.45","91.33","89.77","90.24","0.0"
"SOLUSDT","2026-08","1787295600","90.25","91.18","89.94","90.41","0.0"
"SOLUSDT","2026-08","1787299200","90.42","93.39","90.36","93.29","0.0"
"SOLUSDT","2026-08","1787302800","93.28","93.33","90.31","91.68","0.0"
"SOLUSDT","2026-08","1787306400","91.67","91.76","90.86","91.49","0.0"
"SOLUSDT","2026-08","1787310000","91.48","91.62","89.91","90.29","0.0"
"SOLUSDT","2026-08","1787313600","90.3","91.15","90.03","90.88","0.0"
"SOLUSDT","2026-08","1787317200","90.88","91.37","89.78","91.07","0.0"
"SOLUSDT","2026-08","1787320800","91.07","91.95","90.56","91.87","0.0"
"SOLUSDT","2026-08","1787324400","91.88","92.16","91.25","91.37","0.0"
"SOLUSDT","2026-08","1787328000","91.37","91.92","90.75","91.63","0.0"
"SOLUSDT","2026-08","1787331600","91.63","91.98","91.18","91.8","0.0"
"SOLUSDT","2026-08","1787335200","91.8","92.06","91.09","91.56","0.0"
"SOLUSDT","2026-08","1787338800","91.56","91.62","90.78","90.96","0.0"
"SOLUSDT","2026-08","1787342400","90.96","91.97","90.59","91.87","0.0"
"SOLUSDT","2026-08","1787346000","91.86","93.85","91.66","93.74","0.0"
"SOLUSDT","2026-08","1787349600","93.74","94.62","93.3","94.3","0.0"
"SOLUSDT","2026-08","1787353200","94.3","94.99","93.37","93.72","0.0"
"SOLUSDT","2026-08","1787356800","93.72","94.42","92.86","93.89","0.0"
"SOLUSDT","2026-08","1787360400","93.89","94.44","93.49","93.69","0.0"
"SOLUSDT","2026-08","1787364000","93.69","95.79","93.69","95.63","0.0"
"SOLUSDT","2026-08","1787367600","95.64","97.59","95.49","96.79","0.0"
"SOLUSDT","2026-08","1787371200","96.8","102.74","96.18","99.15","0.0"
"SOLUSDT","2026-08","1787374800","99.14","99.98","87.72","94.23","0.0"
"SOLUSDT","2026-08","1787378400","94.23","95.12","93.08","94.3","0.0"
"SOLUSDT","2026-08","1787382000","94.31","95.52","94.05","94.46","0.0"
"SOLUSDT","2026-08","1787385600","94.46","95.01","93.06","94.1","0.0"
"SOLUSDT","2026-08","1787389200","94.1","94.61","92.99","93.92","0.0"
"SOLUSDT","2026-08","1787392800","93.92","93.99","91.34","92.88","0.0"
"SOLUSDT","2026-08","1787396400","92.88","93.54","92.58","93.3","0.0"
"SOLUSDT","2026-08","1787400000","93.29","94.35","93.14","93.82","0.0"
"SOLUSDT","2026-08","1787403600","93.83","94.23","93.53","94.12","0.0"
"SOLUSDT","2026-08","1787407200","94.12","94.29","92.9","93.25","0.0"
"SOLUSDT","2026-08","1787410800","93.25","93.58","92.82","93.07","0.0"
"SOLUSDT","2026-08","1787414400","93.08","94.67","93.07","94.29","0.0"
"SOLUSDT","2026-08","1787418000","94.28","94.55","93.77","94.27","0.0"
"SOLUSDT","2026-08","1787421600","94.27","94.52","94.03","94.46","0.0"
"SOLUSDT","2026-08","1787425200","94.46","94.8","94.27","94.49","0.0"
"SOLUSDT","2026-08","1787428800","94.49","94.78","94.29","94.39","0.0"
"SOLUSDT","2026-08","1787432400","94.4","94.4","92.73","92.83","0.0"
"SOLUSDT","2026-08","1787436000","92.82","94.01","92.58","93.62","0.0"
"SOLUSDT","2026-08","1787439600","93.62","93.99","93.31","93.82","0.0"
"SOLUSDT","2026-08","1787443200","93.83","97.21","93.59","96.35","0.0"
"SOLUSDT","2026-08","1787446800","96.36","96.58","95.65","96.0","0.0"
"SOLUSDT","2026-08","1787450400","96.0","96.59","93.94","94.89","0.0"
"SOLUSDT","2026-08","1787454000","94.9","95.02","93.43","93.7","0.0"
"SOLUSDT","2026-08","1787457600","93.71","94.1","92.22","92.56","0.0"
"SOLUSDT","2026-08","1787461200","92.55","93.28","91.58","92.3","0.0"
"SOLUSDT","2026-08","1787464800","92.29","92.77","91.77","92.25","0.0"
"SOLUSDT","2026-08","1787468400","92.25","92.97","92.13","92.49","0.0"
"SOLUSDT","2026-08","1787472000","92.48","93.53","92.31","93.2","0.0"
"SOLUSDT","2026-08","1787475600","93.2","93.55","92.9","93.32","0.0"
"SOLUSDT","2026-08","1787479200","93.32","94.12","93.29","93.63","0.0"
"SOLUSDT","2026-08","1787482800","93.64","94.82","93.55","94.63","0.0"
"SOLUSDT","2026-08","1787486400","94.62","94.8","94.04","94.59","0.0"
"SOLUSDT","2026-08","1787490000","94.59","95.81","94.58","95.39","0.0"
"SOLUSDT","2026-08","1787493600","95.38","95.68","93.4","95.07","0.0"
"SOLUSDT","2026-08","1787497200","95.07","95.9","94.67","95.36","0.0"
"SOLUSDT","2026-08","1787500800","95.37","95.72","95.17","95.41","0.0"
"SOLUSDT","2026-08","1787504400","95.42","95.52","94.82","95.11","0.0"
"SOLUSDT","2026-08","1787508000","95.11","95.47","94.94","95.29","0.0"
"SOLUSDT","2026-08","1787511600","95.3","95.47","94.83","95.07","0.0"
"SOLUSDT","2026-08","1787515200","95.08","95.4","94.76","95.07","0.0"
"SOLUSDT","2026-08","1787518800","95.07","96.25","95.07","95.36","0.0"
"SOLUSDT","2026-08","1787522400","95.36","95.75","94.78","95.59","0.0"
"SOLUSDT","2026-08","1787526000","95.59","95.88","95.01","95.43","0.0"
"SOLUSDT","2026-08","1787529600","95.44","95.56","93.87","95.54","0.0"
"SOLUSDT","2026-08","1787533200","95.55","95.56","93.74","93.88","0.0"
"SOLUSDT","2026-08","1787536800","93.87","95.05","93.67","94.59","0.0"
"SOLUSDT","2026-08","1787540400","94.59","94.66","93.47","93.66","0.0"
"SOLUSDT","2026-08","1787544000","93.66","94.35","93.66","94.22","0.0"
"SOLUSDT","2026-08","1787547600","94.21","94.66","93.47","94.28","0.0"
"SOLUSDT","2026-08","1787551200","94.27","94.64","93.8","94.56","0.0"
"SOLUSDT","2026-08","1787554800","94.56","95.45","94.0","94.11","0.0"
"SOLUSDT","2026-08","1787558400","94.11","94.38","93.26","93.94","0.0"
"SOLUSDT","2026-08","1787562000","93.93","94.89","93.89","94.67","0.0"
"SOLUSDT","2026-08","1787565600","94.66","95.11","94.57","94.72","0.0"
"SOLUSDT","2026-08","1787569200","94.71","96.33","94.25","95.84","0.0"
"SOLUSDT","2026-08","1787572800","95.84","96.64","94.18","96.29","0.0"
"SOLUSDT","2026-08","1787576400","96.29","96.53","94.3","95.02","0.0"
"SOLUSDT","2026-08","1787580000","95.02","96.73","94.85","96.1","0.0"
"SOLUSDT","2026-08","1787583600","96.11","97.61","95.99","96.45","0.0"
"SOLUSDT","2026-08","1787587200","96.46","97.58","95.8","96.07","0.0"
"SOLUSDT","2026-08","1787590800","96.07","96.2","94.81","95.4","0.0"
"SOLUSDT","2026-08","1787594400","95.4","96.44","95.4","95.92","0.0"
"SOLUSDT","2026-08","1787598000","95.93","96.65","95.42","96.54","0.0"
"SOLUSDT","2026-08","1787601600","96.54","96.77","95.75","96.55","0.0"
"SOLUSDT","2026-08","1787605200","96.55","97.57","96.55","97.47","0.0"
"SOLUSDT","2026-08","1787608800","97.48","98.71","97.17","97.43","0.0"
"SOLUSDT","2026-08","1787612400","97.44","98.99","97.26","98.97","0.0"
"SOLUSDT","2026-08","1787616000","98.98","102.77","98.56","101.77","0.0"
"SOLUSDT","2026-08","1787619600","101.76","102.55","100.09","100.47","0.0"
"SOLUSDT","2026-08","1787623200","100.48","102.35","100.21","100.92","0.0"
"SOLUSDT","2026-08","1787626800","100.93","102.05","100.85","101.61","0.0"
"SOLUSDT","2026-08","1787630400","101.61","101.73","100.82","101.33","0.0"
"SOLUSDT","2026-08","1787634000","101.33","103.08","101.24","101.89","0.0"
"SOLUSDT","2026-08","1787637600","101.89","102.07","100.42","100.76","0.0"
"SOLUSDT","2026-08","1787641200","100.77","101.95","99.54","100.23","0.0"
"SOLUSDT","2026-08","1787644800","100.24","101.13","99.73","100.41","0.0"
"SOLUSDT","2026-08","1787648400","100.41","100.65","99.29","99.82","0.0"
"SOLUSDT","2026-08","1787652000","99.82","99.9","99.05","99.64","0.0"
"SOLUSDT","2026-08","1787655600","99.64","99.72","98.49","98.6","0.0"
"SOLUSDT","2026-08","1787659200","98.61","98.82","97.48","98.6","0.0"
"SOLUSDT","2026-08","1787662800","98.59","98.82","96.21","97.15","0.0"
"SOLUSDT","2026-08","1787666400","97.16","98.42","96.91","98.21","0.0"
"SOLUSDT","2026-08","1787670000","98.22","98.5","97.61","98.38","0.0"
"SOLUSDT","2026-08","1787673600","98.38","98.66","97.77","98.19","0.0"
"SOLUSDT","2026-08","1787677200","98.2","98.22","97.45","98.2","0.0"
"SOLUSDT","2026-08","1787680800","98.2","98.83","98.07","98.5","0.0"
"SOLUSDT","2026-08","1787684400","98.49","98.64","97.48","97.94","0.0"
"SOLUSDT","2026-08","1787688000","97.95","98.05","96.64","96.68","0.0"
"SOLUSDT","2026-08","1787691600","96.68","97.28","95.32","97.19","0.0"
"SOLUSDT","2026-08","1787695200","97.19","97.77","97.15","97.22","0.0"
"SOLUSDT","2026-08","1787698800","97.21","97.43","96.39","96.6","0.0"
"SOLUSDT","2026-08","1787702400","96.6","96.94","96.17","96.66","0.0"
"SOLUSDT","2026-08","1787706000","96.65","97.28","96.63","97.03","0.0"
"SOLUSDT","2026-08","1787709600","97.04","97.56","96.79","97.28","0.0"
"SOLUSDT","2026-08","1787713200","97.28","97.38","96.82","97.06","0.0"
"SOLUSDT","2026-08","1787716800","97.06","97.32","96.56","96.63","0.0"
"SOLUSDT","2026-08","1787720400","96.62","97.19","96.25","97.09","0.0"
"SOLUSDT","2026-08","1787724000","97.09","97.33","96.52","96.8","0.0"
"SOLUSDT","2026-08","1787727600","96.8","97.17","96.66","96.95","0.0"
"SOLUSDT","2026-08","1787731200","96.95","97.4","96.7","96.81","0.0"
"SOLUSDT","2026-08","1787734800","96.81","97.02","95.78","96.17","0.0"
"SOLUSDT","2026-08","1787738400","96.16","97.88","96.0","97.48","0.0"
"SOLUSDT","2026-08","1787742000","97.48","97.66","96.68","97.03","0.0"
"SOLUSDT","2026-08","1787745600","97.04","97.57","96.05","97.02","0.0"
"SOLUSDT","2026-08","1787749200","97.01","97.23","95.79","96.55","0.0"
"SOLUSDT","2026-08","1787752800","96.55","96.98","95.41","95.48","0.0"
"SOLUSDT","2026-08","1787756400","95.47","96.34","94.95","95.94","0.0"
"SOLUSDT","2026-08","1787760000","95.93","96.19","95.47","95.95","0.0"
"SOLUSDT","2026-08","1787763600","95.95","97.25","95.87","96.97","0.0"
"SOLUSDT","2026-08","1787767200","96.98","97.16","96.63","96.84","0.0"
"SOLUSDT","2026-08","1787770800","96.83","96.93","96.35","96.8","0.0"
"SOLUSDT","2026-08","1787774400","96.79","97.04","96.3","96.93","0.0"
"SOLUSDT","2026-08","1787778000","96.94","98.35","96.89","98.26","0.0"
"SOLUSDT","2026-08","1787781600","98.26","100.92","98.07","99.7","0.0"
"SOLUSDT","2026-08","1787785200","99.69","102.46","99.5","102.07","0.0"
"SOLUSDT","2026-08","1787788800","102.08","102.14","100.59","100.59","0.0"
"SOLUSDT","2026-08","1787792400","100.59","101.93","100.52","101.45","0.0"
"SOLUSDT","2026-08","1787796000","101.44","101.94","100.87","101.17","0.0"
"SOLUSDT","2026-08","1787799600","101.18","101.81","100.89","101.08","0.0"
"SOLUSDT","2026-08","1787803200","101.09","101.55","100.7","101.09","0.0"
"SOLUSDT","2026-08","1787806800","101.08","102.29","100.77","102.04","0.0"
"SOLUSDT","2026-08","1787810400","102.04","102.06","100.88","101.28","0.0"
"SOLUSDT","2026-08","1787814000","101.28","102.1","101.03","101.8","0.0"
"SOLUSDT","2026-08","1787817600","101.81","105.06","101.73","104.66","0.0"
"SOLUSDT","2026-08","1787821200","104.67","105.79","104.0","104.4","0.0"
"SOLUSDT","2026-08","1787824800","104.4","105.03","103.1","104.1","0.0"
"SOLUSDT","2026-08","1787828400","104.1","104.96","103.4","103.95","0.0"
"SOLUSDT","2026-08","1787832000","103.95","104.77","103.93","104.43","0.0"
"SOLUSDT","2026-08","1787835600","104.42","106.32","104.16","106.06","0.0"
"SOLUSDT","2026-08","1787839200","106.06","107.94","105.21","106.8","0.0"
"SOLUSDT","2026-08","1787842800","106.8","108.0","106.5","107.2","0.0"
"SOLUSDT","2026-08","1787846400","107.2","109.49","106.87","108.94","0.0"
"SOLUSDT","2026-08","1787850000","108.94","109.62","107.72","108.18","0.0"
"SOLUSDT","2026-08","1787853600","108.19","108.39","106.69","108.39","0.0"
"SOLUSDT","2026-08","1787857200","108.39","109.92","108.27","109.39","0.0"
"SOLUSDT","2026-08","1787860800","109.39","109.77","108.44","109.03","0.0"
"SOLUSDT","2026-08","1787864400","109.03","109.15","108.21","108.73","0.0"
"SOLUSDT","2026-08","1787868000","108.73","110.6","108.73","109.2","0.0"
"SOLUSDT","2026-08","1787871600","109.19","110.03","108.86","109.14","0.0"
"SOLUSDT","2026-08","1787875200","109.15","110.0","108.67","109.11","0.0"
"SOLUSDT","2026-08","1787878800","109.11","109.75","107.72","107.85","0.0"
"SOLUSDT","2026-08","1787882400","107.84","107.97","106.16","106.52","0.0"
"SOLUSDT","2026-08","1787886000","106.51","107.34","105.86","106.85","0.0"
"SOLUSDT","2026-08","1787889600","106.84","107.66","106.26","106.79","0.0"
"SOLUSDT","2026-08","1787893200","106.78","107.47","106.63","107.2","0.0"
"SOLUSDT","2026-08","1787896800","107.21","107.85","107.19","107.54","0.0"
"SOLUSDT","2026-08","1787900400","107.54","107.55","106.27","106.35","0.0"
"SOLUSDT","2026-08","1787904000","106.35","106.88","105.77","106.04","0.0"
"SOLUSDT","2026-08","1787907600","106.04","106.62","105.52","105.93","0.0"
"SOLUSDT","2026-08","1787911200","105.94","106.22","104.53","106.2","0.0"
"SOLUSDT","2026-08","1787914800","106.19","107.05","105.56","105.84","0.0"
"SOLUSDT","2026-08","1787918400","105.84","106.01","104.55","104.89","0.0"
"SOLUSDT","2026-08","1787922000","104.88","105.61","104.65","105.18","0.0"
"SOLUSDT","2026-08","1787925600","105.17","106.7","103.63","106.31","0.0"
"SOLUSDT","2026-08","1787929200","106.31","107.94","105.21","105.24","0.0"
"SOLUSDT","2026-08","1787932800","105.25","105.72","103.0","105.16","0.0"
"SOLUSDT","2026-08","1787936400","105.16","105.26","104.3","104.67","0.0"
"SOLUSDT","2026-08","1787940000","104.67","104.72","102.28","103.12","0.0"
"SOLUSDT","2026-08","1787943600","103.11","103.88","103.01","103.41","0.0"
"SOLUSDT","2026-08","1787947200","103.4","104.31","102.82","103.86","0.0"
"SOLUSDT","2026-08","1787950800","103.86","104.03","103.27","103.44","0.0"
"SOLUSDT","2026-08","1787954400","103.45","104.21","103.41","104.14","0.0"
"SOLUSDT","2026-08","1787958000","104.13","104.39","103.98","104.15","0.0"
"SOLUSDT","2026-08","1787961600","104.14","104.59","103.86","103.91","0.0"
"SOLUSDT","2026-08","1787965200","103.91","104.37","103.8","104.17","0.0"
"SOLUSDT","2026-08","1787968800","104.17","104.41","103.66","103.95","0.0"
"SOLUSDT","2026-08","1787972400","103.94","104.24","103.82","103.87","0.0"
"SOLUSDT","2026-08","1787976000","103.88","104.05","103.46","103.87","0.0"
"SOLUSDT","2026-08","1787979600","103.88","104.2","103.82","104.02","0.0"
"SOLUSDT","2026-08","1787983200","104.02","104.02","103.32","103.59","0.0"
"SOLUSDT","2026-08","1787986800","103.59","103.98","103.58","103.74","0.0"
"SOLUSDT","2026-08","1787990400","103.73","103.73","103.11","103.46","0.0"
"SOLUSDT","2026-08","1787994000","103.47","103.63","103.3","103.33","0.0"
"SOLUSDT","2026-08","1787997600","103.33","103.6","103.03","103.45","0.0"
"SOLUSDT","2026-08","1788001200","103.44","103.71","103.41","103.5","0.0"
"SOLUSDT","2026-08","1788004800","103.51","104.01","103.38","103.62","0.0"
"SOLUSDT","2026-08","1788008400","103.61","103.97","103.51","103.8","0.0"
"SOLUSDT","2026-08","1788012000","103.8","105.5","103.79","105.38","0.0"
"SOLUSDT","2026-08","1788015600","105.39","105.51","104.65","105.03","0.0"
"SOLUSDT","2026-08","1788019200","105.03","105.39","104.84","104.87","0.0"
"SOLUSDT","2026-08","1788022800","104.87","105.15","104.37","104.87","0.0"
"SOLUSDT","2026-08","1788026400","104.87","105.3","104.75","105.13","0.0"
"SOLUSDT","2026-08","1788030000","105.13","105.88","105.12","105.35","0.0"
"SOLUSDT","2026-08","1788033600","105.36","105.52","105.07","105.23","0.0"
"SOLUSDT","2026-08","1788037200","105.23","105.4","104.76","105.05","0.0"
"SOLUSDT","2026-08","1788040800","105.04","105.56","104.9","105.51","0.0"
"SOLUSDT","2026-08","1788044400","105.52","105.78","105.42","105.61","0.0"
"SOLUSDT","2026-08","1788048000","105.61","105.71","105.23","105.25","0.0"
"SOLUSDT","2026-08","1788051600","105.26","105.39","105.01","105.24","0.0"
"SOLUSDT","2026-08","1788055200","105.24","105.49","105.18","105.22","0.0"
"SOLUSDT","2026-08","1788058800","105.22","105.34","104.96","105.07","0.0"
"SOLUSDT","2026-08","1788062400","105.07","105.13","104.68","105.11","0.0"
"SOLUSDT","2026-08","1788066000","105.12","105.27","104.91","105.08","0.0"
"SOLUSDT","2026-08","1788069600","105.07","105.42","104.89","105.41","0.0"
"SOLUSDT","2026-08","1788073200","105.42","105.44","104.72","104.85","0.0"
"SOLUSDT","2026-08","1788076800","104.84","105.08","104.47","104.75","0.0"
"SOLUSDT","2026-08","1788080400","104.75","104.97","104.47","104.6","0.0"
"SOLUSDT","2026-08","1788084000","104.6","105.24","104.5","105.09","0.0"
"SOLUSDT","2026-08","1788087600","105.1","105.32","104.93","105.12","0.0"
"SOLUSDT","2026-08","1788091200","105.11","106.19","105.08","106.11","0.0"
"SOLUSDT","2026-08","1788094800","106.11","107.48","105.87","107.13","0.0"
"SOLUSDT","2026-08","1788098400","107.12","107.25","106.63","106.73","0.0"
"SOLUSDT","2026-08","1788102000","106.73","106.84","105.98","106.29","0.0"
"SOLUSDT","2026-08","1788105600","106.29","107.15","106.13","106.91","0.0"
"SOLUSDT","2026-08","1788109200","106.9","106.9","105.26","106.42","0.0"
"SOLUSDT","2026-08","1788112800","106.41","106.86","106.03","106.68","0.0"
"SOLUSDT","2026-08","1788116400","106.69","106.82","105.45","105.82","0.0"
"SOLUSDT","2026-08","1788120000","105.82","106.03","104.42","104.77","0.0"
"SOLUSDT","2026-08","1788123600","104.77","104.79","103.38","104.45","0.0"
"SOLUSDT","2026-08","1788127200","104.46","104.75","103.33","103.82","0.0"
"SOLUSDT","2026-08","1788130800","103.82","103.82","100.31","101.75","0.0"
"SOLUSDT","2026-08","1788134400","101.75","102.62","101.12","102.14","0.0"
"SOLUSDT","2026-08","1788138000","102.14","102.26","101.4","101.52","0.0"
"SOLUSDT","2026-08","1788141600","101.51","102.35","101.18","101.45","0.0"
"SOLUSDT","2026-08","1788145200","101.46","102.21","101.29","101.94","0.0"
"SOLUSDT","2026-08","1788148800","101.95","102.0","100.9","101.45","0.0"
"SOLUSDT","2026-08","1788152400","101.44","103.04","101.27","102.63","0.0"
"SOLUSDT","2026-08","1788156000","102.63","102.89","102.34","102.72","0.0"
"SOLUSDT","2026-08","1788159600","102.73","103.18","102.64","102.98","0.0"
"SOLUSDT","2026-08","1788163200","102.99","103.47","102.46","103.24","0.0"
"SOLUSDT","2026-08","1788166800","103.23","103.49","103.0","103.09","0.0"
"SOLUSDT","2026-08","1788170400","103.09","104.07","102.66","103.68","0.0"
"SOLUSDT","2026-08","1788174000","103.68","104.17","103.27","103.4","0.0"
"SOLUSDT","2026-08","1788177600","103.4","103.76","102.5","102.76","0.0"
"SOLUSDT","2026-08","1788181200","102.77","103.08","102.18","102.36","0.0"
"SOLUSDT","2026-08","1788184800","102.36","103.93","102.21","103.53","0.0"
"SOLUSDT","2026-08","1788188400","103.54","103.67","102.77","102.88","0.0"
"SOLUSDT","2026-08","1788192000","102.88","103.33","102.45","102.83","0.0"
"SOLUSDT","2026-08","1788195600","102.84","103.8","102.65","103.64","0.0"
"SOLUSDT","2026-08","1788199200","103.64","105.0","103.38","104.47","0.0"
"SOLUSDT","2026-08","1788202800","104.47","104.76","103.55","103.61","0.0"
"SOLUSDT","2026-08","1788206400","103.6","104.29","103.53","103.75","0.0"
"SOLUSDT","2026-08","1788210000","103.74","103.97","103.24","103.67","0.0"
"SOLUSDT","2026-08","1788213600","103.67","103.79","103.12","103.21","0.0"
"SOLUSDT","2026-08","1788217200","103.2","103.22","102.88","103.06","0.0"
