"symbol","month","timestamp","open","high","low","close","volume"
"XRPUSDT","2026-05","1777593600","1.368","1.3732","1.3649","1.3693","0.0"
"XRPUSDT","2026-05","1777597200","1.3692","1.3738","1.3656","1.3714","0.0"
"XRPUSDT","2026-05","1777600800","1.3714","1.372","1.3685","1.3701","0.0"
"XRPUSDT","2026-05","1777604400","1.37","1.3804","1.3687","1.3764","0.0"
"XRPUSDT","2026-05","1777608000","1.3764","1.3787","1.374","1.3759","0.0"
"XRPUSDT","2026-05","1777611600","1.376","1.3784","1.3749","1.3766","0.0"
"XRPUSDT","2026-05","1777615200","1.3767","1.3788","1.3722","1.3734","0.0"
"XRPUSDT","2026-05","1777618800","1.3733","1.3757","1.3718","1.3749","0.0"
"XRPUSDT","2026-05","1777622400","1.3748","1.3807","1.374","1.3784","0.0"
"XRPUSDT","2026-05","1777626000","1.3784","1.3787","1.3741","1.3754","0.0"
"XRPUSDT","2026-05","1777629600","1.3754","1.3768","1.3716","1.3766","0.0"
"XRPUSDT","2026-05","1777633200","1.3766","1.3799","1.3755","1.3779","0.0"
"XRPUSDT","2026-05","1777636800","1.378","1.3877","1.3774","1.3834","0.0"
"XRPUSDT","2026-05","1777640400","1.3834","1.3996","1.3834","1.3984","0.0"
"XRPUSDT","2026-05","1777644000","1.3985","1.3999","1.3896","1.3948","0.0"
"XRPUSDT","2026-05","1777647600","1.3947","1.3998","1.3911","1.396","0.0"
"XRPUSDT","2026-05","1777651200","1.396","1.3985","1.3911","1.3915","0.0"
"XRPUSDT","2026-05","1777654800","1.3914","1.3952","1.3888","1.3949","0.0"
"XRPUSDT","2026-05","1777658400","1.3949","1.3957","1.3928","1.3936","0.0"
"XRPUSDT","2026-05","1777662000","1.3936","1.396","1.3921","1.3937","0.0"
"XRPUSDT","2026-05","1777665600","1.3938","1.3947","1.3828","1.3846","0.0"
"XRPUSDT","2026-05","1777669200","1.3846","1.389","1.3843","1.3887","0.0"
"XRPUSDT","2026-05","1777672800","1.3887","1.3903","1.3836","1.3836","0.0"
"XRPUSDT","2026-05","1777676400","1.3836","1.3858","1.3809","1.3858","0.0"
"XRPUSDT","2026-05","1777680000","1.3858","1.3904","1.3847","1.3863","0.0"
"XRPUSDT","2026-05","1777683600","1.3864","1.3888","1.3844","1.385","0.0"
"XRPUSDT","2026-05","1777687200","1.3849","1.3883","1.3812","1.3859","0.0"
"XRPUSDT","2026-05","1777690800","1.3859","1.3884","1.384","1.386","0.0"
"XRPUSDT","2026-05","1777694400","1.3859","1.386","1.3828","1.3849","0.0"
"XRPUSDT","2026-05","1777698000","1.3849","1.3851","1.3826","1.3838","0.0"
"XRPUSDT","2026-05","1777701600","1.3839","1.3877","1.3839","1.3871","0.0"
"XRPUSDT","2026-05","1777705200","1.3871","1.3885","1.3853","1.3853","0.0"
"XRPUSDT","2026-05","1777708800","1.3853","1.3857","1.3838","1.3847","0.0"
"XRPUSDT","2026-05","1777712400","1.3847","1.3878","1.3838","1.3865","0.0"
"XRPUSDT","2026-05","1777716000","1.3865","1.388","1.3862","1.3878","0.0"
"XRPUSDT","2026-05","1777719600","1.3878","1.3911","1.3852","1.3859","0.0"
"XRPUSDT","2026-05","1777723200","1.3859","1.388","1.3847","1.387","0.0"
"XRPUSDT","2026-05","1777726800","1.3871","1.3925","1.3871","1.3922","0.0"
"XRPUSDT","2026-05","1777730400","1.3922","1.3933","1.3899","1.3918","0.0"
"XRPUSDT","2026-05","1777734000","1.3918","1.3943","1.3912","1.3934","0.0"
"XRPUSDT","2026-05","1777737600","1.3934","1.395","1.3908","1.3929","0.0"
"XRPUSDT","2026-05","1777741200","1.393","1.3943","1.3913","1.3916","0.0"
"XRPUSDT","2026-05","1777744800","1.3916","1.3938","1.3896","1.3931","0.0"
"XRPUSDT","2026-05","1777748400","1.3931","1.3951","1.393","1.3946","0.0"
"XRPUSDT","2026-05","1777752000","1.3947","1.3948","1.3931","1.3932","0.0"
"XRPUSDT","2026-05","1777755600","1.3933","1.4003","1.3904","1.3935","0.0"
"XRPUSDT","2026-05","1777759200","1.3934","1.4003","1.3921","1.3961","0.0"
"XRPUSDT","2026-05","1777762800","1.3962","1.3969","1.3907","1.3937","0.0"
"XRPUSDT","2026-05","1777766400","1.3936","1.3945","1.3881","1.3892","0.0"
"XRPUSDT","2026-05","1777770000","1.3892","1.3893","1.3834","1.384","0.0"
"XRPUSDT","2026-05","1777773600","1.3839","1.3847","1.3814","1.3834","0.0"
"XRPUSDT","2026-05","1777777200","1.3833","1.3843","1.3819","1.384","0.0"
"XRPUSDT","2026-05","1777780800","1.3839","1.3854","1.382","1.3838","0.0"
"XRPUSDT","2026-05","1777784400","1.3838","1.3859","1.3836","1.385","0.0"
"XRPUSDT","2026-05","1777788000","1.385","1.3857","1.3822","1.3853","0.0"
"XRPUSDT","2026-05","1777791600","1.3853","1.3885","1.385","1.3861","0.0"
"XRPUSDT","2026-05","1777795200","1.3861","1.3885","1.3857","1.3882","0.0"
"XRPUSDT","2026-05","1777798800","1.3882","1.3909","1.3875","1.3893","0.0"
"XRPUSDT","2026-05","1777802400","1.3894","1.3901","1.388","1.3882","0.0"
"XRPUSDT","2026-05","1777806000","1.3882","1.3985","1.3872","1.3952","0.0"
"XRPUSDT","2026-05","1777809600","1.3952","1.3985","1.3952","1.3962","0.0"
"XRPUSDT","2026-05","1777813200","1.3963","1.399","1.3932","1.3951","0.0"
"XRPUSDT","2026-05","1777816800","1.3951","1.3975","1.3931","1.3969","0.0"
"XRPUSDT","2026-05","1777820400","1.3968","1.3989","1.3944","1.3958","0.0"
"XRPUSDT","2026-05","1777824000","1.3959","1.3982","1.394","1.3944","0.0"
"XRPUSDT","2026-05","1777827600","1.3944","1.3965","1.3922","1.395","0.0"
"XRPUSDT","2026-05","1777831200","1.395","1.3955","1.3936","1.3943","0.0"
"XRPUSDT","2026-05","1777834800","1.3942","1.398","1.3936","1.3952","0.0"
"XRPUSDT","2026-05","1777838400","1.3952","1.3999","1.3924","1.3931","0.0"
"XRPUSDT","2026-05","1777842000","1.3931","1.396","1.389","1.3919","0.0"
"XRPUSDT","2026-05","1777845600","1.3919","1.4042","1.3919","1.3978","0.0"
"XRPUSDT","2026-05","1777849200","1.3978","1.4011","1.3868","1.388","0.0"
"XRPUSDT","2026-05","1777852800","1.3879","1.3913","1.3829","1.3884","0.0"
"XRPUSDT","2026-05","1777856400","1.3884","1.4075","1.3839","1.4049","0.0"
"XRPUSDT","2026-05","1777860000","1.405","1.415","1.401","1.4104","0.0"
"XRPUSDT","2026-05","1777863600","1.4105","1.4147","1.4075","1.4129","0.0"
"XRPUSDT","2026-05","1777867200","1.413","1.4209","1.413","1.4163","0.0"
"XRPUSDT","2026-05","1777870800","1.4163","1.4175","1.4109","1.4116","0.0"
"XRPUSDT","2026-05","1777874400","1.4117","1.4125","1.402","1.409","0.0"
"XRPUSDT","2026-05","1777878000","1.409","1.4144","1.4077","1.4106","0.0"
"XRPUSDT","2026-05","1777881600","1.4105","1.4129","1.4071","1.4115","0.0"
"XRPUSDT","2026-05","1777885200","1.4115","1.4196","1.4107","1.4174","0.0"
"XRPUSDT","2026-05","1777888800","1.4174","1.418","1.3856","1.3953","0.0"
"XRPUSDT","2026-05","1777892400","1.3952","1.3979","1.3924","1.3941","0.0"
"XRPUSDT","2026-05","1777896000","1.394","1.3968","1.3927","1.3934","0.0"
"XRPUSDT","2026-05","1777899600","1.3934","1.3998","1.3886","1.3935","0.0"
"XRPUSDT","2026-05","1777903200","1.3936","1.4134","1.3889","1.4081","0.0"
"XRPUSDT","2026-05","1777906800","1.4082","1.4092","1.3929","1.399","0.0"
"XRPUSDT","2026-05","1777910400","1.3991","1.4054","1.3938","1.4007","0.0"
"XRPUSDT","2026-05","1777914000","1.4007","1.4123","1.4001","1.4086","0.0"
"XRPUSDT","2026-05","1777917600","1.4086","1.41","1.402","1.4038","0.0"
"XRPUSDT","2026-05","1777921200","1.4039","1.4044","1.3979","1.398","0.0"
"XRPUSDT","2026-05","1777924800","1.3979","1.398","1.3925","1.3931","0.0"
"XRPUSDT","2026-05","1777928400","1.3931","1.3989","1.393","1.3975","0.0"
"XRPUSDT","2026-05","1777932000","1.3974","1.4016","1.3945","1.3955","0.0"
"XRPUSDT","2026-05","1777935600","1.3954","1.3954","1.3901","1.3918","0.0"
"XRPUSDT","2026-05","1777939200","1.3919","1.396","1.3904","1.3956","0.0"
"XRPUSDT","2026-05","1777942800","1.3957","1.3984","1.3939","1.3972","0.0"
"XRPUSDT","2026-05","1777946400","1.3972","1.4049","1.3965","1.4008","0.0"
"XRPUSDT","2026-05","1777950000","1.4008","1.4099","1.3993","1.4057","0.0"
"XRPUSDT","2026-05","1777953600","1.4056","1.407","1.4007","1.4016","0.0"
"XRPUSDT","2026-05","1777957200","1.4017","1.4067","1.3998","1.4018","0.0"
"XRPUSDT","2026-05","1777960800","1.4018","1.4071","1.4006","1.4071","0.0"
"XRPUSDT","2026-05","1777964400","1.4071","1.41","1.4021","1.4067","0.0"
"XRPUSDT","2026-05","1777968000","1.4066","1.4093","1.4059","1.4069","0.0"
"XRPUSDT","2026-05","1777971600","1.407","1.4072","1.4019","1.4035","0.0"
"XRPUSDT","2026-05","1777975200","1.4034","1.4074","1.4023","1.4063","0.0"
"XRPUSDT","2026-05","1777978800","1.4064","1.4085","1.4018","1.4079","0.0"
"XRPUSDT","2026-05","1777982400","1.4079","1.4139","1.4065","1.4129","0.0"
"XRPUSDT","2026-05","1777986000","1.4128","1.4206","1.411","1.4134","0.0"
"XRPUSDT","2026-05","1777989600","1.4134","1.4138","1.4047","1.411","0.0"
"XRPUSDT","2026-05","1777993200","1.411","1.416","1.4101","1.4116","0.0"
"XRPUSDT","2026-05","1777996800","1.4117","1.4151","1.4047","1.4081","0.0"
"XRPUSDT","2026-05","1778000400","1.4081","1.4098","1.405","1.4082","0.0"
"XRPUSDT","2026-05","1778004000","1.4083","1.4128","1.4081","1.4099","0.0"
"XRPUSDT","2026-05","1778007600","1.41","1.4134","1.4087","1.413","0.0"
"XRPUSDT","2026-05","1778011200","1.413","1.4181","1.4124","1.4169","0.0"
"XRPUSDT","2026-05","1778014800","1.4168","1.4222","1.413","1.4159","0.0"
"XRPUSDT","2026-05","1778018400","1.4159","1.4214","1.41","1.4156","0.0"
"XRPUSDT","2026-05","1778022000","1.4156","1.4178","1.4095","1.4126","0.0"
"XRPUSDT","2026-05","1778025600","1.4126","1.415","1.4073","1.4111","0.0"
"XRPUSDT","2026-05","1778029200","1.411","1.4196","1.4099","1.4183","0.0"
"XRPUSDT","2026-05","1778032800","1.4183","1.4185","1.4105","1.4164","0.0"
"XRPUSDT","2026-05","1778036400","1.4164","1.4244","1.4162","1.4222","0.0"
"XRPUSDT","2026-05","1778040000","1.4222","1.4249","1.4176","1.4198","0.0"
"XRPUSDT","2026-05","1778043600","1.4197","1.4232","1.4142","1.4224","0.0"
"XRPUSDT","2026-05","1778047200","1.4224","1.4274","1.421","1.4261","0.0"
"XRPUSDT","2026-05","1778050800","1.4261","1.4355","1.4245","1.4311","0.0"
"XRPUSDT","2026-05","1778054400","1.4311","1.4433","1.4298","1.4429","0.0"
"XRPUSDT","2026-05","1778058000","1.4429","1.4509","1.438","1.4491","0.0"
"XRPUSDT","2026-05","1778061600","1.4492","1.454","1.4469","1.4512","0.0"
"XRPUSDT","2026-05","1778065200","1.4511","1.4573","1.4482","1.451","0.0"
"XRPUSDT","2026-05","1778068800","1.4509","1.4524","1.4446","1.4451","0.0"
"XRPUSDT","2026-05","1778072400","1.4451","1.4451","1.4183","1.4226","0.0"
"XRPUSDT","2026-05","1778076000","1.4226","1.4299","1.4133","1.4233","0.0"
"XRPUSDT","2026-05","1778079600","1.4233","1.4327","1.4216","1.4301","0.0"
"XRPUSDT","2026-05","1778083200","1.43","1.4347","1.4241","1.4293","0.0"
"XRPUSDT","2026-05","1778086800","1.4293","1.431","1.4243","1.4261","0.0"
"XRPUSDT","2026-05","1778090400","1.4261","1.4273","1.4214","1.4228","0.0"
"XRPUSDT","2026-05","1778094000","1.4228","1.4291","1.4227","1.4279","0.0"
"XRPUSDT","2026-05","1778097600","1.428","1.429","1.4215","1.4249","0.0"
"XRPUSDT","2026-05","1778101200","1.4248","1.4287","1.4221","1.4267","0.0"
"XRPUSDT","2026-05","1778104800","1.4267","1.4272","1.4218","1.422","0.0"
"XRPUSDT","2026-05","1778108400","1.4221","1.4253","1.4166","1.4249","0.0"
"XRPUSDT","2026-05","1778112000","1.4249","1.4258","1.4169","1.418","0.0"
"XRPUSDT","2026-05","1778115600","1.4179","1.4199","1.4128","1.4156","0.0"
"XRPUSDT","2026-05","1778119200","1.4156","1.4161","1.41","1.4121","0.0"
"XRPUSDT","2026-05","1778122800","1.412","1.412","1.4035","1.4052","0.0"
"XRPUSDT","2026-05","1778126400","1.4052","1.41","1.4042","1.4078","0.0"
"XRPUSDT","2026-05","1778130000","1.4078","1.4145","1.4076","1.411","0.0"
"XRPUSDT","2026-05","1778133600","1.411","1.4165","1.405","1.416","0.0"
"XRPUSDT","2026-05","1778137200","1.4159","1.4215","1.4148","1.4199","0.0"
"XRPUSDT","2026-05","1778140800","1.4198","1.421","1.4157","1.4163","0.0"
"XRPUSDT","2026-05","1778144400","1.4163","1.4163","1.4105","1.4115","0.0"
"XRPUSDT","2026-05","1778148000","1.4116","1.4146","1.4068","1.4099","0.0"
"XRPUSDT","2026-05","1778151600","1.41","1.4134","1.4085","1.4096","0.0"
"XRPUSDT","2026-05","1778155200","1.4096","1.415","1.4091","1.4148","0.0"
"XRPUSDT","2026-05","1778158800","1.4147","1.4147","1.397","1.4018","0.0"
"XRPUSDT","2026-05","1778162400","1.4018","1.4038","1.3912","1.3934","0.0"
"XRPUSDT","2026-05","1778166000","1.3934","1.3948","1.3831","1.3907","0.0"
"XRPUSDT","2026-05","1778169600","1.3906","1.3928","1.3868","1.3889","0.0"
"XRPUSDT","2026-05","1778173200","1.3889","1.3933","1.3843","1.3919","0.0"
"XRPUSDT","2026-05","1778176800","1.3918","1.3963","1.389","1.3925","0.0"
"XRPUSDT","2026-05","1778180400","1.3925","1.3925","1.3856","1.3861","0.0"
"XRPUSDT","2026-05","1778184000","1.3862","1.3932","1.3819","1.3826","0.0"
"XRPUSDT","2026-05","1778187600","1.3826","1.3871","1.3802","1.3838","0.0"
"XRPUSDT","2026-05","1778191200","1.3838","1.3869","1.3804","1.3849","0.0"
"XRPUSDT","2026-05","1778194800","1.3848","1.3879","1.3843","1.3869","0.0"
"XRPUSDT","2026-05","1778198400","1.3869","1.3898","1.3842","1.3855","0.0"
"XRPUSDT","2026-05","1778202000","1.3856","1.3869","1.3824","1.3858","0.0"
"XRPUSDT","2026-05","1778205600","1.3858","1.3861","1.3797","1.3834","0.0"
"XRPUSDT","2026-05","1778209200","1.3834","1.3875","1.3795","1.3853","0.0"
"XRPUSDT","2026-05","1778212800","1.3853","1.387","1.3837","1.3861","0.0"
"XRPUSDT","2026-05","1778216400","1.3861","1.3877","1.3834","1.3834","0.0"
"XRPUSDT","2026-05","1778220000","1.3834","1.3835","1.3778","1.3817","0.0"
"XRPUSDT","2026-05","1778223600","1.3818","1.3849","1.3787","1.384","0.0"
"XRPUSDT","2026-05","1778227200","1.384","1.3903","1.382","1.3881","0.0"
"XRPUSDT","2026-05","1778230800","1.3881","1.3914","1.3857","1.3871","0.0"
"XRPUSDT","2026-05","1778234400","1.387","1.3919","1.3849","1.3896","0.0"
"XRPUSDT","2026-05","1778238000","1.3896","1.3925","1.389","1.3913","0.0"
"XRPUSDT","2026-05","1778241600","1.3913","1.394","1.3864","1.3878","0.0"
"XRPUSDT","2026-05","1778245200","1.3878","1.3885","1.3836","1.387","0.0"
"XRPUSDT","2026-05","1778248800","1.3871","1.3967","1.3871","1.3931","0.0"
"XRPUSDT","2026-05","1778252400","1.3931","1.3983","1.3855","1.3973","0.0"
"XRPUSDT","2026-05","1778256000","1.3973","1.3977","1.3927","1.3944","0.0"
"XRPUSDT","2026-05","1778259600","1.3945","1.4106","1.3941","1.4087","0.0"
"XRPUSDT","2026-05","1778263200","1.4088","1.4244","1.4088","1.4191","0.0"
"XRPUSDT","2026-05","1778266800","1.4191","1.427","1.4165","1.4188","0.0"
"XRPUSDT","2026-05","1778270400","1.4188","1.419","1.4111","1.4121","0.0"
"XRPUSDT","2026-05","1778274000","1.4122","1.4219","1.412","1.4217","0.0"
"XRPUSDT","2026-05","1778277600","1.4217","1.4238","1.417","1.4185","0.0"
"XRPUSDT","2026-05","1778281200","1.4185","1.4192","1.4155","1.4182","0.0"
"XRPUSDT","2026-05","1778284800","1.4182","1.4252","1.418","1.4248","0.0"
"XRPUSDT","2026-05","1778288400","1.4248","1.435","1.4245","1.4324","0.0"
"XRPUSDT","2026-05","1778292000","1.4325","1.4342","1.4276","1.431","0.0"
"XRPUSDT","2026-05","1778295600","1.431","1.4326","1.4267","1.4289","0.0"
"XRPUSDT","2026-05","1778299200","1.4288","1.4345","1.4272","1.428","0.0"
"XRPUSDT","2026-05","1778302800","1.428","1.4314","1.4251","1.4266","0.0"
"XRPUSDT","2026-05","1778306400","1.4266","1.4275","1.4228","1.4257","0.0"
"XRPUSDT","2026-05","1778310000","1.4257","1.428","1.4223","1.4238","0.0"
"XRPUSDT","2026-05","1778313600","1.4238","1.4256","1.4233","1.4244","0.0"
"XRPUSDT","2026-05","1778317200","1.4243","1.4255","1.418","1.4193","0.0"
"XRPUSDT","2026-05","1778320800","1.4194","1.4227","1.4173","1.4211","0.0"
"XRPUSDT","2026-05","1778324400","1.4211","1.4228","1.4204","1.422","0.0"
"XRPUSDT","2026-05","1778328000","1.422","1.4228","1.4194","1.4206","0.0"
"XRPUSDT","2026-05","1778331600","1.4206","1.4206","1.4164","1.4199","0.0"
"XRPUSDT","2026-05","1778335200","1.4199","1.4211","1.4151","1.4156","0.0"
"XRPUSDT","2026-05","1778338800","1.4155","1.4162","1.4118","1.4144","0.0"
"XRPUSDT","2026-05","1778342400","1.4145","1.42","1.4113","1.4173","0.0"
"XRPUSDT","2026-05","1778346000","1.4172","1.4239","1.4172","1.4211","0.0"
"XRPUSDT","2026-05","1778349600","1.421","1.425","1.4202","1.4222","0.0"
"XRPUSDT","2026-05","1778353200","1.4223","1.4243","1.4211","1.424","0.0"
"XRPUSDT","2026-05","1778356800","1.4241","1.4242","1.4203","1.4214","0.0"
"XRPUSDT","2026-05","1778360400","1.4215","1.4236","1.4209","1.4223","0.0"
"XRPUSDT","2026-05","1778364000","1.4224","1.425","1.4212","1.4232","0.0"
"XRPUSDT","2026-05","1778367600","1.4233","1.4252","1.4192","1.4205","0.0"
"XRPUSDT","2026-05","1778371200","1.4205","1.4225","1.4158","1.4166","0.0"
"XRPUSDT","2026-05","1778374800","1.4167","1.4169","1.4119","1.4147","0.0"
"XRPUSDT","2026-05","1778378400","1.4147","1.4224","1.4131","1.4173","0.0"
"XRPUSDT","2026-05","1778382000","1.4173","1.4205","1.4144","1.4172","0.0"
"XRPUSDT","2026-05","1778385600","1.4172","1.4192","1.4155","1.4179","0.0"
"XRPUSDT","2026-05","1778389200","1.418","1.42","1.4163","1.418","0.0"
"XRPUSDT","2026-05","1778392800","1.418","1.4188","1.4157","1.4187","0.0"
"XRPUSDT","2026-05","1778396400","1.4187","1.4217","1.4173","1.4202","0.0"
"XRPUSDT","2026-05","1778400000","1.4201","1.4278","1.4194","1.4272","0.0"
"XRPUSDT","2026-05","1778403600","1.4271","1.4288","1.4236","1.4283","0.0"
"XRPUSDT","2026-05","1778407200","1.4284","1.4309","1.4244","1.4274","0.0"
"XRPUSDT","2026-05","1778410800","1.4274","1.4275","1.4184","1.4232","0.0"
"XRPUSDT","2026-05","1778414400","1.4232","1.4242","1.4211","1.4242","0.0"
"XRPUSDT","2026-05","1778418000","1.4241","1.4339","1.4232","1.4323","0.0"
"XRPUSDT","2026-05","1778421600","1.4322","1.4373","1.4292","1.4352","0.0"
"XRPUSDT","2026-05","1778425200","1.4351","1.445","1.4335","1.4442","0.0"
"XRPUSDT","2026-05","1778428800","1.4443","1.479","1.4429","1.4721","0.0"
"XRPUSDT","2026-05","1778432400","1.472","1.5082","1.472","1.5045","0.0"
"XRPUSDT","2026-05","1778436000","1.5045","1.5063","1.4849","1.4863","0.0"
"XRPUSDT","2026-05","1778439600","1.4863","1.4911","1.4755","1.4867","0.0"
"XRPUSDT","2026-05","1778443200","1.4868","1.4897","1.4371","1.45","0.0"
"XRPUSDT","2026-05","1778446800","1.45","1.464","1.444","1.455","0.0"
"XRPUSDT","2026-05","1778450400","1.455","1.475","1.4528","1.4736","0.0"
"XRPUSDT","2026-05","1778454000","1.4737","1.4772","1.4696","1.4734","0.0"
"XRPUSDT","2026-05","1778457600","1.4735","1.478","1.4526","1.4579","0.0"
"XRPUSDT","2026-05","1778461200","1.4579","1.4688","1.4523","1.4606","0.0"
"XRPUSDT","2026-05","1778464800","1.4606","1.4625","1.4494","1.4537","0.0"
"XRPUSDT","2026-05","1778468400","1.4538","1.4541","1.4399","1.4487","0.0"
"XRPUSDT","2026-05","1778472000","1.4486","1.4566","1.445","1.4481","0.0"
"XRPUSDT","2026-05","1778475600","1.4481","1.4567","1.4478","1.4553","0.0"
"XRPUSDT","2026-05","1778479200","1.4552","1.4591","1.4506","1.4535","0.0"
"XRPUSDT","2026-05","1778482800","1.4535","1.4539","1.4424","1.4494","0.0"
"XRPUSDT","2026-05","1778486400","1.4494","1.451","1.4418","1.4457","0.0"
"XRPUSDT","2026-05","1778490000","1.4456","1.4543","1.4456","1.4515","0.0"
"XRPUSDT","2026-05","1778493600","1.4515","1.4545","1.4494","1.4509","0.0"
"XRPUSDT","2026-05","1778497200","1.4509","1.4581","1.4476","1.4579","0.0"
"XRPUSDT","2026-05","1778500800","1.4578","1.4638","1.4543","1.4582","0.0"
"XRPUSDT","2026-05","1778504400","1.4583","1.4652","1.4525","1.46","0.0"
"XRPUSDT","2026-05","1778508000","1.46","1.4727","1.4557","1.4714","0.0"
"XRPUSDT","2026-05","1778511600","1.4715","1.4886","1.4669","1.4848","0.0"
"XRPUSDT","2026-05","1778515200","1.4849","1.4875","1.4716","1.474","0.0"
"XRPUSDT","2026-05","1778518800","1.4741","1.4811","1.4662","1.4799","0.0"
"XRPUSDT","2026-05","1778522400","1.4798","1.4813","1.4702","1.4704","0.0"
"XRPUSDT","2026-05","1778526000","1.4703","1.4809","1.4673","1.4796","0.0"
"XRPUSDT","2026-05","1778529600","1.4795","1.4828","1.4725","1.4731","0.0"
"XRPUSDT","2026-05","1778533200","1.4731","1.4751","1.4695","1.47","0.0"
"XRPUSDT","2026-05","1778536800","1.47","1.4774","1.4685","1.4753","0.0"
"XRPUSDT","2026-05","1778540400","1.4753","1.4806","1.4712","1.4776","0.0"
"XRPUSDT","2026-05","1778544000","1.4777","1.4848","1.476","1.4799","0.0"
"XRPUSDT","2026-05","1778547600","1.4799","1.482","1.4566","1.4671","0.0"
"XRPUSDT","2026-05","1778551200","1.4671","1.4709","1.4606","1.4646","0.0"
"XRPUSDT","2026-05","1778554800","1.4646","1.4655","1.4584","1.4597","0.0"
"XRPUSDT","2026-05","1778558400","1.4598","1.4663","1.457","1.4628","0.0"
"XRPUSDT","2026-05","1778562000","1.4627","1.4693","1.46","1.462","0.0"
"XRPUSDT","2026-05","1778565600","1.462","1.4671","1.4556","1.4587","0.0"
"XRPUSDT","2026-05","1778569200","1.4586","1.4653","1.4544","1.4628","0.0"
"XRPUSDT","2026-05","1778572800","1.4629","1.4714","1.4598","1.4651","0.0"
"XRPUSDT","2026-05","1778576400","1.4651","1.4651","1.4548","1.4556","0.0"
"XRPUSDT","2026-05","1778580000","1.4557","1.4582","1.4472","1.4496","0.0"
"XRPUSDT","2026-05","1778583600","1.4497","1.4519","1.444","1.449","0.0"
"XRPUSDT","2026-05","1778587200","1.4491","1.4557","1.4463","1.4506","0.0"
"XRPUSDT","2026-05","1778590800","1.4507","1.4526","1.4331","1.4345","0.0"
"XRPUSDT","2026-05","1778594400","1.4345","1.4407","1.4245","1.4281","0.0"
"XRPUSDT","2026-05","1778598000","1.428","1.4318","1.4183","1.424","0.0"
"XRPUSDT","2026-05","1778601600","1.424","1.4292","1.4195","1.4225","0.0"
"XRPUSDT","2026-05","1778605200","1.4225","1.435","1.4224","1.4339","0.0"
"XRPUSDT","2026-05","1778608800","1.434","1.4384","1.4317","1.4362","0.0"
"XRPUSDT","2026-05","1778612400","1.4363","1.4429","1.4362","1.4411","0.0"
"XRPUSDT","2026-05","1778616000","1.441","1.4431","1.4388","1.441","0.0"
"XRPUSDT","2026-05","1778619600","1.441","1.4414","1.4381","1.4407","0.0"
"XRPUSDT","2026-05","1778623200","1.4407","1.4444","1.4396","1.4397","0.0"
"XRPUSDT","2026-05","1778626800","1.4397","1.4407","1.4333","1.437","0.0"
"XRPUSDT","2026-05","1778630400","1.437","1.4403","1.4349","1.4393","0.0"
"XRPUSDT","2026-05","1778634000","1.4394","1.4517","1.4385","1.4489","0.0"
"XRPUSDT","2026-05","1778637600","1.4488","1.4536","1.4471","1.4484","0.0"
"XRPUSDT","2026-05","1778641200","1.4484","1.4529","1.4471","1.4522","0.0"
"XRPUSDT","2026-05","1778644800","1.4521","1.4636","1.45","1.4624","0.0"
"XRPUSDT","2026-05","1778648400","1.4624","1.4649","1.4543","1.4545","0.0"
"XRPUSDT","2026-05","1778652000","1.4545","1.4611","1.4527","1.4543","0.0"
"XRPUSDT","2026-05","1778655600","1.4542","1.4642","1.4542","1.4622","0.0"
"XRPUSDT","2026-05","1778659200","1.4623","1.4658","1.4585","1.4629","0.0"
"XRPUSDT","2026-05","1778662800","1.4629","1.4693","1.4622","1.4683","0.0"
"XRPUSDT","2026-05","1778666400","1.4683","1.4693","1.4564","1.458","0.0"
"XRPUSDT","2026-05","1778670000","1.4579","1.4597","1.4471","1.4484","0.0"
"XRPUSDT","2026-05","1778673600","1.4483","1.4496","1.4256","1.4337","0.0"
"XRPUSDT","2026-05","1778677200","1.4336","1.4392","1.423","1.427","0.0"
"XRPUSDT","2026-05","1778680800","1.427","1.4312","1.4213","1.4288","0.0"
"XRPUSDT","2026-05","1778684400","1.4287","1.4324","1.4112","1.4131","0.0"
"XRPUSDT","2026-05","1778688000","1.4132","1.4246","1.4122","1.4233","0.0"
"XRPUSDT","2026-05","1778691600","1.4233","1.4307","1.4233","1.4293","0.0"
"XRPUSDT","2026-05","1778695200","1.4293","1.434","1.4264","1.4266","0.0"
"XRPUSDT","2026-05","1778698800","1.4266","1.427","1.4172","1.419","0.0"
"XRPUSDT","2026-05","1778702400","1.4191","1.4261","1.4189","1.4253","0.0"
"XRPUSDT","2026-05","1778706000","1.4254","1.4257","1.4172","1.4185","0.0"
"XRPUSDT","2026-05","1778709600","1.4186","1.4241","1.4155","1.4231","0.0"
"XRPUSDT","2026-05","1778713200","1.4232","1.4278","1.421","1.4273","0.0"
"XRPUSDT","2026-05","1778716800","1.4272","1.4335","1.4264","1.4319","0.0"
"XRPUSDT","2026-05","1778720400","1.4318","1.4352","1.4265","1.4325","0.0"
"XRPUSDT","2026-05","1778724000","1.4326","1.4342","1.4233","1.4259","0.0"
"XRPUSDT","2026-05","1778727600","1.4259","1.4304","1.4208","1.4222","0.0"
"XRPUSDT","2026-05","1778731200","1.4222","1.432","1.4209","1.4306","0.0"
"XRPUSDT","2026-05","1778734800","1.4305","1.4397","1.4294","1.4358","0.0"
"XRPUSDT","2026-05","1778738400","1.4358","1.4367","1.4271","1.4347","0.0"
"XRPUSDT","2026-05","1778742000","1.4347","1.4372","1.4305","1.4324","0.0"
"XRPUSDT","2026-05","1778745600","1.4325","1.4369","1.4296","1.4346","0.0"
"XRPUSDT","2026-05","1778749200","1.4347","1.436","1.4273","1.4296","0.0"
"XRPUSDT","2026-05","1778752800","1.4296","1.4375","1.4281","1.4366","0.0"
"XRPUSDT","2026-05","1778756400","1.4366","1.4392","1.4319","1.4325","0.0"
"XRPUSDT","2026-05","1778760000","1.4325","1.452","1.4317","1.4482","0.0"
"XRPUSDT","2026-05","1778763600","1.4483","1.46","1.4413","1.4423","0.0"
"XRPUSDT","2026-05","1778767200","1.4422","1.4745","1.4388","1.471","0.0"
"XRPUSDT","2026-05","1778770800","1.471","1.4744","1.4609","1.4727","0.0"
"XRPUSDT","2026-05","1778774400","1.4726","1.481","1.4645","1.4803","0.0"
"XRPUSDT","2026-05","1778778000","1.4803","1.5005","1.4722","1.4918","0.0"
"XRPUSDT","2026-05","1778781600","1.4918","1.5452","1.4861","1.5362","0.0"
"XRPUSDT","2026-05","1778785200","1.5362","1.5496","1.5111","1.517","0.0"
"XRPUSDT","2026-05","1778788800","1.5171","1.5178","1.4973","1.508","0.0"
"XRPUSDT","2026-05","1778792400","1.508","1.5114","1.4933","1.4978","0.0"
"XRPUSDT","2026-05","1778796000","1.4978","1.5057","1.4938","1.5007","0.0"
"XRPUSDT","2026-05","1778799600","1.5007","1.5007","1.4828","1.4852","0.0"
"XRPUSDT","2026-05","1778803200","1.4851","1.5002","1.4848","1.4952","0.0"
"XRPUSDT","2026-05","1778806800","1.4951","1.4993","1.484","1.4846","0.0"
"XRPUSDT","2026-05","1778810400","1.4845","1.4924","1.476","1.4907","0.0"
"XRPUSDT","2026-05","1778814000","1.4906","1.4924","1.4833","1.489","0.0"
"XRPUSDT","2026-05","1778817600","1.489","1.4902","1.473","1.4734","0.0"
"XRPUSDT","2026-05","1778821200","1.4734","1.4752","1.4534","1.4604","0.0"
"XRPUSDT","2026-05","1778824800","1.4603","1.4729","1.4585","1.4686","0.0"
"XRPUSDT","2026-05","1778828400","1.4686","1.473","1.4657","1.4696","0.0"
"XRPUSDT","2026-05","1778832000","1.4696","1.4721","1.4613","1.4711","0.0"
"XRPUSDT","2026-05","1778835600","1.4712","1.473","1.4615","1.4646","0.0"
"XRPUSDT","2026-05","1778839200","1.4646","1.4769","1.4633","1.4749","0.0"
"XRPUSDT","2026-05","1778842800","1.4748","1.4757","1.4667","1.4681","0.0"
"XRPUSDT","2026-05","1778846400","1.4681","1.4692","1.4586","1.4597","0.0"
"XRPUSDT","2026-05","1778850000","1.4597","1.4597","1.429","1.4322","0.0"
"XRPUSDT","2026-05","1778853600","1.4323","1.4411","1.4275","1.4394","0.0"
"XRPUSDT","2026-05","1778857200","1.4393","1.4409","1.43","1.4352","0.0"
"XRPUSDT","2026-05","1778860800","1.4351","1.4476","1.434","1.4467","0.0"
"XRPUSDT","2026-05","1778864400","1.4467","1.4509","1.4458","1.4469","0.0"
"XRPUSDT","2026-05","1778868000","1.4469","1.4493","1.4397","1.4408","0.0"
"XRPUSDT","2026-05","1778871600","1.4407","1.4408","1.4321","1.4345","0.0"
"XRPUSDT","2026-05","1778875200","1.4346","1.4375","1.4319","1.435","0.0"
"XRPUSDT","2026-05","1778878800","1.4351","1.4371","1.4301","1.4304","0.0"
"XRPUSDT","2026-05","1778882400","1.4304","1.4346","1.4301","1.4337","0.0"
"XRPUSDT","2026-05","1778886000","1.4336","1.4357","1.4325","1.434","0.0"
"XRPUSDT","2026-05","1778889600","1.434","1.4387","1.4326","1.4343","0.0"
"XRPUSDT","2026-05","1778893200","1.4343","1.4386","1.4311","1.4371","0.0"
"XRPUSDT","2026-05","1778896800","1.437","1.4396","1.4351","1.4367","0.0"
"XRPUSDT","2026-05","1778900400","1.4367","1.4388","1.4335","1.4356","0.0"
"XRPUSDT","2026-05","1778904000","1.4355","1.4366","1.418","1.4257","0.0"
"XRPUSDT","2026-05","1778907600","1.4257","1.4298","1.4216","1.4251","0.0"
"XRPUSDT","2026-05","1778911200","1.425","1.4265","1.4138","1.4196","0.0"
"XRPUSDT","2026-05","1778914800","1.4197","1.4198","1.4046","1.4168","0.0"
"XRPUSDT","2026-05","1778918400","1.4167","1.4181","1.4146","1.415","0.0"
"XRPUSDT","2026-05","1778922000","1.4149","1.4159","1.4015","1.4022","0.0"
"XRPUSDT","2026-05","1778925600","1.4023","1.4089","1.394","1.4073","0.0"
"XRPUSDT","2026-05","1778929200","1.4073","1.4139","1.4068","1.4109","0.0"
"XRPUSDT","2026-05","1778932800","1.4108","1.4133","1.408","1.4104","0.0"
"XRPUSDT","2026-05","1778936400","1.4103","1.4155","1.4077","1.4116","0.0"
"XRPUSDT","2026-05","1778940000","1.4117","1.4131","1.406","1.4096","0.0"
"XRPUSDT","2026-05","1778943600","1.4095","1.415","1.4093","1.4147","0.0"
"XRPUSDT","2026-05","1778947200","1.4147","1.4227","1.4135","1.4167","0.0"
"XRPUSDT","2026-05","1778950800","1.4167","1.419","1.4152","1.417","0.0"
"XRPUSDT","2026-05","1778954400","1.417","1.4179","1.4137","1.4157","0.0"
"XRPUSDT","2026-05","1778958000","1.4157","1.4177","1.4149","1.4162","0.0"
"XRPUSDT","2026-05","1778961600","1.4163","1.4191","1.415","1.4158","0.0"
"XRPUSDT","2026-05","1778965200","1.4157","1.4166","1.4136","1.4151","0.0"
"XRPUSDT","2026-05","1778968800","1.4151","1.4156","1.412","1.4139","0.0"
"XRPUSDT","2026-05","1778972400","1.4139","1.4159","1.4132","1.4136","0.0"
"XRPUSDT","2026-05","1778976000","1.4136","1.4176","1.4092","1.4114","0.0"
"XRPUSDT","2026-05","1778979600","1.4115","1.4142","1.4038","1.4038","0.0"
"XRPUSDT","2026-05","1778983200","1.4038","1.4113","1.4021","1.407","0.0"
"XRPUSDT","2026-05","1778986800","1.407","1.4142","1.4068","1.4121","0.0"
"XRPUSDT","2026-05","1778990400","1.4121","1.4174","1.4118","1.4157","0.0"
"XRPUSDT","2026-05","1778994000","1.4156","1.4219","1.4155","1.4164","0.0"
"XRPUSDT","2026-05","1778997600","1.4165","1.4191","1.4157","1.4175","0.0"
"XRPUSDT","2026-05","1779001200","1.4175","1.4209","1.4166","1.4183","0.0"
"XRPUSDT","2026-05","1779004800","1.4183","1.4202","1.4142","1.4145","0.0"
"XRPUSDT","2026-05","1779008400","1.4146","1.4214","1.4129","1.4208","0.0"
"XRPUSDT","2026-05","1779012000","1.4209","1.4291","1.4209","1.4244","0.0"
"XRPUSDT","2026-05","1779015600","1.4244","1.4249","1.4209","1.4226","0.0"
"XRPUSDT","2026-05","1779019200","1.4227","1.4267","1.4223","1.4234","0.0"
"XRPUSDT","2026-05","1779022800","1.4234","1.4236","1.4165","1.4186","0.0"
"XRPUSDT","2026-05","1779026400","1.4186","1.419","1.4105","1.4133","0.0"
"XRPUSDT","2026-05","1779030000","1.4133","1.4149","1.41","1.4132","0.0"
"XRPUSDT","2026-05","1779033600","1.4132","1.4162","1.4102","1.4116","0.0"
"XRPUSDT","2026-05","1779037200","1.4117","1.4129","1.4085","1.411","0.0"
"XRPUSDT","2026-05","1779040800","1.411","1.4143","1.4066","1.4143","0.0"
"XRPUSDT","2026-05","1779044400","1.4143","1.4233","1.414","1.4225","0.0"
"XRPUSDT","2026-05","1779048000","1.4224","1.4234","1.4176","1.4195","0.0"
"XRPUSDT","2026-05","1779051600","1.4194","1.4263","1.4179","1.4232","0.0"
"XRPUSDT","2026-05","1779055200","1.4232","1.4232","1.4091","1.4122","0.0"
"XRPUSDT","2026-05","1779058800","1.4122","1.4147","1.3715","1.4016","0.0"
"XRPUSDT","2026-05","1779062400","1.4017","1.4018","1.3885","1.3963","0.0"
"XRPUSDT","2026-05","1779066000","1.3963","1.3973","1.3848","1.3941","0.0"
"XRPUSDT","2026-05","1779069600","1.3941","1.4027","1.3903","1.3925","0.0"
"XRPUSDT","2026-05","1779073200","1.3924","1.4004","1.3897","1.3932","0.0"
"XRPUSDT","2026-05","1779076800","1.3932","1.3996","1.3873","1.395","0.0"
"XRPUSDT","2026-05","1779080400","1.3949","1.3961","1.3878","1.3894","0.0"
"XRPUSDT","2026-05","1779084000","1.3893","1.392","1.3764","1.3884","0.0"
"XRPUSDT","2026-05","1779087600","1.3885","1.3912","1.3803","1.3867","0.0"
"XRPUSDT","2026-05","1779091200","1.3867","1.3897","1.382","1.3879","0.0"
"XRPUSDT","2026-05","1779094800","1.3879","1.388","1.3825","1.3829","0.0"
"XRPUSDT","2026-05","1779098400","1.3829","1.3837","1.3775","1.3783","0.0"
"XRPUSDT","2026-05","1779102000","1.3783","1.3966","1.3761","1.3904","0.0"
"XRPUSDT","2026-05","1779105600","1.3904","1.4024","1.3903","1.399","0.0"
"XRPUSDT","2026-05","1779109200","1.3991","1.3991","1.3764","1.3862","0.0"
"XRPUSDT","2026-05","1779112800","1.3862","1.3862","1.3726","1.3775","0.0"
"XRPUSDT","2026-05","1779116400","1.3776","1.3791","1.369","1.3766","0.0"
"XRPUSDT","2026-05","1779120000","1.3767","1.3813","1.3708","1.3789","0.0"
"XRPUSDT","2026-05","1779123600","1.3788","1.3837","1.3767","1.3811","0.0"
"XRPUSDT","2026-05","1779127200","1.381","1.381","1.3638","1.3678","0.0"
"XRPUSDT","2026-05","1779130800","1.3678","1.3912","1.3674","1.388","0.0"
"XRPUSDT","2026-05","1779134400","1.3881","1.3924","1.3834","1.3848","0.0"
"XRPUSDT","2026-05","1779138000","1.3848","1.396","1.3823","1.3931","0.0"
"XRPUSDT","2026-05","1779141600","1.3931","1.3964","1.3886","1.3925","0.0"
"XRPUSDT","2026-05","1779145200","1.3925","1.3946","1.3888","1.39","0.0"
"XRPUSDT","2026-05","1779148800","1.3901","1.3977","1.3892","1.393","0.0"
"XRPUSDT","2026-05","1779152400","1.393","1.393","1.3844","1.3844","0.0"
"XRPUSDT","2026-05","1779156000","1.3844","1.3883","1.378","1.3794","0.0"
"XRPUSDT","2026-05","1779159600","1.3794","1.3849","1.3782","1.3834","0.0"
"XRPUSDT","2026-05","1779163200","1.3834","1.3876","1.3791","1.3869","0.0"
"XRPUSDT","2026-05","1779166800","1.387","1.3883","1.3786","1.3832","0.0"
"XRPUSDT","2026-05","1779170400","1.3832","1.3881","1.382","1.3855","0.0"
"XRPUSDT","2026-05","1779174000","1.3854","1.391","1.3833","1.3887","0.0"
"XRPUSDT","2026-05","1779177600","1.3887","1.3888","1.3802","1.3827","0.0"
"XRPUSDT","2026-05","1779181200","1.3828","1.384","1.3706","1.3748","0.0"
"XRPUSDT","2026-05","1779184800","1.3748","1.3767","1.3685","1.3744","0.0"
"XRPUSDT","2026-05","1779188400","1.3745","1.377","1.3685","1.3722","0.0"
"XRPUSDT","2026-05","1779192000","1.3722","1.3786","1.3706","1.3776","0.0"
"XRPUSDT","2026-05","1779195600","1.3776","1.382","1.371","1.3768","0.0"
"XRPUSDT","2026-05","1779199200","1.3767","1.3798","1.3607","1.3668","0.0"
"XRPUSDT","2026-05","1779202800","1.3667","1.3731","1.3653","1.3672","0.0"
"XRPUSDT","2026-05","1779206400","1.3672","1.3736","1.3628","1.3723","0.0"
"XRPUSDT","2026-05","1779210000","1.3724","1.374","1.3622","1.3639","0.0"
"XRPUSDT","2026-05","1779213600","1.3639","1.368","1.3612","1.3625","0.0"
"XRPUSDT","2026-05","1779217200","1.3625","1.3664","1.3561","1.3573","0.0"
"XRPUSDT","2026-05","1779220800","1.3572","1.3604","1.3558","1.3585","0.0"
"XRPUSDT","2026-05","1779224400","1.3585","1.363","1.3573","1.3597","0.0"
"XRPUSDT","2026-05","1779228000","1.3596","1.3596","1.3531","1.3581","0.0"
"XRPUSDT","2026-05","1779231600","1.3581","1.3653","1.357","1.3616","0.0"
"XRPUSDT","2026-05","1779235200","1.3616","1.3639","1.3519","1.3557","0.0"
"XRPUSDT","2026-05","1779238800","1.3557","1.358","1.3477","1.3551","0.0"
"XRPUSDT","2026-05","1779242400","1.3551","1.3563","1.3506","1.3521","0.0"
"XRPUSDT","2026-05","1779246000","1.352","1.3585","1.3498","1.3562","0.0"
"XRPUSDT","2026-05","1779249600","1.3562","1.3599","1.3535","1.3599","0.0"
"XRPUSDT","2026-05","1779253200","1.3599","1.3699","1.3599","1.3681","0.0"
"XRPUSDT","2026-05","1779256800","1.3681","1.3709","1.3666","1.3707","0.0"
"XRPUSDT","2026-05","1779260400","1.3707","1.3736","1.3673","1.3682","0.0"
"XRPUSDT","2026-05","1779264000","1.3683","1.3724","1.3657","1.3699","0.0"
"XRPUSDT","2026-05","1779267600","1.3699","1.3728","1.3685","1.37","0.0"
"XRPUSDT","2026-05","1779271200","1.3699","1.3754","1.3694","1.3704","0.0"
"XRPUSDT","2026-05","1779274800","1.3704","1.3713","1.3641","1.3655","0.0"
"XRPUSDT","2026-05","1779278400","1.3654","1.3755","1.364","1.3734","0.0"
"XRPUSDT","2026-05","1779282000","1.3734","1.3743","1.3592","1.3643","0.0"
"XRPUSDT","2026-05","1779285600","1.3643","1.376","1.3585","1.3732","0.0"
"XRPUSDT","2026-05","1779289200","1.3732","1.3807","1.3682","1.3747","0.0"
"XRPUSDT","2026-05","1779292800","1.3748","1.3776","1.3661","1.3751","0.0"
"XRPUSDT","2026-05","1779296400","1.3751","1.3803","1.371","1.3753","0.0"
"XRPUSDT","2026-05","1779300000","1.3753","1.376","1.365","1.3675","0.0"
"XRPUSDT","2026-05","1779303600","1.3674","1.373","1.3653","1.3726","0.0"
"XRPUSDT","2026-05","1779307200","1.3726","1.3728","1.3641","1.3702","0.0"
"XRPUSDT","2026-05","1779310800","1.3702","1.3718","1.3667","1.3668","0.0"
"XRPUSDT","2026-05","1779314400","1.3667","1.3681","1.3604","1.366","0.0"
"XRPUSDT","2026-05","1779318000","1.3659","1.3675","1.3629","1.3672","0.0"
"XRPUSDT","2026-05","1779321600","1.3672","1.378","1.3665","1.3762","0.0"
"XRPUSDT","2026-05","1779325200","1.3762","1.3814","1.3756","1.3784","0.0"
"XRPUSDT","2026-05","1779328800","1.3785","1.386","1.3777","1.3813","0.0"
"XRPUSDT","2026-05","1779332400","1.3814","1.3847","1.3802","1.3842","0.0"
"XRPUSDT","2026-05","1779336000","1.3843","1.3856","1.3812","1.3819","0.0"
"XRPUSDT","2026-05","1779339600","1.382","1.3835","1.372","1.3746","0.0"
"XRPUSDT","2026-05","1779343200","1.3746","1.3763","1.3693","1.3708","0.0"
"XRPUSDT","2026-05","1779346800","1.3708","1.3772","1.3696","1.376","0.0"
"XRPUSDT","2026-05","1779350400","1.376","1.3858","1.376","1.3803","0.0"
"XRPUSDT","2026-05","1779354000","1.3803","1.3821","1.3739","1.3742","0.0"
"XRPUSDT","2026-05","1779357600","1.3742","1.3749","1.3638","1.3663","0.0"
"XRPUSDT","2026-05","1779361200","1.3663","1.3695","1.3635","1.3636","0.0"
"XRPUSDT","2026-05","1779364800","1.3637","1.3667","1.3617","1.3651","0.0"
"XRPUSDT","2026-05","1779368400","1.3651","1.3687","1.3547","1.3618","0.0"
"XRPUSDT","2026-05","1779372000","1.3618","1.364","1.3512","1.357","0.0"
"XRPUSDT","2026-05","1779375600","1.357","1.3658","1.3558","1.3615","0.0"
"XRPUSDT","2026-05","1779379200","1.3615","1.365","1.3571","1.3613","0.0"
"XRPUSDT","2026-05","1779382800","1.3614","1.3862","1.3614","1.3812","0.0"
"XRPUSDT","2026-05","1779386400","1.3812","1.3826","1.3667","1.3713","0.0"
"XRPUSDT","2026-05","1779390000","1.3713","1.3816","1.3708","1.3796","0.0"
"XRPUSDT","2026-05","1779393600","1.3797","1.3811","1.3763","1.3772","0.0"
"XRPUSDT","2026-05","1779397200","1.3773","1.3789","1.3755","1.376","0.0"
"XRPUSDT","2026-05","1779400800","1.376","1.3767","1.371","1.3727","0.0"
"XRPUSDT","2026-05","1779404400","1.3726","1.3751","1.3693","1.3739","0.0"
"XRPUSDT","2026-05","1779408000","1.3739","1.3744","1.3672","1.3681","0.0"
"XRPUSDT","2026-05","1779411600","1.3681","1.3719","1.3651","1.371","0.0"
"XRPUSDT","2026-05","1779415200","1.371","1.3755","1.3697","1.3731","0.0"
"XRPUSDT","2026-05","1779418800","1.3732","1.3747","1.3709","1.3721","0.0"
"XRPUSDT","2026-05","1779422400","1.3722","1.376","1.3682","1.3704","0.0"
"XRPUSDT","2026-05","1779426000","1.3703","1.3731","1.3675","1.3682","0.0"
"XRPUSDT","2026-05","1779429600","1.3682","1.3699","1.3603","1.3606","0.0"
"XRPUSDT","2026-05","1779433200","1.3607","1.3681","1.3567","1.3652","0.0"
"XRPUSDT","2026-05","1779436800","1.3652","1.3685","1.3611","1.3628","0.0"
"XRPUSDT","2026-05","1779440400","1.3628","1.3654","1.3591","1.3601","0.0"
"XRPUSDT","2026-05","1779444000","1.36","1.3621","1.3575","1.3598","0.0"
"XRPUSDT","2026-05","1779447600","1.3599","1.3619","1.3551","1.3616","0.0"
"XRPUSDT","2026-05","1779451200","1.3616","1.3661","1.3604","1.366","0.0"
"XRPUSDT","2026-05","1779454800","1.3661","1.3705","1.3577","1.3626","0.0"
"XRPUSDT","2026-05","1779458400","1.3626","1.3626","1.35","1.3521","0.0"
"XRPUSDT","2026-05","1779462000","1.3521","1.3579","1.3477","1.3534","0.0"
"XRPUSDT","2026-05","1779465600","1.3534","1.3559","1.3507","1.3547","0.0"
"XRPUSDT","2026-05","1779469200","1.3547","1.3595","1.351","1.3535","0.0"
"XRPUSDT","2026-05","1779472800","1.3534","1.3558","1.3344","1.35","0.0"
"XRPUSDT","2026-05","1779476400","1.35","1.3524","1.3348","1.3386","0.0"
"XRPUSDT","2026-05","1779480000","1.3387","1.3429","1.3356","1.342","0.0"
"XRPUSDT","2026-05","1779483600","1.3419","1.344","1.3403","1.3426","0.0"
"XRPUSDT","2026-05","1779487200","1.3427","1.3442","1.338","1.3405","0.0"
"XRPUSDT","2026-05","1779490800","1.3405","1.343","1.33","1.3345","0.0"
"XRPUSDT","2026-05","1779494400","1.3346","1.3361","1.3272","1.3346","0.0"
"XRPUSDT","2026-05","1779498000","1.3347","1.3391","1.3337","1.3375","0.0"
"XRPUSDT","2026-05","1779501600","1.3375","1.3405","1.3366","1.3399","0.0"
"XRPUSDT","2026-05","1779505200","1.3398","1.3424","1.3396","1.3411","0.0"
"XRPUSDT","2026-05","1779508800","1.3411","1.3412","1.335","1.3363","0.0"
"XRPUSDT","2026-05","1779512400","1.3364","1.3367","1.3294","1.3313","0.0"
"XRPUSDT","2026-05","1779516000","1.3313","1.3357","1.3286","1.3331","0.0"
"XRPUSDT","2026-05","1779519600","1.3331","1.3338","1.3019","1.3122","0.0"
"XRPUSDT","2026-05","1779523200","1.3123","1.3186","1.3071","1.3107","0.0"
"XRPUSDT","2026-05","1779526800","1.3107","1.3182","1.31","1.3173","0.0"
"XRPUSDT","2026-05","1779530400","1.3173","1.3242","1.3171","1.3225","0.0"
"XRPUSDT","2026-05","1779534000","1.3226","1.3264","1.3212","1.3247","0.0"
"XRPUSDT","2026-05","1779537600","1.3246","1.3277","1.3241","1.3265","0.0"
"XRPUSDT","2026-05","1779541200","1.3265","1.337","1.3265","1.3332","0.0"
"XRPUSDT","2026-05","1779544800","1.3332","1.3412","1.3315","1.3399","0.0"
"XRPUSDT","2026-05","1779548400","1.3399","1.3421","1.3353","1.3359","0.0"
"XRPUSDT","2026-05","1779552000","1.3359","1.3392","1.3342","1.3379","0.0"
"XRPUSDT","2026-05","1779555600","1.3379","1.3394","1.3357","1.3385","0.0"
"XRPUSDT","2026-05","1779559200","1.3386","1.3506","1.3385","1.3453","0.0"
"XRPUSDT","2026-05","1779562800","1.3454","1.3474","1.3427","1.347","0.0"
"XRPUSDT","2026-05","1779566400","1.347","1.372","1.3451","1.3719","0.0"
"XRPUSDT","2026-05","1779570000","1.372","1.3762","1.3537","1.3598","0.0"
"XRPUSDT","2026-05","1779573600","1.3599","1.3637","1.3529","1.3588","0.0"
"XRPUSDT","2026-05","1779577200","1.3587","1.3616","1.3571","1.3583","0.0"
"XRPUSDT","2026-05","1779580800","1.3584","1.3639","1.3571","1.3619","0.0"
"XRPUSDT","2026-05","1779584400","1.3619","1.3633","1.3593","1.3605","0.0"
"XRPUSDT","2026-05","1779588000","1.3606","1.3625","1.3584","1.3612","0.0"
"XRPUSDT","2026-05","1779591600","1.3611","1.3634","1.3596","1.3607","0.0"
"XRPUSDT","2026-05","1779595200","1.3608","1.3618","1.3592","1.361","0.0"
"XRPUSDT","2026-05","1779598800","1.3611","1.3613","1.355","1.3595","0.0"
"XRPUSDT","2026-05","1779602400","1.3595","1.3632","1.3573","1.3628","0.0"
"XRPUSDT","2026-05","1779606000","1.3628","1.3648","1.3589","1.3595","0.0"
"XRPUSDT","2026-05","1779609600","1.3596","1.3612","1.3575","1.361","0.0"
"XRPUSDT","2026-05","1779613200","1.361","1.3666","1.3605","1.3648","0.0"
"XRPUSDT","2026-05","1779616800","1.3648","1.371","1.3628","1.3635","0.0"
"XRPUSDT","2026-05","1779620400","1.3635","1.3698","1.3621","1.3651","0.0"
"XRPUSDT","2026-05","1779624000","1.3652","1.3655","1.3608","1.3627","0.0"
"XRPUSDT","2026-05","1779627600","1.3628","1.3638","1.3567","1.3589","0.0"
"XRPUSDT","2026-05","1779631200","1.359","1.3596","1.339","1.3498","0.0"
"XRPUSDT","2026-05","1779634800","1.3499","1.3513","1.3482","1.3484","0.0"
"XRPUSDT","2026-05","1779638400","1.3484","1.3527","1.3472","1.3509","0.0"
"XRPUSDT","2026-05","1779642000","1.3509","1.3546","1.3506","1.3532","0.0"
"XRPUSDT","2026-05","1779645600","1.3533","1.3535","1.3476","1.3486","0.0"
"XRPUSDT","2026-05","1779649200","1.3486","1.3506","1.3461","1.3493","0.0"
"XRPUSDT","2026-05","1779652800","1.3493","1.3497","1.3432","1.3448","0.0"
"XRPUSDT","2026-05","1779656400","1.3448","1.3472","1.3326","1.3358","0.0"
"XRPUSDT","2026-05","1779660000","1.3359","1.3514","1.3359","1.3478","0.0"
"XRPUSDT","2026-05","1779663600","1.3479","1.3541","1.3479","1.351","0.0"
"XRPUSDT","2026-05","1779667200","1.351","1.3558","1.351","1.352","0.0"
"XRPUSDT","2026-05","1779670800","1.3521","1.3556","1.3471","1.3473","0.0"
"XRPUSDT","2026-05","1779674400","1.3474","1.3567","1.3469","1.3473","0.0"
"XRPUSDT","2026-05","1779678000","1.3473","1.3487","1.3435","1.3468","0.0"
"XRPUSDT","2026-05","1779681600","1.3468","1.3566","1.345","1.3553","0.0"
"XRPUSDT","2026-05","1779685200","1.3553","1.3611","1.354","1.3582","0.0"
"XRPUSDT","2026-05","1779688800","1.3582","1.3609","1.3541","1.3582","0.0"
"XRPUSDT","2026-05","1779692400","1.3583","1.361","1.3526","1.3589","0.0"
"XRPUSDT","2026-05","1779696000","1.3589","1.3656","1.3567","1.3592","0.0"
"XRPUSDT","2026-05","1779699600","1.3592","1.3632","1.3569","1.361","0.0"
"XRPUSDT","2026-05","1779703200","1.361","1.3617","1.3592","1.3606","0.0"
"XRPUSDT","2026-05","1779706800","1.3606","1.3614","1.3573","1.3577","0.0"
"XRPUSDT","2026-05","1779710400","1.3577","1.3595","1.3564","1.3574","0.0"
"XRPUSDT","2026-05","1779714000","1.3573","1.359","1.3556","1.3583","0.0"
"XRPUSDT","2026-05","1779717600","1.3582","1.3627","1.3577","1.3615","0.0"
"XRPUSDT","2026-05","1779721200","1.3614","1.3657","1.3576","1.3588","0.0"
"XRPUSDT","2026-05","1779724800","1.3589","1.3639","1.3574","1.3627","0.0"
"XRPUSDT","2026-05","1779728400","1.3627","1.364","1.3602","1.3613","0.0"
"XRPUSDT","2026-05","1779732000","1.3613","1.3633","1.3587","1.3587","0.0"
"XRPUSDT","2026-05","1779735600","1.3588","1.3588","1.3545","1.3571","0.0"
"XRPUSDT","2026-05","1779739200","1.357","1.3596","1.3523","1.3546","0.0"
"XRPUSDT","2026-05","1779742800","1.3546","1.3568","1.354","1.3547","0.0"
"XRPUSDT","2026-05","1779746400","1.3547","1.356","1.3466","1.3489","0.0"
"XRPUSDT","2026-05","1779750000","1.3489","1.3519","1.3472","1.3503","0.0"
"XRPUSDT","2026-05","1779753600","1.3503","1.3512","1.3352","1.3422","0.0"
"XRPUSDT","2026-05","1779757200","1.3421","1.3448","1.3374","1.3396","0.0"
"XRPUSDT","2026-05","1779760800","1.3396","1.3404","1.3357","1.3372","0.0"
"XRPUSDT","2026-05","1779764400","1.3372","1.3408","1.3342","1.3402","0.0"
"XRPUSDT","2026-05","1779768000","1.3402","1.3464","1.3399","1.3454","0.0"
"XRPUSDT","2026-05","1779771600","1.3454","1.3507","1.3445","1.3479","0.0"
"XRPUSDT","2026-05","1779775200","1.3479","1.3498","1.3448","1.3485","0.0"
"XRPUSDT","2026-05","1779778800","1.3486","1.349","1.3393","1.3405","0.0"
"XRPUSDT","2026-05","1779782400","1.3405","1.3439","1.3397","1.3408","0.0"
"XRPUSDT","2026-05","1779786000","1.3408","1.3435","1.3395","1.3419","0.0"
"XRPUSDT","2026-05","1779789600","1.3419","1.3595","1.3402","1.3566","0.0"
"XRPUSDT","2026-05","1779793200","1.3567","1.3577","1.3514","1.3521","0.0"
"XRPUSDT","2026-05","1779796800","1.352","1.3559","1.3477","1.3552","0.0"
"XRPUSDT","2026-05","1779800400","1.3553","1.3604","1.3482","1.3558","0.0"
"XRPUSDT","2026-05","1779804000","1.3559","1.3656","1.3475","1.3524","0.0"
"XRPUSDT","2026-05","1779807600","1.3524","1.3538","1.3396","1.3451","0.0"
"XRPUSDT","2026-05","1779811200","1.3452","1.3458","1.3383","1.3411","0.0"
"XRPUSDT","2026-05","1779814800","1.3411","1.3436","1.3273","1.3332","0.0"
"XRPUSDT","2026-05","1779818400","1.3332","1.3389","1.3289","1.3301","0.0"
"XRPUSDT","2026-05","1779822000","1.3301","1.3349","1.3273","1.3325","0.0"
"XRPUSDT","2026-05","1779825600","1.3325","1.3343","1.3311","1.3335","0.0"
"XRPUSDT","2026-05","1779829200","1.3335","1.3347","1.3286","1.3316","0.0"
"XRPUSDT","2026-05","1779832800","1.3317","1.3339","1.3288","1.33","0.0"
"XRPUSDT","2026-05","1779836400","1.33","1.3318","1.329","1.3292","0.0"
"XRPUSDT","2026-05","1779840000","1.3293","1.3328","1.3288","1.3325","0.0"
"XRPUSDT","2026-05","1779843600","1.3324","1.3331","1.3294","1.3306","0.0"
"XRPUSDT","2026-05","1779847200","1.3307","1.3312","1.3264","1.3311","0.0"
"XRPUSDT","2026-05","1779850800","1.3311","1.3331","1.3265","1.3276","0.0"
"XRPUSDT","2026-05","1779854400","1.3276","1.3315","1.3216","1.331","0.0"
"XRPUSDT","2026-05","1779858000","1.331","1.3328","1.3298","1.3313","0.0"
"XRPUSDT","2026-05","1779861600","1.3313","1.337","1.3304","1.3359","0.0"
"XRPUSDT","2026-05","1779865200","1.3359","1.3371","1.3302","1.3319","0.0"
"XRPUSDT","2026-05","1779868800","1.3319","1.3379","1.33","1.3355","0.0"
"XRPUSDT","2026-05","1779872400","1.3354","1.3373","1.3282","1.3293","0.0"
"XRPUSDT","2026-05","1779876000","1.3292","1.3347","1.3292","1.3304","0.0"
"XRPUSDT","2026-05","1779879600","1.3304","1.3343","1.3289","1.3297","0.0"
"XRPUSDT","2026-05","1779883200","1.3298","1.3408","1.325","1.3319","0.0"
"XRPUSDT","2026-05","1779886800","1.332","1.3333","1.3187","1.3241","0.0"
"XRPUSDT","2026-05","1779890400","1.3242","1.3309","1.3189","1.3305","0.0"
"XRPUSDT","2026-05","1779894000","1.3304","1.3437","1.3299","1.3363","0.0"
"XRPUSDT","2026-05","1779897600","1.3364","1.3389","1.3281","1.332","0.0"
"XRPUSDT","2026-05","1779901200","1.3321","1.3324","1.3175","1.3205","0.0"
"XRPUSDT","2026-05","1779904800","1.3204","1.3272","1.3176","1.3267","0.0"
"XRPUSDT","2026-05","1779908400","1.3267","1.3341","1.3267","1.3307","0.0"
"XRPUSDT","2026-05","1779912000","1.3307","1.3348","1.3273","1.3307","0.0"
"XRPUSDT","2026-05","1779915600","1.3308","1.3327","1.3114","1.3161","0.0"
"XRPUSDT","2026-05","1779919200","1.3161","1.3208","1.3102","1.3109","0.0"
"XRPUSDT","2026-05","1779922800","1.3108","1.3123","1.3033","1.3076","0.0"
"XRPUSDT","2026-05","1779926400","1.3076","1.3114","1.306","1.3098","0.0"
"XRPUSDT","2026-05","1779930000","1.3097","1.3104","1.2979","1.3031","0.0"
"XRPUSDT","2026-05","1779933600","1.3032","1.306","1.3004","1.3014","0.0"
"XRPUSDT","2026-05","1779937200","1.3015","1.3036","1.2752","1.279","0.0"
"XRPUSDT","2026-05","1779940800","1.279","1.2844","1.2677","1.2843","0.0"
"XRPUSDT","2026-05","1779944400","1.2844","1.2862","1.278","1.2838","0.0"
"XRPUSDT","2026-05","1779948000","1.2838","1.2898","1.2808","1.2876","0.0"
"XRPUSDT","2026-05","1779951600","1.2875","1.2936","1.2872","1.2934","0.0"
"XRPUSDT","2026-05","1779955200","1.2934","1.2937","1.2868","1.2889","0.0"
"XRPUSDT","2026-05","1779958800","1.2889","1.2938","1.2875","1.293","0.0"
"XRPUSDT","2026-05","1779962400","1.2929","1.2963","1.2881","1.2886","0.0"
"XRPUSDT","2026-05","1779966000","1.2886","1.2907","1.2861","1.2877","0.0"
"XRPUSDT","2026-05","1779969600","1.2876","1.295","1.2838","1.2947","0.0"
"XRPUSDT","2026-05","1779973200","1.2948","1.2997","1.2895","1.2966","0.0"
"XRPUSDT","2026-05","1779976800","1.2965","1.3107","1.2864","1.302","0.0"
"XRPUSDT","2026-05","1779980400","1.3021","1.3148","1.2945","1.3124","0.0"
"XRPUSDT","2026-05","1779984000","1.3124","1.3295","1.307","1.3238","0.0"
"XRPUSDT","2026-05","1779987600","1.3238","1.33","1.319","1.3262","0.0"
"XRPUSDT","2026-05","1779991200","1.3261","1.3385","1.3256","1.3344","0.0"
"XRPUSDT","2026-05","1779994800","1.3345","1.3345","1.3157","1.3161","0.0"
"XRPUSDT","2026-05","1779998400","1.316","1.3249","1.3104","1.3205","0.0"
"XRPUSDT","2026-05","1780002000","1.3205","1.3234","1.3169","1.32","0.0"
"XRPUSDT","2026-05","1780005600","1.32","1.3219","1.3125","1.3144","0.0"
"XRPUSDT","2026-05","1780009200","1.3144","1.3187","1.3138","1.3156","0.0"
"XRPUSDT","2026-05","1780012800","1.3156","1.3205","1.3143","1.3152","0.0"
"XRPUSDT","2026-05","1780016400","1.3151","1.3175","1.3082","1.3103","0.0"
"XRPUSDT","2026-05","1780020000","1.3103","1.3116","1.3038","1.3042","0.0"
"XRPUSDT","2026-05","1780023600","1.3042","1.3151","1.3042","1.3124","0.0"
"XRPUSDT","2026-05","1780027200","1.3124","1.313","1.3039","1.3108","0.0"
"XRPUSDT","2026-05","1780030800","1.3108","1.3155","1.3088","1.3152","0.0"
"XRPUSDT","2026-05","1780034400","1.3153","1.321","1.3143","1.3162","0.0"
"XRPUSDT","2026-05","1780038000","1.3162","1.3193","1.3101","1.3169","0.0"
"XRPUSDT","2026-05","1780041600","1.3168","1.3235","1.3165","1.3212","0.0"
"XRPUSDT","2026-05","1780045200","1.3213","1.3275","1.3202","1.3235","0.0"
"XRPUSDT","2026-05","1780048800","1.3235","1.3237","1.3174","1.3187","0.0"
"XRPUSDT","2026-05","1780052400","1.3187","1.3189","1.3069","1.3113","0.0"
"XRPUSDT","2026-05","1780056000","1.3114","1.3123","1.3029","1.3047","0.0"
"XRPUSDT","2026-05","1780059600","1.3047","1.3063","1.2978","1.3027","0.0"
"XRPUSDT","2026-05","1780063200","1.3028","1.3089","1.2947","1.3079","0.0"
"XRPUSDT","2026-05","1780066800","1.3079","1.3339","1.3052","1.3227","0.0"
"XRPUSDT","2026-05","1780070400","1.3228","1.3311","1.3164","1.3272","0.0"
"XRPUSDT","2026-05","1780074000","1.3272","1.333","1.3237","1.3249","0.0"
"XRPUSDT","2026-05","1780077600","1.3249","1.3304","1.3165","1.3188","0.0"
"XRPUSDT","2026-05","1780081200","1.3187","1.3235","1.3109","1.321","0.0"
"XRPUSDT","2026-05","1780084800","1.321","1.3253","1.3202","1.3225","0.0"
"XRPUSDT","2026-05","1780088400","1.3226","1.3269","1.3161","1.3162","0.0"
"XRPUSDT","2026-05","1780092000","1.3161","1.3213","1.3144","1.3208","0.0"
"XRPUSDT","2026-05","1780095600","1.3208","1.3312","1.3199","1.33","0.0"
"XRPUSDT","2026-05","1780099200","1.33","1.35","1.3281","1.3489","0.0"
"XRPUSDT","2026-05","1780102800","1.3489","1.3661","1.3442","1.3567","0.0"
"XRPUSDT","2026-05","1780106400","1.3567","1.3638","1.3548","1.3603","0.0"
"XRPUSDT","2026-05","1780110000","1.3603","1.3626","1.3502","1.3504","0.0"
"XRPUSDT","2026-05","1780113600","1.3504","1.3529","1.337","1.344","0.0"
"XRPUSDT","2026-05","1780117200","1.3441","1.351","1.3424","1.3487","0.0"
"XRPUSDT","2026-05","1780120800","1.3488","1.3495","1.3432","1.3455","0.0"
"XRPUSDT","2026-05","1780124400","1.3456","1.3459","1.3403","1.3428","0.0"
"XRPUSDT","2026-05","1780128000","1.3429","1.3429","1.3401","1.3406","0.0"
"XRPUSDT","2026-05","1780131600","1.3407","1.3463","1.3397","1.3446","0.0"
"XRPUSDT","2026-05","1780135200","1.3447","1.3447","1.3405","1.3423","0.0"
"XRPUSDT","2026-05","1780138800","1.3424","1.3441","1.3371","1.3404","0.0"
"XRPUSDT","2026-05","1780142400","1.3405","1.3424","1.3374","1.3397","0.0"
"XRPUSDT","2026-05","1780146000","1.3398","1.3416","1.3374","1.341","0.0"
"XRPUSDT","2026-05","1780149600","1.3411","1.347","1.3396","1.3428","0.0"
"XRPUSDT","2026-05","1780153200","1.3429","1.3456","1.3401","1.3424","0.0"
"XRPUSDT","2026-05","1780156800","1.3425","1.3497","1.3413","1.3479","0.0"
"XRPUSDT","2026-05","1780160400","1.348","1.3533","1.3446","1.3527","0.0"
"XRPUSDT","2026-05","1780164000","1.3527","1.354","1.3491","1.3521","0.0"
"XRPUSDT","2026-05","1780167600","1.352","1.3521","1.3439","1.3478","0.0"
"XRPUSDT","2026-05","1780171200","1.3478","1.35","1.3467","1.3481","0.0"
"XRPUSDT","2026-05","1780174800","1.3482","1.3519","1.347","1.3502","0.0"
"XRPUSDT","2026-05","1780178400","1.3501","1.3501","1.3377","1.3425","0.0"
"XRPUSDT","2026-05","1780182000","1.3426","1.3439","1.3386","1.3408","0.0"
"XRPUSDT","2026-05","1780185600","1.3409","1.342","1.3379","1.3405","0.0"
"XRPUSDT","2026-05","1780189200","1.3404","1.3442","1.3402","1.3417","0.0"
"XRPUSDT","2026-05","1780192800","1.3418","1.3462","1.3363","1.3424","0.0"
"XRPUSDT","2026-05","1780196400","1.3424","1.3454","1.3414","1.3448","0.0"
"XRPUSDT","2026-05","1780200000","1.3449","1.3468","1.343","1.3462","0.0"
"XRPUSDT","2026-05","1780203600","1.3462","1.3463","1.3426","1.3433","0.0"
"XRPUSDT","2026-05","1780207200","1.3433","1.3433","1.34","1.3401","0.0"
"XRPUSDT","2026-05","1780210800","1.34","1.34","1.333","1.3356","0.0"
"XRPUSDT","2026-05","1780214400","1.3356","1.3398","1.3354","1.3385","0.0"
"XRPUSDT","2026-05","1780218000","1.3385","1.3429","1.3366","1.3391","0.0"
"XRPUSDT","2026-05","1780221600","1.3391","1.3394","1.3342","1.3369","0.0"
"XRPUSDT","2026-05","1780225200","1.3369","1.3432","1.3369","1.3419","0.0"
"XRPUSDT","2026-05","1780228800","1.3418","1.3438","1.3388","1.3424","0.0"
"XRPUSDT","2026-05","1780232400","1.3424","1.3484","1.3415","1.3424","0.0"
"XRPUSDT","2026-05","1780236000","1.3424","1.3439","1.328","1.3304","0.0"
"XRPUSDT","2026-05","1780239600","1.3303","1.3351","1.3283","1.3307","0.0"
"XRPUSDT","2026-05","1780243200","1.3307","1.3326","1.3219","1.3278","0.0"
"XRPUSDT","2026-05","1780246800","1.3278","1.3323","1.3277","1.3313","0.0"
"XRPUSDT","2026-05","1780250400","1.3313","1.3314","1.3261","1.3277","0.0"
"XRPUSDT","2026-05","1780254000","1.3277","1.3283","1.321","1.3266","0.0"
"XRPUSDT","2026-05","1780257600","1.3266","1.3314","1.3266","1.3308","0.0"
"XRPUSDT","2026-05","1780261200","1.3309","1.3351","1.3293","1.3344","0.0"
"XRPUSDT","2026-05","1780264800","1.3344","1.3402","1.3316","1.3373","0.0"
"XRPUSDT","2026-05","1780268400","1.3374","1.3425","1.3278","1.333","0.0"
"XRPUSDT","2026-06","1780272000","1.333","1.3412","1.3309","1.3377","0.0"
"XRPUSDT","2026-06","1780275600","1.3377","1.3389","1.3217","1.3217","0.0"
"XRPUSDT","2026-06","1780279200","1.3216","1.3349","1.3193","1.3308","0.0"
"XRPUSDT","2026-06","1780282800","1.3308","1.3358","1.3298","1.3308","0.0"
"XRPUSDT","2026-06","1780286400","1.3309","1.3333","1.3174","1.3224","0.0"
"XRPUSDT","2026-06","1780290000","1.3223","1.323","1.3156","1.3165","0.0"
"XRPUSDT","2026-06","1780293600","1.3166","1.3169","1.3095","1.3139","0.0"
"XRPUSDT","2026-06","1780297200","1.3139","1.3147","1.3032","1.3036","0.0"
"XRPUSDT","2026-06","1780300800","1.3036","1.3078","1.2987","1.303","0.0"
"XRPUSDT","2026-06","1780304400","1.303","1.3098","1.303","1.3044","0.0"
"XRPUSDT","2026-06","1780308000","1.3044","1.3074","1.3016","1.3059","0.0"
"XRPUSDT","2026-06","1780311600","1.3059","1.3078","1.301","1.3036","0.0"
"XRPUSDT","2026-06","1780315200","1.3035","1.3065","1.296","1.3027","0.0"
"XRPUSDT","2026-06","1780318800","1.3027","1.3031","1.2861","1.2907","0.0"
"XRPUSDT","2026-06","1780322400","1.2906","1.2928","1.2819","1.286","0.0"
"XRPUSDT","2026-06","1780326000","1.286","1.2904","1.2797","1.2822","0.0"
"XRPUSDT","2026-06","1780329600","1.2822","1.2941","1.2794","1.2941","0.0"
"XRPUSDT","2026-06","1780333200","1.294","1.3053","1.2934","1.3007","0.0"
"XRPUSDT","2026-06","1780336800","1.3006","1.3033","1.2953","1.2965","0.0"
"XRPUSDT","2026-06","1780340400","1.2965","1.3015","1.2945","1.3","0.0"
"XRPUSDT","2026-06","1780344000","1.2999","1.3007","1.295","1.2991","0.0"
"XRPUSDT","2026-06","1780347600","1.299","1.2991","1.2913","1.2918","0.0"
"XRPUSDT","2026-06","1780351200","1.2918","1.3013","1.2868","1.3005","0.0"
"XRPUSDT","2026-06","1780354800","1.3005","1.301","1.2931","1.2972","0.0"
"XRPUSDT","2026-06","1780358400","1.2972","1.2972","1.2881","1.2891","0.0"
"XRPUSDT","2026-06","1780362000","1.2892","1.2906","1.2794","1.2798","0.0"
"XRPUSDT","2026-06","1780365600","1.2797","1.2851","1.2682","1.2844","0.0"
"XRPUSDT","2026-06","1780369200","1.2844","1.2889","1.282","1.2881","0.0"
"XRPUSDT","2026-06","1780372800","1.288","1.2898","1.2801","1.2802","0.0"
"XRPUSDT","2026-06","1780376400","1.2803","1.2811","1.2665","1.2679","0.0"
"XRPUSDT","2026-06","1780380000","1.2679","1.2723","1.2631","1.2657","0.0"
"XRPUSDT","2026-06","1780383600","1.2657","1.272","1.2587","1.268","0.0"
"XRPUSDT","2026-06","1780387200","1.2681","1.2694","1.2623","1.2648","0.0"
"XRPUSDT","2026-06","1780390800","1.2648","1.2654","1.2572","1.2596","0.0"
"XRPUSDT","2026-06","1780394400","1.2597","1.2679","1.2576","1.2671","0.0"
"XRPUSDT","2026-06","1780398000","1.267","1.267","1.2592","1.261","0.0"
"XRPUSDT","2026-06","1780401600","1.2611","1.2659","1.2591","1.2639","0.0"
"XRPUSDT","2026-06","1780405200","1.2639","1.2686","1.26","1.2615","0.0"
"XRPUSDT","2026-06","1780408800","1.2616","1.2619","1.2278","1.2352","0.0"
"XRPUSDT","2026-06","1780412400","1.2352","1.2373","1.2171","1.222","0.0"
"XRPUSDT","2026-06","1780416000","1.222","1.2436","1.2198","1.2328","0.0"
"XRPUSDT","2026-06","1780419600","1.2328","1.2438","1.2317","1.2365","0.0"
"XRPUSDT","2026-06","1780423200","1.2365","1.2405","1.2181","1.2242","0.0"
"XRPUSDT","2026-06","1780426800","1.2242","1.2308","1.207","1.2217","0.0"
"XRPUSDT","2026-06","1780430400","1.2217","1.2277","1.2131","1.2233","0.0"
"XRPUSDT","2026-06","1780434000","1.2233","1.2324","1.2201","1.2265","0.0"
"XRPUSDT","2026-06","1780437600","1.2264","1.2264","1.1948","1.2009","0.0"
"XRPUSDT","2026-06","1780441200","1.201","1.2126","1.1973","1.2117","0.0"
"XRPUSDT","2026-06","1780444800","1.2118","1.2258","1.2118","1.2246","0.0"
"XRPUSDT","2026-06","1780448400","1.2246","1.2319","1.2183","1.2236","0.0"
"XRPUSDT","2026-06","1780452000","1.2235","1.2243","1.2174","1.2205","0.0"
"XRPUSDT","2026-06","1780455600","1.2205","1.2231","1.1898","1.1979","0.0"
"XRPUSDT","2026-06","1780459200","1.198","1.2189","1.1977","1.2184","0.0"
"XRPUSDT","2026-06","1780462800","1.2184","1.2349","1.2184","1.2324","0.0"
"XRPUSDT","2026-06","1780466400","1.2324","1.2465","1.2317","1.2389","0.0"
"XRPUSDT","2026-06","1780470000","1.239","1.2491","1.2376","1.2433","0.0"
"XRPUSDT","2026-06","1780473600","1.2432","1.2457","1.2386","1.2428","0.0"
"XRPUSDT","2026-06","1780477200","1.2428","1.2452","1.2353","1.2384","0.0"
"XRPUSDT","2026-06","1780480800","1.2385","1.2449","1.2379","1.2418","0.0"
"XRPUSDT","2026-06","1780484400","1.2419","1.2449","1.2337","1.2369","0.0"
"XRPUSDT","2026-06","1780488000","1.2369","1.2378","1.2296","1.2357","0.0"
"XRPUSDT","2026-06","1780491600","1.2357","1.2378","1.2262","1.2312","0.0"
"XRPUSDT","2026-06","1780495200","1.2312","1.2339","1.2221","1.231","0.0"
"XRPUSDT","2026-06","1780498800","1.231","1.2319","1.2207","1.2251","0.0"
"XRPUSDT","2026-06","1780502400","1.2252","1.2286","1.2089","1.2228","0.0"
"XRPUSDT","2026-06","1780506000","1.2229","1.2287","1.2134","1.2214","0.0"
"XRPUSDT","2026-06","1780509600","1.2214","1.2248","1.213","1.2185","0.0"
"XRPUSDT","2026-06","1780513200","1.2185","1.2196","1.202","1.2043","0.0"
"XRPUSDT","2026-06","1780516800","1.2042","1.2081","1.1868","1.1939","0.0"
"XRPUSDT","2026-06","1780520400","1.1939","1.2203","1.1917","1.2185","0.0"
"XRPUSDT","2026-06","1780524000","1.2185","1.2205","1.2041","1.2063","0.0"
"XRPUSDT","2026-06","1780527600","1.2063","1.2075","1.1981","1.2012","0.0"
"XRPUSDT","2026-06","1780531200","1.2012","1.208","1.1868","1.1936","0.0"
"XRPUSDT","2026-06","1780534800","1.1937","1.1966","1.1565","1.1615","0.0"
"XRPUSDT","2026-06","1780538400","1.1615","1.1872","1.1407","1.1815","0.0"
"XRPUSDT","2026-06","1780542000","1.1816","1.2112","1.1814","1.209","0.0"
"XRPUSDT","2026-06","1780545600","1.2091","1.212","1.2004","1.2018","0.0"
"XRPUSDT","2026-06","1780549200","1.2017","1.2018","1.1842","1.1879","0.0"
"XRPUSDT","2026-06","1780552800","1.188","1.2","1.1865","1.1892","0.0"
"XRPUSDT","2026-06","1780556400","1.1892","1.19","1.1676","1.1678","0.0"
"XRPUSDT","2026-06","1780560000","1.1677","1.1722","1.1611","1.1678","0.0"
"XRPUSDT","2026-06","1780563600","1.1679","1.1684","1.1453","1.162","0.0"
"XRPUSDT","2026-06","1780567200","1.1621","1.1626","1.1431","1.1485","0.0"
"XRPUSDT","2026-06","1780570800","1.1485","1.1599","1.1418","1.1558","0.0"
"XRPUSDT","2026-06","1780574400","1.1559","1.1824","1.1504","1.1801","0.0"
"XRPUSDT","2026-06","1780578000","1.18","1.1836","1.1631","1.1795","0.0"
"XRPUSDT","2026-06","1780581600","1.1796","1.1831","1.168","1.173","0.0"
"XRPUSDT","2026-06","1780585200","1.173","1.1827","1.166","1.1689","0.0"
"XRPUSDT","2026-06","1780588800","1.1689","1.1735","1.1608","1.1702","0.0"
"XRPUSDT","2026-06","1780592400","1.1701","1.1755","1.1592","1.1698","0.0"
"XRPUSDT","2026-06","1780596000","1.1698","1.1832","1.1632","1.1794","0.0"
"XRPUSDT","2026-06","1780599600","1.1793","1.185","1.1729","1.1752","0.0"
"XRPUSDT","2026-06","1780603200","1.1751","1.1779","1.1667","1.1759","0.0"
"XRPUSDT","2026-06","1780606800","1.1759","1.1789","1.156","1.159","0.0"
"XRPUSDT","2026-06","1780610400","1.1589","1.1702","1.1548","1.1695","0.0"
"XRPUSDT","2026-06","1780614000","1.1694","1.1722","1.1585","1.1688","0.0"
"XRPUSDT","2026-06","1780617600","1.1687","1.1751","1.1609","1.1617","0.0"
"XRPUSDT","2026-06","1780621200","1.1616","1.1621","1.1513","1.1573","0.0"
"XRPUSDT","2026-06","1780624800","1.1574","1.1584","1.1348","1.1352","0.0"
"XRPUSDT","2026-06","1780628400","1.1353","1.1478","1.133","1.1347","0.0"
"XRPUSDT","2026-06","1780632000","1.1348","1.1488","1.1305","1.1479","0.0"
"XRPUSDT","2026-06","1780635600","1.1479","1.1492","1.1204","1.1208","0.0"
"XRPUSDT","2026-06","1780639200","1.1208","1.1266","1.09","1.1188","0.0"
"XRPUSDT","2026-06","1780642800","1.1188","1.1384","1.1049","1.1364","0.0"
"XRPUSDT","2026-06","1780646400","1.1363","1.1364","1.1168","1.1194","0.0"
"XRPUSDT","2026-06","1780650000","1.1195","1.1407","1.1191","1.1403","0.0"
"XRPUSDT","2026-06","1780653600","1.1403","1.1461","1.1309","1.1362","0.0"
"XRPUSDT","2026-06","1780657200","1.1361","1.1361","1.1184","1.1189","0.0"
"XRPUSDT","2026-06","1780660800","1.1189","1.1269","1.1101","1.1201","0.0"
"XRPUSDT","2026-06","1780664400","1.12","1.1379","1.1015","1.1022","0.0"
"XRPUSDT","2026-06","1780668000","1.1023","1.1182","1.0977","1.1068","0.0"
"XRPUSDT","2026-06","1780671600","1.1069","1.1097","1.0917","1.0998","0.0"
"XRPUSDT","2026-06","1780675200","1.0998","1.1234","1.0843","1.1203","0.0"
"XRPUSDT","2026-06","1780678800","1.1203","1.122","1.1005","1.109","0.0"
"XRPUSDT","2026-06","1780682400","1.109","1.1135","1.0804","1.0835","0.0"
"XRPUSDT","2026-06","1780686000","1.0835","1.1042","1.0692","1.0988","0.0"
"XRPUSDT","2026-06","1780689600","1.0987","1.1185","1.0856","1.1154","0.0"
"XRPUSDT","2026-06","1780693200","1.1154","1.1204","1.1114","1.1117","0.0"
"XRPUSDT","2026-06","1780696800","1.1117","1.1117","1.0964","1.1062","0.0"
"XRPUSDT","2026-06","1780700400","1.1062","1.1157","1.0873","1.0978","0.0"
"XRPUSDT","2026-06","1780704000","1.0978","1.1128","1.0978","1.111","0.0"
"XRPUSDT","2026-06","1780707600","1.111","1.1144","1.1003","1.1012","0.0"
"XRPUSDT","2026-06","1780711200","1.1011","1.1033","1.0917","1.0957","0.0"
"XRPUSDT","2026-06","1780714800","1.0957","1.0958","1.0835","1.086","0.0"
"XRPUSDT","2026-06","1780718400","1.0859","1.0904","1.0518","1.0582","0.0"
"XRPUSDT","2026-06","1780722000","1.0582","1.0912","1.0501","1.0894","0.0"
"XRPUSDT","2026-06","1780725600","1.0895","1.1009","1.081","1.0826","0.0"
"XRPUSDT","2026-06","1780729200","1.0827","1.0997","1.0815","1.0921","0.0"
"XRPUSDT","2026-06","1780732800","1.0922","1.1044","1.0899","1.0991","0.0"
"XRPUSDT","2026-06","1780736400","1.099","1.1032","1.0888","1.0916","0.0"
"XRPUSDT","2026-06","1780740000","1.0916","1.0916","1.0727","1.0804","0.0"
"XRPUSDT","2026-06","1780743600","1.0803","1.0895","1.0795","1.0876","0.0"
"XRPUSDT","2026-06","1780747200","1.0877","1.0988","1.0807","1.0964","0.0"
"XRPUSDT","2026-06","1780750800","1.0964","1.1026","1.0919","1.0983","0.0"
"XRPUSDT","2026-06","1780754400","1.0983","1.1099","1.0977","1.1031","0.0"
"XRPUSDT","2026-06","1780758000","1.1031","1.1042","1.0867","1.0962","0.0"
"XRPUSDT","2026-06","1780761600","1.0963","1.1019","1.0877","1.0955","0.0"
"XRPUSDT","2026-06","1780765200","1.0955","1.098","1.081","1.0827","0.0"
"XRPUSDT","2026-06","1780768800","1.0826","1.0886","1.0791","1.0849","0.0"
"XRPUSDT","2026-06","1780772400","1.0849","1.0899","1.0805","1.0808","0.0"
"XRPUSDT","2026-06","1780776000","1.0807","1.0858","1.0776","1.085","0.0"
"XRPUSDT","2026-06","1780779600","1.085","1.0943","1.0847","1.088","0.0"
"XRPUSDT","2026-06","1780783200","1.0879","1.0898","1.0816","1.0866","0.0"
"XRPUSDT","2026-06","1780786800","1.0865","1.095","1.086","1.0934","0.0"
"XRPUSDT","2026-06","1780790400","1.0935","1.0976","1.0892","1.0892","0.0"
"XRPUSDT","2026-06","1780794000","1.0892","1.1203","1.0886","1.1163","0.0"
"XRPUSDT","2026-06","1780797600","1.1163","1.1235","1.1072","1.1192","0.0"
"XRPUSDT","2026-06","1780801200","1.1192","1.1246","1.115","1.1185","0.0"
"XRPUSDT","2026-06","1780804800","1.1184","1.1222","1.1104","1.1214","0.0"
"XRPUSDT","2026-06","1780808400","1.1215","1.127","1.1191","1.1201","0.0"
"XRPUSDT","2026-06","1780812000","1.1201","1.1295","1.116","1.1258","0.0"
"XRPUSDT","2026-06","1780815600","1.1257","1.1373","1.122","1.1371","0.0"
"XRPUSDT","2026-06","1780819200","1.1371","1.1562","1.1304","1.1555","0.0"
"XRPUSDT","2026-06","1780822800","1.1556","1.1702","1.1456","1.1461","0.0"
"XRPUSDT","2026-06","1780826400","1.1462","1.1473","1.1326","1.1352","0.0"
"XRPUSDT","2026-06","1780830000","1.1352","1.141","1.1329","1.1403","0.0"
"XRPUSDT","2026-06","1780833600","1.1403","1.1406","1.1185","1.1237","0.0"
"XRPUSDT","2026-06","1780837200","1.1236","1.125","1.1208","1.1222","0.0"
"XRPUSDT","2026-06","1780840800","1.1222","1.1373","1.1221","1.1333","0.0"
"XRPUSDT","2026-06","1780844400","1.1334","1.1369","1.1285","1.1339","0.0"
"XRPUSDT","2026-06","1780848000","1.1339","1.1395","1.1307","1.138","0.0"
"XRPUSDT","2026-06","1780851600","1.138","1.1462","1.1365","1.1444","0.0"
"XRPUSDT","2026-06","1780855200","1.1443","1.1512","1.1409","1.1412","0.0"
"XRPUSDT","2026-06","1780858800","1.1413","1.1415","1.1197","1.1247","0.0"
"XRPUSDT","2026-06","1780862400","1.1246","1.1365","1.1217","1.1325","0.0"
"XRPUSDT","2026-06","1780866000","1.1324","1.1341","1.1257","1.1304","0.0"
"XRPUSDT","2026-06","1780869600","1.1305","1.1719","1.1283","1.1535","0.0"
"XRPUSDT","2026-06","1780873200","1.1534","1.1604","1.1507","1.1556","0.0"
"XRPUSDT","2026-06","1780876800","1.1556","1.1677","1.1487","1.1633","0.0"
"XRPUSDT","2026-06","1780880400","1.1634","1.1651","1.1425","1.1573","0.0"
"XRPUSDT","2026-06","1780884000","1.1573","1.1618","1.1523","1.1567","0.0"
"XRPUSDT","2026-06","1780887600","1.1566","1.1613","1.1492","1.1517","0.0"
"XRPUSDT","2026-06","1780891200","1.1518","1.1528","1.1394","1.1402","0.0"
"XRPUSDT","2026-06","1780894800","1.1403","1.1435","1.1319","1.1365","0.0"
"XRPUSDT","2026-06","1780898400","1.1365","1.1434","1.1361","1.1411","0.0"
"XRPUSDT","2026-06","1780902000","1.141","1.1509","1.1379","1.1479","0.0"
"XRPUSDT","2026-06","1780905600","1.1478","1.1479","1.1362","1.1397","0.0"
"XRPUSDT","2026-06","1780909200","1.1398","1.1502","1.1397","1.1501","0.0"
"XRPUSDT","2026-06","1780912800","1.1501","1.1525","1.1432","1.145","0.0"
"XRPUSDT","2026-06","1780916400","1.1451","1.1653","1.1432","1.1578","0.0"
"XRPUSDT","2026-06","1780920000","1.1578","1.1703","1.1465","1.1701","0.0"
"XRPUSDT","2026-06","1780923600","1.1701","1.1709","1.1559","1.1625","0.0"
"XRPUSDT","2026-06","1780927200","1.1624","1.1752","1.1572","1.1728","0.0"
"XRPUSDT","2026-06","1780930800","1.1728","1.1851","1.1691","1.1711","0.0"
"XRPUSDT","2026-06","1780934400","1.171","1.1774","1.1641","1.1648","0.0"
"XRPUSDT","2026-06","1780938000","1.1648","1.1728","1.1581","1.1728","0.0"
"XRPUSDT","2026-06","1780941600","1.1729","1.1799","1.1714","1.1746","0.0"
"XRPUSDT","2026-06","1780945200","1.1745","1.1866","1.1735","1.1798","0.0"
"XRPUSDT","2026-06","1780948800","1.1799","1.1816","1.1689","1.1773","0.0"
"XRPUSDT","2026-06","1780952400","1.1774","1.1865","1.1774","1.1808","0.0"
"XRPUSDT","2026-06","1780956000","1.1807","1.1807","1.1719","1.1777","0.0"
"XRPUSDT","2026-06","1780959600","1.1778","1.1817","1.1664","1.1683","0.0"
"XRPUSDT","2026-06","1780963200","1.1683","1.1714","1.152","1.1528","0.0"
"XRPUSDT","2026-06","1780966800","1.1528","1.1574","1.1496","1.151","0.0"
"XRPUSDT","2026-06","1780970400","1.151","1.1546","1.1433","1.1527","0.0"
"XRPUSDT","2026-06","1780974000","1.1526","1.1563","1.1506","1.1548","0.0"
"XRPUSDT","2026-06","1780977600","1.1548","1.1728","1.1509","1.1666","0.0"
"XRPUSDT","2026-06","1780981200","1.1665","1.1763","1.1624","1.173","0.0"
"XRPUSDT","2026-06","1780984800","1.173","1.1769","1.1712","1.1726","0.0"
"XRPUSDT","2026-06","1780988400","1.1727","1.1765","1.1664","1.1714","0.0"
"XRPUSDT","2026-06","1780992000","1.1714","1.1724","1.1646","1.1675","0.0"
"XRPUSDT","2026-06","1780995600","1.1676","1.1702","1.1585","1.1596","0.0"
"XRPUSDT","2026-06","1780999200","1.1596","1.1612","1.1551","1.1592","0.0"
"XRPUSDT","2026-06","1781002800","1.1592","1.1594","1.1528","1.1554","0.0"
"XRPUSDT","2026-06","1781006400","1.1554","1.1641","1.1547","1.1631","0.0"
"XRPUSDT","2026-06","1781010000","1.1631","1.1666","1.1543","1.1578","0.0"
"XRPUSDT","2026-06","1781013600","1.1577","1.1602","1.1307","1.1373","0.0"
"XRPUSDT","2026-06","1781017200","1.1373","1.1423","1.127","1.1277","0.0"
"XRPUSDT","2026-06","1781020800","1.1276","1.1318","1.1187","1.128","0.0"
"XRPUSDT","2026-06","1781024400","1.1281","1.1474","1.1281","1.1384","0.0"
"XRPUSDT","2026-06","1781028000","1.1384","1.1464","1.1358","1.139","0.0"
"XRPUSDT","2026-06","1781031600","1.1389","1.1452","1.1361","1.1402","0.0"
"XRPUSDT","2026-06","1781035200","1.1403","1.1457","1.139","1.1439","0.0"
"XRPUSDT","2026-06","1781038800","1.1439","1.1446","1.1349","1.1371","0.0"
"XRPUSDT","2026-06","1781042400","1.137","1.1414","1.134","1.1356","0.0"
"XRPUSDT","2026-06","1781046000","1.1356","1.1396","1.1338","1.1375","0.0"
"XRPUSDT","2026-06","1781049600","1.1376","1.1412","1.1272","1.137","0.0"
"XRPUSDT","2026-06","1781053200","1.1371","1.1374","1.1274","1.1291","0.0"
"XRPUSDT","2026-06","1781056800","1.1292","1.1311","1.1155","1.1174","0.0"
"XRPUSDT","2026-06","1781060400","1.1173","1.1238","1.1166","1.1191","0.0"
"XRPUSDT","2026-06","1781064000","1.1192","1.1225","1.1134","1.116","0.0"
"XRPUSDT","2026-06","1781067600","1.1161","1.1175","1.1096","1.1119","0.0"
"XRPUSDT","2026-06","1781071200","1.112","1.1148","1.1066","1.1118","0.0"
"XRPUSDT","2026-06","1781074800","1.1117","1.1198","1.1117","1.1166","0.0"
"XRPUSDT","2026-06","1781078400","1.1167","1.1169","1.1051","1.1076","0.0"
"XRPUSDT","2026-06","1781082000","1.1077","1.1105","1.0994","1.1098","0.0"
"XRPUSDT","2026-06","1781085600","1.1099","1.1115","1.1054","1.111","0.0"
"XRPUSDT","2026-06","1781089200","1.1111","1.1114","1.1017","1.1043","0.0"
"XRPUSDT","2026-06","1781092800","1.1043","1.1247","1.1022","1.1179","0.0"
"XRPUSDT","2026-06","1781096400","1.1178","1.1376","1.1158","1.1302","0.0"
"XRPUSDT","2026-06","1781100000","1.1303","1.1305","1.1181","1.1248","0.0"
"XRPUSDT","2026-06","1781103600","1.1248","1.1335","1.1185","1.1287","0.0"
"XRPUSDT","2026-06","1781107200","1.1287","1.13","1.1083","1.114","0.0"
"XRPUSDT","2026-06","1781110800","1.1141","1.1185","1.1038","1.1102","0.0"
"XRPUSDT","2026-06","1781114400","1.1103","1.1114","1.099","1.1073","0.0"
"XRPUSDT","2026-06","1781118000","1.1073","1.1075","1.0958","1.0981","0.0"
"XRPUSDT","2026-06","1781121600","1.0981","1.1038","1.0941","1.0993","0.0"
"XRPUSDT","2026-06","1781125200","1.0992","1.0993","1.0884","1.0927","0.0"
"XRPUSDT","2026-06","1781128800","1.0927","1.0998","1.0903","1.095","0.0"
"XRPUSDT","2026-06","1781132400","1.0949","1.1001","1.0896","1.097","0.0"
"XRPUSDT","2026-06","1781136000","1.0971","1.1042","1.0965","1.1019","0.0"
"XRPUSDT","2026-06","1781139600","1.102","1.1199","1.102","1.1158","0.0"
"XRPUSDT","2026-06","1781143200","1.1158","1.1179","1.1051","1.1093","0.0"
"XRPUSDT","2026-06","1781146800","1.1093","1.1236","1.1058","1.12","0.0"
"XRPUSDT","2026-06","1781150400","1.1201","1.1217","1.1146","1.1198","0.0"
"XRPUSDT","2026-06","1781154000","1.1197","1.1199","1.1145","1.1146","0.0"
"XRPUSDT","2026-06","1781157600","1.1146","1.121","1.1121","1.1148","0.0"
"XRPUSDT","2026-06","1781161200","1.1148","1.1174","1.1118","1.1151","0.0"
"XRPUSDT","2026-06","1781164800","1.1151","1.1237","1.115","1.1211","0.0"
"XRPUSDT","2026-06","1781168400","1.1212","1.1218","1.1166","1.1172","0.0"
"XRPUSDT","2026-06","1781172000","1.1172","1.1254","1.1148","1.1216","0.0"
"XRPUSDT","2026-06","1781175600","1.1216","1.1257","1.1189","1.1223","0.0"
"XRPUSDT","2026-06","1781179200","1.1224","1.1224","1.1089","1.1139","0.0"
"XRPUSDT","2026-06","1781182800","1.1138","1.1205","1.108","1.1165","0.0"
"XRPUSDT","2026-06","1781186400","1.1166","1.1187","1.1107","1.113","0.0"
"XRPUSDT","2026-06","1781190000","1.113","1.1182","1.1073","1.1128","0.0"
"XRPUSDT","2026-06","1781193600","1.1129","1.1154","1.1065","1.1079","0.0"
"XRPUSDT","2026-06","1781197200","1.108","1.1445","1.1042","1.1394","0.0"
"XRPUSDT","2026-06","1781200800","1.1394","1.1464","1.1339","1.138","0.0"
"XRPUSDT","2026-06","1781204400","1.1379","1.15","1.1342","1.1434","0.0"
"XRPUSDT","2026-06","1781208000","1.1435","1.1443","1.1321","1.1359","0.0"
"XRPUSDT","2026-06","1781211600","1.1359","1.143","1.1353","1.1412","0.0"
"XRPUSDT","2026-06","1781215200","1.1413","1.1467","1.1402","1.1432","0.0"
"XRPUSDT","2026-06","1781218800","1.1432","1.1445","1.1388","1.1428","0.0"
"XRPUSDT","2026-06","1781222400","1.1427","1.1454","1.139","1.1424","0.0"
"XRPUSDT","2026-06","1781226000","1.1423","1.1423","1.1359","1.1399","0.0"
"XRPUSDT","2026-06","1781229600","1.1399","1.15","1.1398","1.1461","0.0"
"XRPUSDT","2026-06","1781233200","1.1461","1.1467","1.1408","1.1442","0.0"
"XRPUSDT","2026-06","1781236800","1.1442","1.1509","1.1421","1.1465","0.0"
"XRPUSDT","2026-06","1781240400","1.1466","1.1467","1.1388","1.14","0.0"
"XRPUSDT","2026-06","1781244000","1.1399","1.1415","1.1275","1.1299","0.0"
"XRPUSDT","2026-06","1781247600","1.13","1.1363","1.13","1.1336","0.0"
"XRPUSDT","2026-06","1781251200","1.1337","1.1449","1.1337","1.1426","0.0"
"XRPUSDT","2026-06","1781254800","1.1426","1.1519","1.1393","1.1466","0.0"
"XRPUSDT","2026-06","1781258400","1.1467","1.149","1.1403","1.1432","0.0"
"XRPUSDT","2026-06","1781262000","1.1432","1.1454","1.1407","1.1413","0.0"
"XRPUSDT","2026-06","1781265600","1.1414","1.1423","1.1345","1.1358","0.0"
"XRPUSDT","2026-06","1781269200","1.1359","1.1374","1.1261","1.1302","0.0"
"XRPUSDT","2026-06","1781272800","1.1302","1.1509","1.1292","1.1487","0.0"
"XRPUSDT","2026-06","1781276400","1.1487","1.1577","1.1274","1.1288","0.0"
"XRPUSDT","2026-06","1781280000","1.1287","1.1371","1.1261","1.1358","0.0"
"XRPUSDT","2026-06","1781283600","1.1357","1.139","1.1305","1.1321","0.0"
"XRPUSDT","2026-06","1781287200","1.1322","1.1348","1.128","1.1303","0.0"
"XRPUSDT","2026-06","1781290800","1.1303","1.1369","1.1302","1.1314","0.0"
"XRPUSDT","2026-06","1781294400","1.1314","1.1351","1.13","1.133","0.0"
"XRPUSDT","2026-06","1781298000","1.133","1.1351","1.13","1.13","0.0"
"XRPUSDT","2026-06","1781301600","1.1299","1.1324","1.1283","1.1309","0.0"
"XRPUSDT","2026-06","1781305200","1.1309","1.1331","1.1285","1.1325","0.0"
"XRPUSDT","2026-06","1781308800","1.1325","1.1356","1.1314","1.1346","0.0"
"XRPUSDT","2026-06","1781312400","1.1346","1.1409","1.1345","1.14","0.0"
"XRPUSDT","2026-06","1781316000","1.1399","1.14","1.1331","1.1344","0.0"
"XRPUSDT","2026-06","1781319600","1.1345","1.1369","1.1308","1.1337","0.0"
"XRPUSDT","2026-06","1781323200","1.1337","1.1369","1.1329","1.1333","0.0"
"XRPUSDT","2026-06","1781326800","1.1334","1.134","1.1299","1.1326","0.0"
"XRPUSDT","2026-06","1781330400","1.1325","1.1384","1.1311","1.1373","0.0"
"XRPUSDT","2026-06","1781334000","1.1374","1.1448","1.135","1.1415","0.0"
"XRPUSDT","2026-06","1781337600","1.1415","1.1465","1.1405","1.1431","0.0"
"XRPUSDT","2026-06","1781341200","1.1432","1.1453","1.1419","1.143","0.0"
"XRPUSDT","2026-06","1781344800","1.1431","1.1464","1.1422","1.1445","0.0"
"XRPUSDT","2026-06","1781348400","1.1446","1.1496","1.1443","1.1485","0.0"
"XRPUSDT","2026-06","1781352000","1.1486","1.1559","1.147","1.1541","0.0"
"XRPUSDT","2026-06","1781355600","1.1541","1.1548","1.1501","1.1512","0.0"
"XRPUSDT","2026-06","1781359200","1.1511","1.1575","1.1511","1.1551","0.0"
"XRPUSDT","2026-06","1781362800","1.1551","1.161","1.1522","1.1567","0.0"
"XRPUSDT","2026-06","1781366400","1.1567","1.157","1.144","1.1472","0.0"
"XRPUSDT","2026-06","1781370000","1.1471","1.1493","1.1428","1.1442","0.0"
"XRPUSDT","2026-06","1781373600","1.1441","1.1482","1.1438","1.146","0.0"
"XRPUSDT","2026-06","1781377200","1.146","1.1491","1.1445","1.1476","0.0"
"XRPUSDT","2026-06","1781380800","1.1476","1.1477","1.1451","1.1468","0.0"
"XRPUSDT","2026-06","1781384400","1.1469","1.1568","1.1451","1.1528","0.0"
"XRPUSDT","2026-06","1781388000","1.1528","1.1532","1.1493","1.1501","0.0"
"XRPUSDT","2026-06","1781391600","1.1502","1.1531","1.149","1.1507","0.0"
"XRPUSDT","2026-06","1781395200","1.1507","1.151","1.1483","1.1494","0.0"
"XRPUSDT","2026-06","1781398800","1.1493","1.1565","1.1486","1.1521","0.0"
"XRPUSDT","2026-06","1781402400","1.1522","1.156","1.1512","1.1519","0.0"
"XRPUSDT","2026-06","1781406000","1.1518","1.1545","1.1507","1.1536","0.0"
"XRPUSDT","2026-06","1781409600","1.1537","1.1544","1.1468","1.1484","0.0"
"XRPUSDT","2026-06","1781413200","1.1484","1.1507","1.1445","1.1481","0.0"
"XRPUSDT","2026-06","1781416800","1.1482","1.1537","1.1459","1.1468","0.0"
"XRPUSDT","2026-06","1781420400","1.1468","1.1469","1.1427","1.1463","0.0"
"XRPUSDT","2026-06","1781424000","1.1464","1.1482","1.1443","1.1454","0.0"
"XRPUSDT","2026-06","1781427600","1.1455","1.1491","1.1412","1.1487","0.0"
"XRPUSDT","2026-06","1781431200","1.1486","1.1489","1.143","1.143","0.0"
"XRPUSDT","2026-06","1781434800","1.1431","1.1457","1.1418","1.1439","0.0"
"XRPUSDT","2026-06","1781438400","1.144","1.1445","1.1374","1.1377","0.0"
"XRPUSDT","2026-06","1781442000","1.1377","1.1397","1.1334","1.135","0.0"
"XRPUSDT","2026-06","1781445600","1.1351","1.1369","1.1268","1.1319","0.0"
"XRPUSDT","2026-06","1781449200","1.1318","1.1359","1.1318","1.135","0.0"
"XRPUSDT","2026-06","1781452800","1.135","1.1393","1.1346","1.1368","0.0"
"XRPUSDT","2026-06","1781456400","1.1369","1.1389","1.1327","1.1331","0.0"
"XRPUSDT","2026-06","1781460000","1.133","1.1355","1.1307","1.1326","0.0"
"XRPUSDT","2026-06","1781463600","1.1326","1.1355","1.1307","1.1331","0.0"
"XRPUSDT","2026-06","1781467200","1.1332","1.1405","1.1317","1.1382","0.0"
"XRPUSDT","2026-06","1781470800","1.1383","1.1757","1.138","1.1682","0.0"
"XRPUSDT","2026-06","1781474400","1.1682","1.1777","1.1626","1.1738","0.0"
"XRPUSDT","2026-06","1781478000","1.1738","1.1878","1.1687","1.1861","0.0"
"XRPUSDT","2026-06","1781481600","1.186","1.1888","1.181","1.1848","0.0"
"XRPUSDT","2026-06","1781485200","1.1849","1.1916","1.1778","1.1825","0.0"
"XRPUSDT","2026-06","1781488800","1.1825","1.1936","1.1805","1.1825","0.0"
"XRPUSDT","2026-06","1781492400","1.1825","1.1912","1.1812","1.187","0.0"
"XRPUSDT","2026-06","1781496000","1.1869","1.1887","1.1826","1.184","0.0"
"XRPUSDT","2026-06","1781499600","1.1841","1.1883","1.1817","1.1842","0.0"
"XRPUSDT","2026-06","1781503200","1.1843","1.1873","1.1813","1.1829","0.0"
"XRPUSDT","2026-06","1781506800","1.183","1.1869","1.1801","1.1815","0.0"
"XRPUSDT","2026-06","1781510400","1.1814","1.1836","1.1791","1.1811","0.0"
"XRPUSDT","2026-06","1781514000","1.1811","1.1877","1.1791","1.1855","0.0"
"XRPUSDT","2026-06","1781517600","1.1855","1.2001","1.1841","1.1995","0.0"
"XRPUSDT","2026-06","1781521200","1.1995","1.2333","1.1956","1.2324","0.0"
"XRPUSDT","2026-06","1781524800","1.2325","1.2486","1.2263","1.239","0.0"
"XRPUSDT","2026-06","1781528400","1.2391","1.2496","1.2338","1.24","0.0"
"XRPUSDT","2026-06","1781532000","1.2399","1.2475","1.2344","1.2445","0.0"
"XRPUSDT","2026-06","1781535600","1.2444","1.2706","1.2444","1.2688","0.0"
"XRPUSDT","2026-06","1781539200","1.2687","1.2935","1.19","1.28","0.0"
"XRPUSDT","2026-06","1781542800","1.2801","1.2876","1.2692","1.282","0.0"
"XRPUSDT","2026-06","1781546400","1.282","1.2887","1.2744","1.2817","0.0"
"XRPUSDT","2026-06","1781550000","1.2817","1.2916","1.267","1.2757","0.0"
"XRPUSDT","2026-06","1781553600","1.2757","1.2785","1.263","1.2642","0.0"
"XRPUSDT","2026-06","1781557200","1.2642","1.265","1.2487","1.25","0.0"
"XRPUSDT","2026-06","1781560800","1.25","1.2555","1.2379","1.2402","0.0"
"XRPUSDT","2026-06","1781564400","1.2402","1.2424","1.2333","1.2382","0.0"
"XRPUSDT","2026-06","1781568000","1.2382","1.243","1.233","1.2347","0.0"
"XRPUSDT","2026-06","1781571600","1.2347","1.2384","1.2282","1.2285","0.0"
"XRPUSDT","2026-06","1781575200","1.2286","1.229","1.2141","1.2178","0.0"
"XRPUSDT","2026-06","1781578800","1.2177","1.2277","1.2163","1.2273","0.0"
"XRPUSDT","2026-06","1781582400","1.2273","1.2317","1.2205","1.2224","0.0"
"XRPUSDT","2026-06","1781586000","1.2225","1.228","1.2225","1.2255","0.0"
"XRPUSDT","2026-06","1781589600","1.2254","1.2368","1.2254","1.2356","0.0"
"XRPUSDT","2026-06","1781593200","1.2357","1.239","1.2302","1.2353","0.0"
"XRPUSDT","2026-06","1781596800","1.2353","1.2522","1.2331","1.248","0.0"
"XRPUSDT","2026-06","1781600400","1.2479","1.248","1.2369","1.2389","0.0"
"XRPUSDT","2026-06","1781604000","1.2389","1.2434","1.2368","1.2397","0.0"
"XRPUSDT","2026-06","1781607600","1.2397","1.2425","1.2339","1.238","0.0"
"XRPUSDT","2026-06","1781611200","1.2381","1.256","1.2368","1.2446","0.0"
"XRPUSDT","2026-06","1781614800","1.2447","1.2459","1.2246","1.2257","0.0"
"XRPUSDT","2026-06","1781618400","1.2257","1.2303","1.2053","1.2095","0.0"
"XRPUSDT","2026-06","1781622000","1.2095","1.2176","1.2072","1.2098","0.0"
"XRPUSDT","2026-06","1781625600","1.2098","1.2145","1.2086","1.2129","0.0"
"XRPUSDT","2026-06","1781629200","1.213","1.2223","1.2118","1.2211","0.0"
"XRPUSDT","2026-06","1781632800","1.2211","1.2311","1.2206","1.2266","0.0"
"XRPUSDT","2026-06","1781636400","1.2266","1.2266","1.2172","1.2205","0.0"
"XRPUSDT","2026-06","1781640000","1.2205","1.2245","1.2163","1.2231","0.0"
"XRPUSDT","2026-06","1781643600","1.2231","1.2259","1.2156","1.2198","0.0"
"XRPUSDT","2026-06","1781647200","1.2199","1.2221","1.2168","1.2219","0.0"
"XRPUSDT","2026-06","1781650800","1.222","1.2241","1.216","1.2173","0.0"
"XRPUSDT","2026-06","1781654400","1.2174","1.2201","1.2136","1.2151","0.0"
"XRPUSDT","2026-06","1781658000","1.2151","1.2228","1.2083","1.2217","0.0"
"XRPUSDT","2026-06","1781661600","1.2216","1.2283","1.2157","1.2192","0.0"
"XRPUSDT","2026-06","1781665200","1.2192","1.2192","1.2126","1.2161","0.0"
"XRPUSDT","2026-06","1781668800","1.2162","1.2213","1.2142","1.2172","0.0"
"XRPUSDT","2026-06","1781672400","1.2172","1.2227","1.2144","1.2181","0.0"
"XRPUSDT","2026-06","1781676000","1.2181","1.2205","1.2095","1.2119","0.0"
"XRPUSDT","2026-06","1781679600","1.2118","1.216","1.2054","1.2095","0.0"
"XRPUSDT","2026-06","1781683200","1.2095","1.2107","1.1951","1.1962","0.0"
"XRPUSDT","2026-06","1781686800","1.1962","1.1993","1.1944","1.1977","0.0"
"XRPUSDT","2026-06","1781690400","1.1978","1.1989","1.1945","1.1961","0.0"
"XRPUSDT","2026-06","1781694000","1.1961","1.1976","1.1883","1.1928","0.0"
"XRPUSDT","2026-06","1781697600","1.1929","1.1984","1.1892","1.1977","0.0"
"XRPUSDT","2026-06","1781701200","1.1976","1.2072","1.1966","1.201","0.0"
"XRPUSDT","2026-06","1781704800","1.2009","1.2041","1.1889","1.195","0.0"
"XRPUSDT","2026-06","1781708400","1.1951","1.2137","1.1934","1.2136","0.0"
"XRPUSDT","2026-06","1781712000","1.2136","1.2251","1.2117","1.2126","0.0"
"XRPUSDT","2026-06","1781715600","1.2127","1.2192","1.2086","1.2184","0.0"
"XRPUSDT","2026-06","1781719200","1.2183","1.2196","1.1934","1.2089","0.0"
"XRPUSDT","2026-06","1781722800","1.2089","1.213","1.1774","1.1808","0.0"
"XRPUSDT","2026-06","1781726400","1.1807","1.1911","1.1782","1.1903","0.0"
"XRPUSDT","2026-06","1781730000","1.1904","1.1908","1.1791","1.1823","0.0"
"XRPUSDT","2026-06","1781733600","1.1822","1.1888","1.1715","1.184","0.0"
"XRPUSDT","2026-06","1781737200","1.1839","1.1888","1.1839","1.1868","0.0"
"XRPUSDT","2026-06","1781740800","1.1868","1.1915","1.186","1.1871","0.0"
"XRPUSDT","2026-06","1781744400","1.1871","1.1923","1.1854","1.1889","0.0"
"XRPUSDT","2026-06","1781748000","1.189","1.1914","1.1887","1.1897","0.0"
"XRPUSDT","2026-06","1781751600","1.1897","1.1898","1.1782","1.1788","0.0"
"XRPUSDT","2026-06","1781755200","1.1788","1.1791","1.1672","1.1695","0.0"
"XRPUSDT","2026-06","1781758800","1.1694","1.1694","1.1628","1.1677","0.0"
"XRPUSDT","2026-06","1781762400","1.1677","1.1716","1.1639","1.1708","0.0"
"XRPUSDT","2026-06","1781766000","1.1708","1.1815","1.1686","1.1787","0.0"
"XRPUSDT","2026-06","1781769600","1.1788","1.1819","1.1766","1.1784","0.0"
"XRPUSDT","2026-06","1781773200","1.1784","1.1825","1.1765","1.1786","0.0"
"XRPUSDT","2026-06","1781776800","1.1787","1.1787","1.1674","1.1691","0.0"
"XRPUSDT","2026-06","1781780400","1.1691","1.1712","1.1615","1.1645","0.0"
"XRPUSDT","2026-06","1781784000","1.1645","1.1709","1.1635","1.1689","0.0"
"XRPUSDT","2026-06","1781787600","1.1689","1.1726","1.1557","1.1611","0.0"
"XRPUSDT","2026-06","1781791200","1.1611","1.17","1.1556","1.16","0.0"
"XRPUSDT","2026-06","1781794800","1.16","1.1605","1.1329","1.1379","0.0"
"XRPUSDT","2026-06","1781798400","1.1379","1.1484","1.1369","1.1476","0.0"
"XRPUSDT","2026-06","1781802000","1.1477","1.149","1.1379","1.1433","0.0"
"XRPUSDT","2026-06","1781805600","1.1434","1.1469","1.1367","1.1384","0.0"
"XRPUSDT","2026-06","1781809200","1.1384","1.1466","1.1352","1.1436","0.0"
"XRPUSDT","2026-06","1781812800","1.1437","1.1548","1.1437","1.1522","0.0"
"XRPUSDT","2026-06","1781816400","1.1523","1.1523","1.1423","1.145","0.0"
"XRPUSDT","2026-06","1781820000","1.1449","1.1484","1.1419","1.1472","0.0"
"XRPUSDT","2026-06","1781823600","1.1471","1.1477","1.1426","1.1465","0.0"
"XRPUSDT","2026-06","1781827200","1.1466","1.1502","1.1433","1.149","0.0"
"XRPUSDT","2026-06","1781830800","1.1491","1.1522","1.1446","1.1513","0.0"
"XRPUSDT","2026-06","1781834400","1.1512","1.153","1.1453","1.1483","0.0"
"XRPUSDT","2026-06","1781838000","1.1484","1.1499","1.1366","1.1391","0.0"
"XRPUSDT","2026-06","1781841600","1.139","1.1404","1.1256","1.1275","0.0"
"XRPUSDT","2026-06","1781845200","1.1275","1.1336","1.1273","1.1335","0.0"
"XRPUSDT","2026-06","1781848800","1.1334","1.1362","1.1282","1.1341","0.0"
"XRPUSDT","2026-06","1781852400","1.134","1.134","1.1214","1.1254","0.0"
"XRPUSDT","2026-06","1781856000","1.1255","1.1311","1.1245","1.1268","0.0"
"XRPUSDT","2026-06","1781859600","1.1268","1.1284","1.1223","1.1249","0.0"
"XRPUSDT","2026-06","1781863200","1.1248","1.127","1.1211","1.1252","0.0"
"XRPUSDT","2026-06","1781866800","1.1252","1.1291","1.1223","1.1274","0.0"
"XRPUSDT","2026-06","1781870400","1.1274","1.1322","1.1187","1.1314","0.0"
"XRPUSDT","2026-06","1781874000","1.1315","1.144","1.129","1.1397","0.0"
"XRPUSDT","2026-06","1781877600","1.1397","1.142","1.1344","1.1366","0.0"
"XRPUSDT","2026-06","1781881200","1.1365","1.1383","1.1328","1.137","0.0"
"XRPUSDT","2026-06","1781884800","1.1371","1.1391","1.1292","1.1304","0.0"
"XRPUSDT","2026-06","1781888400","1.1304","1.1389","1.1287","1.1362","0.0"
"XRPUSDT","2026-06","1781892000","1.1362","1.1362","1.1296","1.1327","0.0"
"XRPUSDT","2026-06","1781895600","1.1327","1.1341","1.1284","1.1315","0.0"
"XRPUSDT","2026-06","1781899200","1.1316","1.1355","1.1275","1.1348","0.0"
"XRPUSDT","2026-06","1781902800","1.1348","1.1348","1.1291","1.1301","0.0"
"XRPUSDT","2026-06","1781906400","1.13","1.136","1.1296","1.1342","0.0"
"XRPUSDT","2026-06","1781910000","1.1342","1.1387","1.1328","1.1359","0.0"
"XRPUSDT","2026-06","1781913600","1.1358","1.1428","1.1354","1.1373","0.0"
"XRPUSDT","2026-06","1781917200","1.1374","1.1423","1.1365","1.1419","0.0"
"XRPUSDT","2026-06","1781920800","1.1418","1.1421","1.1361","1.1391","0.0"
"XRPUSDT","2026-06","1781924400","1.1391","1.1409","1.1375","1.14","0.0"
"XRPUSDT","2026-06","1781928000","1.1399","1.1457","1.1389","1.1444","0.0"
"XRPUSDT","2026-06","1781931600","1.1444","1.1551","1.1429","1.1479","0.0"
"XRPUSDT","2026-06","1781935200","1.1479","1.1515","1.1475","1.1497","0.0"
"XRPUSDT","2026-06","1781938800","1.1497","1.1501","1.145","1.1473","0.0"
"XRPUSDT","2026-06","1781942400","1.1474","1.1478","1.1446","1.1469","0.0"
"XRPUSDT","2026-06","1781946000","1.1469","1.153","1.1469","1.1522","0.0"
"XRPUSDT","2026-06","1781949600","1.1523","1.1523","1.1476","1.1494","0.0"
"XRPUSDT","2026-06","1781953200","1.1495","1.1501","1.1464","1.1472","0.0"
"XRPUSDT","2026-06","1781956800","1.1473","1.1498","1.1451","1.1462","0.0"
"XRPUSDT","2026-06","1781960400","1.1461","1.1472","1.1382","1.1411","0.0"
"XRPUSDT","2026-06","1781964000","1.141","1.1519","1.1342","1.1463","0.0"
"XRPUSDT","2026-06","1781967600","1.1464","1.156","1.1446","1.1508","0.0"
"XRPUSDT","2026-06","1781971200","1.1509","1.151","1.1442","1.1489","0.0"
"XRPUSDT","2026-06","1781974800","1.1489","1.1489","1.139","1.1435","0.0"
"XRPUSDT","2026-06","1781978400","1.1435","1.1464","1.1412","1.1419","0.0"
"XRPUSDT","2026-06","1781982000","1.1418","1.1445","1.1397","1.1441","0.0"
"XRPUSDT","2026-06","1781985600","1.1441","1.1466","1.1436","1.1453","0.0"
"XRPUSDT","2026-06","1781989200","1.1454","1.1497","1.1447","1.1473","0.0"
"XRPUSDT","2026-06","1781992800","1.1473","1.1555","1.1468","1.1526","0.0"
"XRPUSDT","2026-06","1781996400","1.1527","1.154","1.1495","1.1499","0.0"
"XRPUSDT","2026-06","1782000000","1.15","1.1506","1.1484","1.1493","0.0"
"XRPUSDT","2026-06","1782003600","1.1494","1.15","1.1469","1.1497","0.0"
"XRPUSDT","2026-06","1782007200","1.1497","1.1501","1.147","1.1474","0.0"
"XRPUSDT","2026-06","1782010800","1.1475","1.1516","1.1463","1.1495","0.0"
"XRPUSDT","2026-06","1782014400","1.1495","1.1524","1.145","1.1454","0.0"
"XRPUSDT","2026-06","1782018000","1.1454","1.1464","1.1431","1.1445","0.0"
"XRPUSDT","2026-06","1782021600","1.1444","1.1476","1.1439","1.147","0.0"
"XRPUSDT","2026-06","1782025200","1.1471","1.1504","1.1462","1.1474","0.0"
"XRPUSDT","2026-06","1782028800","1.1473","1.148","1.1413","1.1446","0.0"
"XRPUSDT","2026-06","1782032400","1.1447","1.1504","1.144","1.1491","0.0"
"XRPUSDT","2026-06","1782036000","1.1491","1.1535","1.1482","1.1485","0.0"
"XRPUSDT","2026-06","1782039600","1.1484","1.1508","1.1418","1.1427","0.0"
"XRPUSDT","2026-06","1782043200","1.1428","1.1449","1.14","1.1445","0.0"
"XRPUSDT","2026-06","1782046800","1.1445","1.1469","1.1416","1.1451","0.0"
"XRPUSDT","2026-06","1782050400","1.1451","1.1476","1.1419","1.1476","0.0"
"XRPUSDT","2026-06","1782054000","1.1475","1.1516","1.147","1.1497","0.0"
"XRPUSDT","2026-06","1782057600","1.1497","1.1497","1.1422","1.145","0.0"
"XRPUSDT","2026-06","1782061200","1.1451","1.1472","1.1411","1.1424","0.0"
"XRPUSDT","2026-06","1782064800","1.1425","1.1467","1.1389","1.1456","0.0"
"XRPUSDT","2026-06","1782068400","1.1457","1.1482","1.1445","1.1456","0.0"
"XRPUSDT","2026-06","1782072000","1.1455","1.1473","1.1364","1.1396","0.0"
"XRPUSDT","2026-06","1782075600","1.1396","1.1399","1.1225","1.1349","0.0"
"XRPUSDT","2026-06","1782079200","1.1348","1.1373","1.1275","1.1319","0.0"
"XRPUSDT","2026-06","1782082800","1.1318","1.1318","1.1235","1.1248","0.0"
"XRPUSDT","2026-06","1782086400","1.1249","1.1407","1.1249","1.1391","0.0"
"XRPUSDT","2026-06","1782090000","1.1392","1.1522","1.1342","1.1454","0.0"
"XRPUSDT","2026-06","1782093600","1.1454","1.1463","1.1362","1.1363","0.0"
"XRPUSDT","2026-06","1782097200","1.1363","1.1385","1.1283","1.1301","0.0"
"XRPUSDT","2026-06","1782100800","1.1301","1.1345","1.1292","1.1342","0.0"
"XRPUSDT","2026-06","1782104400","1.1342","1.1387","1.1338","1.1353","0.0"
"XRPUSDT","2026-06","1782108000","1.1353","1.1378","1.1294","1.131","0.0"
"XRPUSDT","2026-06","1782111600","1.131","1.14","1.1304","1.1374","0.0"
"XRPUSDT","2026-06","1782115200","1.1374","1.1381","1.1322","1.135","0.0"
"XRPUSDT","2026-06","1782118800","1.135","1.1375","1.1328","1.1348","0.0"
"XRPUSDT","2026-06","1782122400","1.1348","1.1389","1.1345","1.1373","0.0"
"XRPUSDT","2026-06","1782126000","1.1374","1.1502","1.1364","1.1479","0.0"
"XRPUSDT","2026-06","1782129600","1.148","1.1593","1.1464","1.1577","0.0"
"XRPUSDT","2026-06","1782133200","1.1578","1.1638","1.1523","1.1637","0.0"
"XRPUSDT","2026-06","1782136800","1.1638","1.1639","1.1406","1.143","0.0"
"XRPUSDT","2026-06","1782140400","1.1431","1.148","1.1379","1.1401","0.0"
"XRPUSDT","2026-06","1782144000","1.1401","1.1432","1.1353","1.1387","0.0"
"XRPUSDT","2026-06","1782147600","1.1387","1.1405","1.1328","1.1395","0.0"
"XRPUSDT","2026-06","1782151200","1.1395","1.1438","1.1318","1.1331","0.0"
"XRPUSDT","2026-06","1782154800","1.133","1.1353","1.13","1.1344","0.0"
"XRPUSDT","2026-06","1782158400","1.1344","1.1375","1.1296","1.1318","0.0"
"XRPUSDT","2026-06","1782162000","1.1318","1.1332","1.1258","1.1316","0.0"
"XRPUSDT","2026-06","1782165600","1.1316","1.1344","1.1216","1.1276","0.0"
"XRPUSDT","2026-06","1782169200","1.1275","1.1308","1.1264","1.1295","0.0"
"XRPUSDT","2026-06","1782172800","1.1296","1.1322","1.1265","1.1314","0.0"
"XRPUSDT","2026-06","1782176400","1.1314","1.1339","1.1224","1.1289","0.0"
"XRPUSDT","2026-06","1782180000","1.1289","1.1306","1.1252","1.1296","0.0"
"XRPUSDT","2026-06","1782183600","1.1297","1.1297","1.1258","1.1274","0.0"
"XRPUSDT","2026-06","1782187200","1.1274","1.1281","1.1167","1.1175","0.0"
"XRPUSDT","2026-06","1782190800","1.1175","1.1194","1.1139","1.1158","0.0"
"XRPUSDT","2026-06","1782194400","1.1158","1.1164","1.1076","1.1132","0.0"
"XRPUSDT","2026-06","1782198000","1.1132","1.1174","1.1126","1.1129","0.0"
"XRPUSDT","2026-06","1782201600","1.1129","1.1155","1.0946","1.1003","0.0"
"XRPUSDT","2026-06","1782205200","1.1004","1.1056","1.1004","1.1037","0.0"
"XRPUSDT","2026-06","1782208800","1.1037","1.1075","1.1014","1.1043","0.0"
"XRPUSDT","2026-06","1782212400","1.1044","1.1106","1.1041","1.1093","0.0"
"XRPUSDT","2026-06","1782216000","1.1094","1.1098","1.0997","1.1012","0.0"
"XRPUSDT","2026-06","1782219600","1.1012","1.1061","1.0963","1.1029","0.0"
"XRPUSDT","2026-06","1782223200","1.1029","1.1086","1.1004","1.1016","0.0"
"XRPUSDT","2026-06","1782226800","1.1016","1.1017","1.092","1.0993","0.0"
"XRPUSDT","2026-06","1782230400","1.0993","1.1044","1.0971","1.101","0.0"
"XRPUSDT","2026-06","1782234000","1.101","1.1048","1.0964","1.098","0.0"
"XRPUSDT","2026-06","1782237600","1.098","1.1018","1.0959","1.0987","0.0"
"XRPUSDT","2026-06","1782241200","1.0986","1.1051","1.0971","1.102","0.0"
"XRPUSDT","2026-06","1782244800","1.102","1.1053","1.1019","1.1044","0.0"
"XRPUSDT","2026-06","1782248400","1.1044","1.1068","1.1033","1.1049","0.0"
"XRPUSDT","2026-06","1782252000","1.1049","1.1127","1.1047","1.109","0.0"
"XRPUSDT","2026-06","1782255600","1.1091","1.1121","1.1058","1.1103","0.0"
"XRPUSDT","2026-06","1782259200","1.1102","1.1132","1.1088","1.1112","0.0"
"XRPUSDT","2026-06","1782262800","1.1113","1.1139","1.1072","1.1088","0.0"
"XRPUSDT","2026-06","1782266400","1.1088","1.1096","1.1048","1.1055","0.0"
"XRPUSDT","2026-06","1782270000","1.1055","1.1061","1.0991","1.104","0.0"
"XRPUSDT","2026-06","1782273600","1.104","1.1042","1.0945","1.1017","0.0"
"XRPUSDT","2026-06","1782277200","1.1017","1.107","1.1014","1.1052","0.0"
"XRPUSDT","2026-06","1782280800","1.1052","1.1068","1.1024","1.1026","0.0"
"XRPUSDT","2026-06","1782284400","1.1026","1.103","1.0972","1.0987","0.0"
"XRPUSDT","2026-06","1782288000","1.0987","1.1036","1.0978","1.1024","0.0"
"XRPUSDT","2026-06","1782291600","1.1023","1.1023","1.0973","1.0986","0.0"
"XRPUSDT","2026-06","1782295200","1.0985","1.0988","1.0842","1.0867","0.0"
"XRPUSDT","2026-06","1782298800","1.0867","1.1026","1.0823","1.0958","0.0"
"XRPUSDT","2026-06","1782302400","1.0958","1.0959","1.0901","1.0902","0.0"
"XRPUSDT","2026-06","1782306000","1.0903","1.0909","1.0752","1.0762","0.0"
"XRPUSDT","2026-06","1782309600","1.0761","1.0824","1.0734","1.0754","0.0"
"XRPUSDT","2026-06","1782313200","1.0754","1.0757","1.0566","1.0585","0.0"
"XRPUSDT","2026-06","1782316800","1.0584","1.0678","1.0519","1.0569","0.0"
"XRPUSDT","2026-06","1782320400","1.0569","1.0612","1.0462","1.0513","0.0"
"XRPUSDT","2026-06","1782324000","1.0514","1.0708","1.0496","1.0603","0.0"
"XRPUSDT","2026-06","1782327600","1.0604","1.0622","1.0529","1.0575","0.0"
"XRPUSDT","2026-06","1782331200","1.0575","1.0787","1.0545","1.0748","0.0"
"XRPUSDT","2026-06","1782334800","1.0749","1.0775","1.0671","1.0766","0.0"
"XRPUSDT","2026-06","1782338400","1.0765","1.081","1.0702","1.0715","0.0"
"XRPUSDT","2026-06","1782342000","1.0715","1.0761","1.0699","1.0736","0.0"
"XRPUSDT","2026-06","1782345600","1.0736","1.0773","1.0721","1.0742","0.0"
"XRPUSDT","2026-06","1782349200","1.0741","1.0781","1.0728","1.0755","0.0"
"XRPUSDT","2026-06","1782352800","1.0755","1.0775","1.0694","1.0716","0.0"
"XRPUSDT","2026-06","1782356400","1.0716","1.0737","1.0689","1.0719","0.0"
"XRPUSDT","2026-06","1782360000","1.072","1.0827","1.07","1.0804","0.0"
"XRPUSDT","2026-06","1782363600","1.0804","1.0883","1.0788","1.0847","0.0"
"XRPUSDT","2026-06","1782367200","1.0846","1.0899","1.084","1.0882","0.0"
"XRPUSDT","2026-06","1782370800","1.0883","1.0886","1.0847","1.087","0.0"
"XRPUSDT","2026-06","1782374400","1.0869","1.087","1.0823","1.083","0.0"
"XRPUSDT","2026-06","1782378000","1.0831","1.0839","1.0803","1.0814","0.0"
"XRPUSDT","2026-06","1782381600","1.0815","1.0819","1.0731","1.0737","0.0"
"XRPUSDT","2026-06","1782385200","1.0738","1.0744","1.068","1.0721","0.0"
"XRPUSDT","2026-06","1782388800","1.0721","1.0799","1.0672","1.0749","0.0"
"XRPUSDT","2026-06","1782392400","1.075","1.0766","1.0122","1.0156","0.0"
"XRPUSDT","2026-06","1782396000","1.0156","1.0494","1.0154","1.0334","0.0"
"XRPUSDT","2026-06","1782399600","1.0335","1.0381","1.0236","1.0351","0.0"
"XRPUSDT","2026-06","1782403200","1.0352","1.0447","1.0266","1.0309","0.0"
"XRPUSDT","2026-06","1782406800","1.0308","1.0462","1.0302","1.0461","0.0"
"XRPUSDT","2026-06","1782410400","1.0462","1.048","1.0337","1.0346","0.0"
"XRPUSDT","2026-06","1782414000","1.0347","1.0349","1.0282","1.0344","0.0"
"XRPUSDT","2026-06","1782417600","1.0344","1.0403","1.0315","1.0334","0.0"
"XRPUSDT","2026-06","1782421200","1.0334","1.044","1.0329","1.0438","0.0"
"XRPUSDT","2026-06","1782424800","1.0437","1.0444","1.0386","1.0409","0.0"
"XRPUSDT","2026-06","1782428400","1.041","1.0486","1.0373","1.0435","0.0"
"XRPUSDT","2026-06","1782432000","1.0436","1.0463","1.0407","1.0411","0.0"
"XRPUSDT","2026-06","1782435600","1.0411","1.043","1.029","1.032","0.0"
"XRPUSDT","2026-06","1782439200","1.0321","1.0325","1.0116","1.0146","0.0"
"XRPUSDT","2026-06","1782442800","1.0147","1.0359","1.0092","1.0345","0.0"
"XRPUSDT","2026-06","1782446400","1.0345","1.0357","1.0271","1.0283","0.0"
"XRPUSDT","2026-06","1782450000","1.0284","1.0355","1.0269","1.0334","0.0"
"XRPUSDT","2026-06","1782453600","1.0333","1.046","1.0297","1.0447","0.0"
"XRPUSDT","2026-06","1782457200","1.0446","1.0529","1.0442","1.0499","0.0"
"XRPUSDT","2026-06","1782460800","1.0498","1.0508","1.0374","1.0394","0.0"
"XRPUSDT","2026-06","1782464400","1.0394","1.0396","1.029","1.0317","0.0"
"XRPUSDT","2026-06","1782468000","1.0318","1.0342","1.0259","1.0275","0.0"
"XRPUSDT","2026-06","1782471600","1.0276","1.0313","1.0199","1.0227","0.0"
"XRPUSDT","2026-06","1782475200","1.0227","1.0339","1.0164","1.0198","0.0"
"XRPUSDT","2026-06","1782478800","1.0199","1.0391","1.0113","1.039","0.0"
"XRPUSDT","2026-06","1782482400","1.039","1.0484","1.0348","1.037","0.0"
"XRPUSDT","2026-06","1782486000","1.037","1.0496","1.0349","1.0451","0.0"
"XRPUSDT","2026-06","1782489600","1.0452","1.0537","1.0401","1.0448","0.0"
"XRPUSDT","2026-06","1782493200","1.0448","1.0513","1.0444","1.0475","0.0"
"XRPUSDT","2026-06","1782496800","1.0476","1.0501","1.0396","1.0408","0.0"
"XRPUSDT","2026-06","1782500400","1.0408","1.0537","1.0393","1.0478","0.0"
"XRPUSDT","2026-06","1782504000","1.0479","1.0558","1.0433","1.0447","0.0"
"XRPUSDT","2026-06","1782507600","1.0447","1.0471","1.0407","1.0425","0.0"
"XRPUSDT","2026-06","1782511200","1.0425","1.0483","1.0382","1.0483","0.0"
"XRPUSDT","2026-06","1782514800","1.0483","1.0499","1.0456","1.049","0.0"
"XRPUSDT","2026-06","1782518400","1.049","1.0523","1.0441","1.0479","0.0"
"XRPUSDT","2026-06","1782522000","1.0479","1.0527","1.046","1.0521","0.0"
"XRPUSDT","2026-06","1782525600","1.0522","1.0671","1.0511","1.0618","0.0"
"XRPUSDT","2026-06","1782529200","1.0618","1.0627","1.0566","1.0591","0.0"
"XRPUSDT","2026-06","1782532800","1.0591","1.0641","1.059","1.0601","0.0"
"XRPUSDT","2026-06","1782536400","1.0602","1.0607","1.053","1.058","0.0"
"XRPUSDT","2026-06","1782540000","1.058","1.0614","1.0541","1.0599","0.0"
"XRPUSDT","2026-06","1782543600","1.0599","1.0635","1.0578","1.0602","0.0"
"XRPUSDT","2026-06","1782547200","1.0603","1.0603","1.0553","1.0573","0.0"
"XRPUSDT","2026-06","1782550800","1.0574","1.0586","1.0543","1.0584","0.0"
"XRPUSDT","2026-06","1782554400","1.0584","1.0597","1.0568","1.0594","0.0"
"XRPUSDT","2026-06","1782558000","1.0594","1.0605","1.0545","1.0594","0.0"
"XRPUSDT","2026-06","1782561600","1.0593","1.0618","1.0576","1.061","0.0"
"XRPUSDT","2026-06","1782565200","1.0609","1.0653","1.06","1.0648","0.0"
"XRPUSDT","2026-06","1782568800","1.0648","1.069","1.0631","1.0689","0.0"
"XRPUSDT","2026-06","1782572400","1.0689","1.0763","1.0683","1.0752","0.0"
"XRPUSDT","2026-06","1782576000","1.0753","1.0777","1.0693","1.0702","0.0"
"XRPUSDT","2026-06","1782579600","1.0702","1.0708","1.0604","1.0605","0.0"
"XRPUSDT","2026-06","1782583200","1.0606","1.0609","1.0572","1.059","0.0"
"XRPUSDT","2026-06","1782586800","1.059","1.0601","1.0525","1.0544","0.0"
"XRPUSDT","2026-06","1782590400","1.0545","1.0568","1.0541","1.0552","0.0"
"XRPUSDT","2026-06","1782594000","1.0552","1.0579","1.0516","1.0531","0.0"
"XRPUSDT","2026-06","1782597600","1.0531","1.054","1.0455","1.0536","0.0"
"XRPUSDT","2026-06","1782601200","1.0537","1.0555","1.047","1.0475","0.0"
"XRPUSDT","2026-06","1782604800","1.0474","1.0513","1.0469","1.0499","0.0"
"XRPUSDT","2026-06","1782608400","1.05","1.0514","1.0459","1.0513","0.0"
"XRPUSDT","2026-06","1782612000","1.0513","1.0535","1.0455","1.0466","0.0"
"XRPUSDT","2026-06","1782615600","1.0467","1.0509","1.0467","1.0499","0.0"
"XRPUSDT","2026-06","1782619200","1.05","1.0506","1.0463","1.0486","0.0"
"XRPUSDT","2026-06","1782622800","1.0487","1.0487","1.0427","1.0478","0.0"
"XRPUSDT","2026-06","1782626400","1.0478","1.0488","1.0419","1.0449","0.0"
"XRPUSDT","2026-06","1782630000","1.0449","1.0515","1.0448","1.0512","0.0"
"XRPUSDT","2026-06","1782633600","1.0512","1.0591","1.0503","1.0547","0.0"
"XRPUSDT","2026-06","1782637200","1.0547","1.0555","1.0488","1.0501","0.0"
"XRPUSDT","2026-06","1782640800","1.05","1.0513","1.046","1.0487","0.0"
"XRPUSDT","2026-06","1782644400","1.0487","1.0536","1.0468","1.0527","0.0"
"XRPUSDT","2026-06","1782648000","1.0528","1.0561","1.0491","1.052","0.0"
"XRPUSDT","2026-06","1782651600","1.052","1.0527","1.0462","1.0496","0.0"
"XRPUSDT","2026-06","1782655200","1.0496","1.0574","1.0487","1.0525","0.0"
"XRPUSDT","2026-06","1782658800","1.0525","1.0576","1.0498","1.0526","0.0"
"XRPUSDT","2026-06","1782662400","1.0526","1.0535","1.044","1.0473","0.0"
"XRPUSDT","2026-06","1782666000","1.0474","1.0498","1.0413","1.0474","0.0"
"XRPUSDT","2026-06","1782669600","1.0473","1.0486","1.0434","1.0468","0.0"
"XRPUSDT","2026-06","1782673200","1.0468","1.0494","1.0391","1.0446","0.0"
"XRPUSDT","2026-06","1782676800","1.0445","1.0501","1.0439","1.0468","0.0"
"XRPUSDT","2026-06","1782680400","1.0468","1.0468","1.0383","1.041","0.0"
"XRPUSDT","2026-06","1782684000","1.041","1.0524","1.0333","1.0382","0.0"
"XRPUSDT","2026-06","1782687600","1.0381","1.0523","1.0372","1.0485","0.0"
"XRPUSDT","2026-06","1782691200","1.0485","1.0495","1.0338","1.0476","0.0"
"XRPUSDT","2026-06","1782694800","1.0476","1.0485","1.0394","1.0434","0.0"
"XRPUSDT","2026-06","1782698400","1.0433","1.0485","1.0322","1.0464","0.0"
"XRPUSDT","2026-06","1782702000","1.0464","1.056","1.0463","1.0508","0.0"
"XRPUSDT","2026-06","1782705600","1.0509","1.0509","1.0421","1.0434","0.0"
"XRPUSDT","2026-06","1782709200","1.0435","1.0487","1.0361","1.0486","0.0"
"XRPUSDT","2026-06","1782712800","1.0487","1.0549","1.0475","1.0495","0.0"
"XRPUSDT","2026-06","1782716400","1.0495","1.0525","1.0457","1.0493","0.0"
"XRPUSDT","2026-06","1782720000","1.0492","1.0511","1.0421","1.0439","0.0"
"XRPUSDT","2026-06","1782723600","1.0439","1.0504","1.0433","1.0494","0.0"
"XRPUSDT","2026-06","1782727200","1.0495","1.0555","1.0495","1.052","0.0"
"XRPUSDT","2026-06","1782730800","1.0519","1.0612","1.048","1.0536","0.0"
"XRPUSDT","2026-06","1782734400","1.0535","1.0663","1.0484","1.0554","0.0"
"XRPUSDT","2026-06","1782738000","1.0554","1.0625","1.0446","1.0506","0.0"
"XRPUSDT","2026-06","1782741600","1.0506","1.0515","1.0402","1.0496","0.0"
"XRPUSDT","2026-06","1782745200","1.0497","1.0522","1.0411","1.0494","0.0"
"XRPUSDT","2026-06","1782748800","1.0495","1.0537","1.0431","1.051","0.0"
"XRPUSDT","2026-06","1782752400","1.0509","1.069","1.0507","1.0657","0.0"
"XRPUSDT","2026-06","1782756000","1.0657","1.0695","1.0628","1.0649","0.0"
"XRPUSDT","2026-06","1782759600","1.065","1.0768","1.0638","1.0753","0.0"
"XRPUSDT","2026-06","1782763200","1.0753","1.0755","1.063","1.0638","0.0"
"XRPUSDT","2026-06","1782766800","1.0638","1.066","1.0601","1.0648","0.0"
"XRPUSDT","2026-06","1782770400","1.0649","1.0656","1.0594","1.0595","0.0"
"XRPUSDT","2026-06","1782774000","1.0595","1.06","1.0556","1.059","0.0"
"XRPUSDT","2026-06","1782777600","1.0589","1.0595","1.0486","1.0489","0.0"
"XRPUSDT","2026-06","1782781200","1.0489","1.0522","1.0475","1.0501","0.0"
"XRPUSDT","2026-06","1782784800","1.0502","1.0525","1.0463","1.0507","0.0"
"XRPUSDT","2026-06","1782788400","1.0506","1.0529","1.0441","1.0455","0.0"
"XRPUSDT","2026-06","1782792000","1.0455","1.048","1.0428","1.0465","0.0"
"XRPUSDT","2026-06","1782795600","1.0465","1.0495","1.0454","1.0494","0.0"
"XRPUSDT","2026-06","1782799200","1.0495","1.0514","1.0477","1.0498","0.0"
"XRPUSDT","2026-06","1782802800","1.0498","1.0507","1.0467","1.0474","0.0"
"XRPUSDT","2026-06","1782806400","1.0474","1.0483","1.041","1.045","0.0"
"XRPUSDT","2026-06","1782810000","1.0449","1.0462","1.0422","1.044","0.0"
"XRPUSDT","2026-06","1782813600","1.0441","1.0444","1.0415","1.0421","0.0"
"XRPUSDT","2026-06","1782817200","1.0421","1.0438","1.0371","1.0389","0.0"
"XRPUSDT","2026-06","1782820800","1.0389","1.0389","1.0274","1.0278","0.0"
"XRPUSDT","2026-06","1782824400","1.0279","1.0361","1.0275","1.0354","0.0"
"XRPUSDT","2026-06","1782828000","1.0354","1.0453","1.033","1.0346","0.0"
"XRPUSDT","2026-06","1782831600","1.0346","1.0411","1.0297","1.034","0.0"
"XRPUSDT","2026-06","1782835200","1.034","1.044","1.0318","1.0414","0.0"
"XRPUSDT","2026-06","1782838800","1.0414","1.0445","1.038","1.0386","0.0"
"XRPUSDT","2026-06","1782842400","1.0387","1.0478","1.0376","1.0434","0.0"
"XRPUSDT","2026-06","1782846000","1.0433","1.05","1.0387","1.0449","0.0"
"XRPUSDT","2026-06","1782849600","1.0448","1.0468","1.0411","1.0418","0.0"
"XRPUSDT","2026-06","1782853200","1.0419","1.0428","1.0387","1.0415","0.0"
"XRPUSDT","2026-06","1782856800","1.0415","1.0445","1.0389","1.0406","0.0"
"XRPUSDT","2026-06","1782860400","1.0407","1.0409","1.0382","1.0401","0.0"
"XRPUSDT","2026-07","1782864000","1.0401","1.0412","1.0352","1.0373","0.0"
"XRPUSDT","2026-07","1782867600","1.0373","1.0435","1.022","1.0414","0.0"
"XRPUSDT","2026-07","1782871200","1.0414","1.0479","1.0383","1.046","0.0"
"XRPUSDT","2026-07","1782874800","1.0461","1.0531","1.0424","1.0509","0.0"
"XRPUSDT","2026-07","1782878400","1.051","1.0544","1.0488","1.0516","0.0"
"XRPUSDT","2026-07","1782882000","1.0517","1.0534","1.0485","1.0508","0.0"
"XRPUSDT","2026-07","1782885600","1.0509","1.051","1.0394","1.0423","0.0"
"XRPUSDT","2026-07","1782889200","1.0424","1.0444","1.0392","1.0441","0.0"
"XRPUSDT","2026-07","1782892800","1.044","1.048","1.0382","1.0475","0.0"
"XRPUSDT","2026-07","1782896400","1.0476","1.0492","1.0445","1.046","0.0"
"XRPUSDT","2026-07","1782900000","1.046","1.0467","1.0394","1.0403","0.0"
"XRPUSDT","2026-07","1782903600","1.0403","1.0428","1.0367","1.0386","0.0"
"XRPUSDT","2026-07","1782907200","1.0386","1.0399","1.0345","1.0373","0.0"
"XRPUSDT","2026-07","1782910800","1.0374","1.0496","1.0367","1.0494","0.0"
"XRPUSDT","2026-07","1782914400","1.0494","1.0606","1.0466","1.0522","0.0"
"XRPUSDT","2026-07","1782918000","1.0521","1.0654","1.0516","1.0606","0.0"
"XRPUSDT","2026-07","1782921600","1.0606","1.0648","1.0556","1.0572","0.0"
"XRPUSDT","2026-07","1782925200","1.0572","1.0629","1.0547","1.0619","0.0"
"XRPUSDT","2026-07","1782928800","1.062","1.0642","1.0581","1.0603","0.0"
"XRPUSDT","2026-07","1782932400","1.0602","1.0656","1.059","1.0614","0.0"
"XRPUSDT","2026-07","1782936000","1.0614","1.0617","1.0561","1.0583","0.0"
"XRPUSDT","2026-07","1782939600","1.0583","1.0692","1.058","1.0665","0.0"
"XRPUSDT","2026-07","1782943200","1.0664","1.0738","1.0601","1.0616","0.0"
"XRPUSDT","2026-07","1782946800","1.0615","1.0615","1.0521","1.053","0.0"
"XRPUSDT","2026-07","1782950400","1.0531","1.0531","1.0451","1.0478","0.0"
"XRPUSDT","2026-07","1782954000","1.0479","1.06","1.0469","1.0574","0.0"
"XRPUSDT","2026-07","1782957600","1.0574","1.0614","1.055","1.0601","0.0"
"XRPUSDT","2026-07","1782961200","1.0602","1.0703","1.0564","1.0678","0.0"
"XRPUSDT","2026-07","1782964800","1.0679","1.0682","1.0616","1.0648","0.0"
"XRPUSDT","2026-07","1782968400","1.0647","1.0665","1.0587","1.0599","0.0"
"XRPUSDT","2026-07","1782972000","1.0598","1.062","1.0557","1.0565","0.0"
"XRPUSDT","2026-07","1782975600","1.0564","1.06","1.0557","1.0587","0.0"
"XRPUSDT","2026-07","1782979200","1.0587","1.065","1.0585","1.0642","0.0"
"XRPUSDT","2026-07","1782982800","1.0643","1.0816","1.0622","1.0735","0.0"
"XRPUSDT","2026-07","1782986400","1.0735","1.0824","1.0727","1.0814","0.0"
"XRPUSDT","2026-07","1782990000","1.0815","1.0862","1.0772","1.0841","0.0"
"XRPUSDT","2026-07","1782993600","1.084","1.0972","1.0834","1.0929","0.0"
"XRPUSDT","2026-07","1782997200","1.0929","1.1125","1.0919","1.1041","0.0"
"XRPUSDT","2026-07","1783000800","1.1042","1.1077","1.0881","1.0921","0.0"
"XRPUSDT","2026-07","1783004400","1.0921","1.0967","1.0863","1.0938","0.0"
"XRPUSDT","2026-07","1783008000","1.0939","1.0965","1.0866","1.091","0.0"
"XRPUSDT","2026-07","1783011600","1.0909","1.0942","1.0881","1.0884","0.0"
"XRPUSDT","2026-07","1783015200","1.0885","1.0917","1.0872","1.0893","0.0"
"XRPUSDT","2026-07","1783018800","1.0894","1.0897","1.0837","1.0854","0.0"
"XRPUSDT","2026-07","1783022400","1.0854","1.0858","1.0814","1.0834","0.0"
"XRPUSDT","2026-07","1783026000","1.0833","1.0845","1.0791","1.0816","0.0"
"XRPUSDT","2026-07","1783029600","1.0815","1.085","1.0789","1.0839","0.0"
"XRPUSDT","2026-07","1783033200","1.0839","1.0883","1.0824","1.0881","0.0"
"XRPUSDT","2026-07","1783036800","1.0882","1.0887","1.0828","1.0841","0.0"
"XRPUSDT","2026-07","1783040400","1.084","1.0959","1.0836","1.0941","0.0"
"XRPUSDT","2026-07","1783044000","1.0942","1.0954","1.0871","1.0914","0.0"
"XRPUSDT","2026-07","1783047600","1.0913","1.0927","1.0865","1.0907","0.0"
"XRPUSDT","2026-07","1783051200","1.0907","1.0942","1.0887","1.0926","0.0"
"XRPUSDT","2026-07","1783054800","1.0926","1.1017","1.0916","1.1001","0.0"
"XRPUSDT","2026-07","1783058400","1.1","1.1068","1.0992","1.101","0.0"
"XRPUSDT","2026-07","1783062000","1.101","1.1051","1.0978","1.1025","0.0"
"XRPUSDT","2026-07","1783065600","1.1026","1.1075","1.0991","1.1001","0.0"
"XRPUSDT","2026-07","1783069200","1.1001","1.1044","1.0981","1.1012","0.0"
"XRPUSDT","2026-07","1783072800","1.1012","1.1129","1.0993","1.1092","0.0"
"XRPUSDT","2026-07","1783076400","1.1093","1.1124","1.1066","1.11","0.0"
"XRPUSDT","2026-07","1783080000","1.1101","1.114","1.1037","1.1077","0.0"
"XRPUSDT","2026-07","1783083600","1.1078","1.1155","1.1078","1.1113","0.0"
"XRPUSDT","2026-07","1783087200","1.1112","1.1139","1.1056","1.1122","0.0"
"XRPUSDT","2026-07","1783090800","1.1122","1.1238","1.112","1.1201","0.0"
"XRPUSDT","2026-07","1783094400","1.1201","1.1216","1.114","1.1151","0.0"
"XRPUSDT","2026-07","1783098000","1.1152","1.1244","1.1144","1.1235","0.0"
"XRPUSDT","2026-07","1783101600","1.1235","1.1294","1.1204","1.1269","0.0"
"XRPUSDT","2026-07","1783105200","1.1269","1.1453","1.1262","1.1319","0.0"
"XRPUSDT","2026-07","1783108800","1.1319","1.1441","1.1278","1.1395","0.0"
"XRPUSDT","2026-07","1783112400","1.1395","1.1415","1.1274","1.1335","0.0"
"XRPUSDT","2026-07","1783116000","1.1335","1.1355","1.1277","1.1302","0.0"
"XRPUSDT","2026-07","1783119600","1.1303","1.1384","1.1287","1.1348","0.0"
"XRPUSDT","2026-07","1783123200","1.1348","1.1434","1.1336","1.1417","0.0"
"XRPUSDT","2026-07","1783126800","1.1418","1.1418","1.1315","1.1333","0.0"
"XRPUSDT","2026-07","1783130400","1.1333","1.139","1.1321","1.1357","0.0"
"XRPUSDT","2026-07","1783134000","1.1356","1.1414","1.1321","1.138","0.0"
"XRPUSDT","2026-07","1783137600","1.138","1.1496","1.1366","1.148","0.0"
"XRPUSDT","2026-07","1783141200","1.148","1.148","1.1377","1.1393","0.0"
"XRPUSDT","2026-07","1783144800","1.1393","1.1468","1.1339","1.1378","0.0"
"XRPUSDT","2026-07","1783148400","1.1379","1.1431","1.1332","1.1396","0.0"
"XRPUSDT","2026-07","1783152000","1.1395","1.149","1.1395","1.1418","0.0"
"XRPUSDT","2026-07","1783155600","1.1418","1.1441","1.135","1.1371","0.0"
"XRPUSDT","2026-07","1783159200","1.137","1.1426","1.1355","1.1417","0.0"
"XRPUSDT","2026-07","1783162800","1.1416","1.1446","1.1383","1.1401","0.0"
"XRPUSDT","2026-07","1783166400","1.1401","1.1546","1.1401","1.1479","0.0"
"XRPUSDT","2026-07","1783170000","1.1479","1.1613","1.1475","1.1531","0.0"
"XRPUSDT","2026-07","1783173600","1.1531","1.1746","1.1528","1.1735","0.0"
"XRPUSDT","2026-07","1783177200","1.1736","1.1804","1.1672","1.1724","0.0"
"XRPUSDT","2026-07","1783180800","1.1724","1.1773","1.1637","1.174","0.0"
"XRPUSDT","2026-07","1783184400","1.174","1.1843","1.168","1.1814","0.0"
"XRPUSDT","2026-07","1783188000","1.1814","1.1826","1.1736","1.175","0.0"
"XRPUSDT","2026-07","1783191600","1.1749","1.1784","1.1668","1.1684","0.0"
"XRPUSDT","2026-07","1783195200","1.1684","1.1698","1.1597","1.1628","0.0"
"XRPUSDT","2026-07","1783198800","1.1628","1.1684","1.1616","1.1661","0.0"
"XRPUSDT","2026-07","1783202400","1.1661","1.1669","1.1603","1.1622","0.0"
"XRPUSDT","2026-07","1783206000","1.1623","1.1625","1.1541","1.1574","0.0"
"XRPUSDT","2026-07","1783209600","1.1573","1.1574","1.147","1.1495","0.0"
"XRPUSDT","2026-07","1783213200","1.1495","1.1512","1.1425","1.1454","0.0"
"XRPUSDT","2026-07","1783216800","1.1454","1.1455","1.1335","1.1374","0.0"
"XRPUSDT","2026-07","1783220400","1.1373","1.1409","1.1357","1.1384","0.0"
"XRPUSDT","2026-07","1783224000","1.1385","1.1424","1.1366","1.1382","0.0"
"XRPUSDT","2026-07","1783227600","1.1381","1.1381","1.1329","1.1364","0.0"
"XRPUSDT","2026-07","1783231200","1.1364","1.1395","1.134","1.1385","0.0"
"XRPUSDT","2026-07","1783234800","1.1385","1.1414","1.1356","1.1404","0.0"
"XRPUSDT","2026-07","1783238400","1.1403","1.1417","1.1375","1.1388","0.0"
"XRPUSDT","2026-07","1783242000","1.1388","1.1395","1.1262","1.1278","0.0"
"XRPUSDT","2026-07","1783245600","1.1277","1.13","1.1248","1.1294","0.0"
"XRPUSDT","2026-07","1783249200","1.1295","1.1334","1.1281","1.132","0.0"
"XRPUSDT","2026-07","1783252800","1.132","1.1368","1.1288","1.1357","0.0"
"XRPUSDT","2026-07","1783256400","1.1357","1.137","1.1308","1.1355","0.0"
"XRPUSDT","2026-07","1783260000","1.1356","1.138","1.1336","1.1372","0.0"
"XRPUSDT","2026-07","1783263600","1.1372","1.1414","1.1347","1.137","0.0"
"XRPUSDT","2026-07","1783267200","1.1371","1.139","1.134","1.1349","0.0"
"XRPUSDT","2026-07","1783270800","1.1349","1.139","1.1319","1.1347","0.0"
"XRPUSDT","2026-07","1783274400","1.1346","1.1403","1.1345","1.1361","0.0"
"XRPUSDT","2026-07","1783278000","1.136","1.1381","1.1336","1.1352","0.0"
"XRPUSDT","2026-07","1783281600","1.1352","1.1381","1.1346","1.1373","0.0"
"XRPUSDT","2026-07","1783285200","1.1374","1.1484","1.1351","1.1446","0.0"
"XRPUSDT","2026-07","1783288800","1.1446","1.1625","1.1425","1.158","0.0"
"XRPUSDT","2026-07","1783292400","1.158","1.1696","1.1555","1.1572","0.0"
"XRPUSDT","2026-07","1783296000","1.1572","1.1589","1.1457","1.1561","0.0"
"XRPUSDT","2026-07","1783299600","1.156","1.1614","1.1523","1.1527","0.0"
"XRPUSDT","2026-07","1783303200","1.1527","1.1544","1.1461","1.1487","0.0"
"XRPUSDT","2026-07","1783306800","1.1486","1.1508","1.1416","1.1475","0.0"
"XRPUSDT","2026-07","1783310400","1.1474","1.149","1.1444","1.1461","0.0"
"XRPUSDT","2026-07","1783314000","1.146","1.1461","1.1367","1.1409","0.0"
"XRPUSDT","2026-07","1783317600","1.1409","1.1415","1.1366","1.138","0.0"
"XRPUSDT","2026-07","1783321200","1.1379","1.1471","1.1366","1.146","0.0"
"XRPUSDT","2026-07","1783324800","1.1461","1.1514","1.14","1.1425","0.0"
"XRPUSDT","2026-07","1783328400","1.1425","1.1427","1.1342","1.1361","0.0"
"XRPUSDT","2026-07","1783332000","1.1362","1.1449","1.136","1.1427","0.0"
"XRPUSDT","2026-07","1783335600","1.1427","1.1438","1.135","1.1352","0.0"
"XRPUSDT","2026-07","1783339200","1.1352","1.1354","1.114","1.1153","0.0"
"XRPUSDT","2026-07","1783342800","1.1152","1.1227","1.1095","1.116","0.0"
"XRPUSDT","2026-07","1783346400","1.116","1.127","1.1138","1.1236","0.0"
"XRPUSDT","2026-07","1783350000","1.1236","1.1454","1.1234","1.1446","0.0"
"XRPUSDT","2026-07","1783353600","1.1447","1.1544","1.1397","1.1534","0.0"
"XRPUSDT","2026-07","1783357200","1.1535","1.1593","1.1445","1.1467","0.0"
"XRPUSDT","2026-07","1783360800","1.1467","1.1504","1.1412","1.1482","0.0"
"XRPUSDT","2026-07","1783364400","1.1481","1.1528","1.1451","1.149","0.0"
"XRPUSDT","2026-07","1783368000","1.1489","1.149","1.1422","1.1441","0.0"
"XRPUSDT","2026-07","1783371600","1.144","1.165","1.1437","1.1537","0.0"
"XRPUSDT","2026-07","1783375200","1.1537","1.1547","1.1469","1.1477","0.0"
"XRPUSDT","2026-07","1783378800","1.1478","1.1502","1.144","1.145","0.0"
"XRPUSDT","2026-07","1783382400","1.145","1.1514","1.1446","1.1487","0.0"
"XRPUSDT","2026-07","1783386000","1.1486","1.1486","1.1395","1.1412","0.0"
"XRPUSDT","2026-07","1783389600","1.1412","1.1422","1.1298","1.1308","0.0"
"XRPUSDT","2026-07","1783393200","1.1309","1.1343","1.1274","1.1294","0.0"
"XRPUSDT","2026-07","1783396800","1.1293","1.1296","1.1233","1.1253","0.0"
"XRPUSDT","2026-07","1783400400","1.1253","1.1297","1.1212","1.1276","0.0"
"XRPUSDT","2026-07","1783404000","1.1276","1.1333","1.125","1.1326","0.0"
"XRPUSDT","2026-07","1783407600","1.1325","1.1353","1.1267","1.1267","0.0"
"XRPUSDT","2026-07","1783411200","1.1268","1.1282","1.1242","1.125","0.0"
"XRPUSDT","2026-07","1783414800","1.125","1.1276","1.1242","1.1271","0.0"
"XRPUSDT","2026-07","1783418400","1.1271","1.1303","1.123","1.1238","0.0"
"XRPUSDT","2026-07","1783422000","1.1238","1.1257","1.12","1.1251","0.0"
"XRPUSDT","2026-07","1783425600","1.1252","1.1324","1.1248","1.1267","0.0"
"XRPUSDT","2026-07","1783429200","1.1267","1.1278","1.1191","1.1208","0.0"
"XRPUSDT","2026-07","1783432800","1.1209","1.126","1.1084","1.1252","0.0"
"XRPUSDT","2026-07","1783436400","1.1251","1.133","1.1207","1.1305","0.0"
"XRPUSDT","2026-07","1783440000","1.1304","1.1354","1.1249","1.1293","0.0"
"XRPUSDT","2026-07","1783443600","1.1294","1.1326","1.1264","1.1326","0.0"
"XRPUSDT","2026-07","1783447200","1.1326","1.1326","1.1192","1.1194","0.0"
"XRPUSDT","2026-07","1783450800","1.1193","1.1259","1.1134","1.1228","0.0"
"XRPUSDT","2026-07","1783454400","1.1229","1.1232","1.1172","1.1187","0.0"
"XRPUSDT","2026-07","1783458000","1.1187","1.1217","1.1121","1.1136","0.0"
"XRPUSDT","2026-07","1783461600","1.1135","1.1171","1.1065","1.1154","0.0"
"XRPUSDT","2026-07","1783465200","1.1154","1.1206","1.111","1.112","0.0"
"XRPUSDT","2026-07","1783468800","1.112","1.1165","1.1101","1.1139","0.0"
"XRPUSDT","2026-07","1783472400","1.114","1.1157","1.0978","1.099","0.0"
"XRPUSDT","2026-07","1783476000","1.099","1.1018","1.0887","1.1005","0.0"
"XRPUSDT","2026-07","1783479600","1.1005","1.1042","1.0943","1.0955","0.0"
"XRPUSDT","2026-07","1783483200","1.0955","1.0975","1.0919","1.0947","0.0"
"XRPUSDT","2026-07","1783486800","1.0948","1.0962","1.0892","1.0914","0.0"
"XRPUSDT","2026-07","1783490400","1.0914","1.0926","1.0866","1.0914","0.0"
"XRPUSDT","2026-07","1783494000","1.0914","1.0954","1.0882","1.094","0.0"
"XRPUSDT","2026-07","1783497600","1.094","1.0953","1.0751","1.0802","0.0"
"XRPUSDT","2026-07","1783501200","1.0801","1.0822","1.0757","1.0793","0.0"
"XRPUSDT","2026-07","1783504800","1.0794","1.0841","1.0765","1.0836","0.0"
"XRPUSDT","2026-07","1783508400","1.0836","1.089","1.0803","1.0867","0.0"
"XRPUSDT","2026-07","1783512000","1.0867","1.0887","1.082","1.082","0.0"
"XRPUSDT","2026-07","1783515600","1.082","1.0877","1.0776","1.0814","0.0"
"XRPUSDT","2026-07","1783519200","1.0814","1.0848","1.0745","1.078","0.0"
"XRPUSDT","2026-07","1783522800","1.0781","1.0785","1.0694","1.0736","0.0"
"XRPUSDT","2026-07","1783526400","1.0736","1.0844","1.0732","1.0843","0.0"
"XRPUSDT","2026-07","1783530000","1.0843","1.0952","1.0839","1.0863","0.0"
"XRPUSDT","2026-07","1783533600","1.0862","1.0909","1.0832","1.0879","0.0"
"XRPUSDT","2026-07","1783537200","1.0879","1.096","1.0849","1.0912","0.0"
"XRPUSDT","2026-07","1783540800","1.0913","1.0929","1.0876","1.089","0.0"
"XRPUSDT","2026-07","1783544400","1.0889","1.0915","1.0842","1.0909","0.0"
"XRPUSDT","2026-07","1783548000","1.091","1.0931","1.0896","1.0929","0.0"
"XRPUSDT","2026-07","1783551600","1.0929","1.0929","1.0877","1.0908","0.0"
"XRPUSDT","2026-07","1783555200","1.0907","1.0917","1.087","1.0881","0.0"
"XRPUSDT","2026-07","1783558800","1.0881","1.0988","1.0828","1.0834","0.0"
"XRPUSDT","2026-07","1783562400","1.0835","1.0903","1.0826","1.0845","0.0"
"XRPUSDT","2026-07","1783566000","1.0845","1.0896","1.0829","1.0876","0.0"
"XRPUSDT","2026-07","1783569600","1.0877","1.0947","1.0848","1.0943","0.0"
"XRPUSDT","2026-07","1783573200","1.0942","1.1002","1.0913","1.0992","0.0"
"XRPUSDT","2026-07","1783576800","1.0993","1.1027","1.0966","1.1002","0.0"
"XRPUSDT","2026-07","1783580400","1.1002","1.1029","1.0951","1.0982","0.0"
"XRPUSDT","2026-07","1783584000","1.0981","1.0993","1.095","1.0954","0.0"
"XRPUSDT","2026-07","1783587600","1.0955","1.0956","1.0916","1.0944","0.0"
"XRPUSDT","2026-07","1783591200","1.0944","1.0967","1.0902","1.0921","0.0"
"XRPUSDT","2026-07","1783594800","1.0922","1.0941","1.0905","1.0936","0.0"
"XRPUSDT","2026-07","1783598400","1.0935","1.0971","1.0908","1.0939","0.0"
"XRPUSDT","2026-07","1783602000","1.094","1.1018","1.093","1.0991","0.0"
"XRPUSDT","2026-07","1783605600","1.0991","1.101","1.0911","1.0937","0.0"
"XRPUSDT","2026-07","1783609200","1.0937","1.0969","1.0893","1.0899","0.0"
"XRPUSDT","2026-07","1783612800","1.09","1.0921","1.0864","1.0887","0.0"
"XRPUSDT","2026-07","1783616400","1.0886","1.0981","1.0886","1.0962","0.0"
"XRPUSDT","2026-07","1783620000","1.0963","1.1005","1.0931","1.0949","0.0"
"XRPUSDT","2026-07","1783623600","1.095","1.0987","1.0921","1.0976","0.0"
"XRPUSDT","2026-07","1783627200","1.0976","1.0998","1.0955","1.0974","0.0"
"XRPUSDT","2026-07","1783630800","1.0974","1.0985","1.0968","1.0979","0.0"
"XRPUSDT","2026-07","1783634400","1.0979","1.0986","1.0958","1.0961","0.0"
"XRPUSDT","2026-07","1783638000","1.0961","1.0964","1.0924","1.0932","0.0"
"XRPUSDT","2026-07","1783641600","1.0933","1.0936","1.0891","1.0922","0.0"
"XRPUSDT","2026-07","1783645200","1.0922","1.109","1.0902","1.1049","0.0"
"XRPUSDT","2026-07","1783648800","1.1049","1.1097","1.1026","1.1078","0.0"
"XRPUSDT","2026-07","1783652400","1.1078","1.1094","1.1039","1.107","0.0"
"XRPUSDT","2026-07","1783656000","1.107","1.1123","1.106","1.1094","0.0"
"XRPUSDT","2026-07","1783659600","1.1095","1.1107","1.1073","1.1097","0.0"
"XRPUSDT","2026-07","1783663200","1.1096","1.1107","1.1048","1.1056","0.0"
"XRPUSDT","2026-07","1783666800","1.1057","1.1078","1.1035","1.1055","0.0"
"XRPUSDT","2026-07","1783670400","1.1056","1.1157","1.1046","1.1121","0.0"
"XRPUSDT","2026-07","1783674000","1.112","1.1183","1.1098","1.1156","0.0"
"XRPUSDT","2026-07","1783677600","1.1155","1.1179","1.1127","1.1141","0.0"
"XRPUSDT","2026-07","1783681200","1.1141","1.1157","1.1091","1.1125","0.0"
"XRPUSDT","2026-07","1783684800","1.1125","1.1146","1.1072","1.1073","0.0"
"XRPUSDT","2026-07","1783688400","1.1073","1.113","1.1062","1.1102","0.0"
"XRPUSDT","2026-07","1783692000","1.1102","1.1103","1.0964","1.1009","0.0"
"XRPUSDT","2026-07","1783695600","1.101","1.1059","1.1001","1.1037","0.0"
"XRPUSDT","2026-07","1783699200","1.1037","1.1061","1.0994","1.1051","0.0"
"XRPUSDT","2026-07","1783702800","1.105","1.1061","1.1006","1.1008","0.0"
"XRPUSDT","2026-07","1783706400","1.1009","1.1049","1.0972","1.0996","0.0"
"XRPUSDT","2026-07","1783710000","1.0996","1.1067","1.0983","1.1051","0.0"
"XRPUSDT","2026-07","1783713600","1.1052","1.1065","1.103","1.1041","0.0"
"XRPUSDT","2026-07","1783717200","1.1041","1.1067","1.1026","1.1049","0.0"
"XRPUSDT","2026-07","1783720800","1.1048","1.1062","1.1035","1.1055","0.0"
"XRPUSDT","2026-07","1783724400","1.1055","1.1056","1.1031","1.1046","0.0"
"XRPUSDT","2026-07","1783728000","1.1047","1.1057","1.1016","1.1053","0.0"
"XRPUSDT","2026-07","1783731600","1.1053","1.1083","1.1028","1.103","0.0"
"XRPUSDT","2026-07","1783735200","1.103","1.1068","1.1025","1.1063","0.0"
"XRPUSDT","2026-07","1783738800","1.1063","1.1097","1.1055","1.1077","0.0"
"XRPUSDT","2026-07","1783742400","1.1076","1.1079","1.1039","1.1047","0.0"
"XRPUSDT","2026-07","1783746000","1.1047","1.1078","1.1037","1.1065","0.0"
"XRPUSDT","2026-07","1783749600","1.1065","1.1093","1.1052","1.1076","0.0"
"XRPUSDT","2026-07","1783753200","1.1076","1.1093","1.1072","1.1077","0.0"
"XRPUSDT","2026-07","1783756800","1.1076","1.1089","1.1058","1.1086","0.0"
"XRPUSDT","2026-07","1783760400","1.1085","1.111","1.1064","1.1065","0.0"
"XRPUSDT","2026-07","1783764000","1.1065","1.1092","1.1061","1.109","0.0"
"XRPUSDT","2026-07","1783767600","1.1091","1.1104","1.1077","1.1086","0.0"
"XRPUSDT","2026-07","1783771200","1.1085","1.1096","1.1077","1.1088","0.0"
"XRPUSDT","2026-07","1783774800","1.1088","1.112","1.1082","1.1088","0.0"
"XRPUSDT","2026-07","1783778400","1.1088","1.1156","1.1088","1.1137","0.0"
"XRPUSDT","2026-07","1783782000","1.1138","1.1184","1.1093","1.1133","0.0"
"XRPUSDT","2026-07","1783785600","1.1133","1.1163","1.111","1.1128","0.0"
"XRPUSDT","2026-07","1783789200","1.1128","1.1172","1.1115","1.1148","0.0"
"XRPUSDT","2026-07","1783792800","1.1149","1.1182","1.1139","1.1171","0.0"
"XRPUSDT","2026-07","1783796400","1.1171","1.1193","1.114","1.1155","0.0"
"XRPUSDT","2026-07","1783800000","1.1155","1.1162","1.1138","1.1144","0.0"
"XRPUSDT","2026-07","1783803600","1.1144","1.1168","1.1138","1.1148","0.0"
"XRPUSDT","2026-07","1783807200","1.1148","1.1151","1.1078","1.1091","0.0"
"XRPUSDT","2026-07","1783810800","1.1092","1.1095","1.0961","1.0967","0.0"
"XRPUSDT","2026-07","1783814400","1.0967","1.0986","1.0894","1.0932","0.0"
"XRPUSDT","2026-07","1783818000","1.0932","1.0989","1.0926","1.0989","0.0"
"XRPUSDT","2026-07","1783821600","1.0989","1.0989","1.0951","1.0961","0.0"
"XRPUSDT","2026-07","1783825200","1.0961","1.0998","1.0955","1.0998","0.0"
"XRPUSDT","2026-07","1783828800","1.0998","1.1001","1.0945","1.0956","0.0"
"XRPUSDT","2026-07","1783832400","1.0956","1.0964","1.0938","1.0946","0.0"
"XRPUSDT","2026-07","1783836000","1.0945","1.0945","1.0868","1.0916","0.0"
"XRPUSDT","2026-07","1783839600","1.0916","1.0936","1.0902","1.0913","0.0"
"XRPUSDT","2026-07","1783843200","1.0914","1.095","1.091","1.0937","0.0"
"XRPUSDT","2026-07","1783846800","1.0938","1.097","1.0906","1.0948","0.0"
"XRPUSDT","2026-07","1783850400","1.0949","1.0962","1.0936","1.0949","0.0"
"XRPUSDT","2026-07","1783854000","1.0949","1.0985","1.0928","1.0964","0.0"
"XRPUSDT","2026-07","1783857600","1.0963","1.1","1.0958","1.0991","0.0"
"XRPUSDT","2026-07","1783861200","1.0991","1.1013","1.0971","1.0983","0.0"
"XRPUSDT","2026-07","1783864800","1.0983","1.1043","1.0963","1.1017","0.0"
"XRPUSDT","2026-07","1783868400","1.1018","1.1035","1.1","1.102","0.0"
"XRPUSDT","2026-07","1783872000","1.1021","1.104","1.1","1.1018","0.0"
"XRPUSDT","2026-07","1783875600","1.1018","1.1026","1.0973","1.0984","0.0"
"XRPUSDT","2026-07","1783879200","1.0984","1.1015","1.0973","1.1008","0.0"
"XRPUSDT","2026-07","1783882800","1.1009","1.1018","1.098","1.1004","0.0"
"XRPUSDT","2026-07","1783886400","1.1004","1.101","1.0988","1.0994","0.0"
"XRPUSDT","2026-07","1783890000","1.0995","1.1012","1.0934","1.0943","0.0"
"XRPUSDT","2026-07","1783893600","1.0943","1.0943","1.0811","1.0864","0.0"
"XRPUSDT","2026-07","1783897200","1.0864","1.0877","1.0838","1.0858","0.0"
"XRPUSDT","2026-07","1783900800","1.0859","1.103","1.0837","1.0931","0.0"
"XRPUSDT","2026-07","1783904400","1.093","1.094","1.0795","1.0808","0.0"
"XRPUSDT","2026-07","1783908000","1.0809","1.0835","1.0765","1.0799","0.0"
"XRPUSDT","2026-07","1783911600","1.0799","1.0799","1.0674","1.0723","0.0"
"XRPUSDT","2026-07","1783915200","1.0724","1.0757","1.0707","1.0727","0.0"
"XRPUSDT","2026-07","1783918800","1.0728","1.079","1.0702","1.076","0.0"
"XRPUSDT","2026-07","1783922400","1.0761","1.0781","1.075","1.078","0.0"
"XRPUSDT","2026-07","1783926000","1.078","1.0817","1.0768","1.0796","0.0"
"XRPUSDT","2026-07","1783929600","1.0797","1.0832","1.0785","1.0798","0.0"
"XRPUSDT","2026-07","1783933200","1.0798","1.0808","1.0786","1.0787","0.0"
"XRPUSDT","2026-07","1783936800","1.0787","1.0796","1.076","1.0771","0.0"
"XRPUSDT","2026-07","1783940400","1.0772","1.0813","1.0772","1.0774","0.0"
"XRPUSDT","2026-07","1783944000","1.0774","1.0786","1.0674","1.0737","0.0"
"XRPUSDT","2026-07","1783947600","1.0737","1.0738","1.0656","1.0688","0.0"
"XRPUSDT","2026-07","1783951200","1.0687","1.0782","1.0671","1.0775","0.0"
"XRPUSDT","2026-07","1783954800","1.0774","1.0803","1.072","1.0725","0.0"
"XRPUSDT","2026-07","1783958400","1.0725","1.0745","1.0665","1.0687","0.0"
"XRPUSDT","2026-07","1783962000","1.0686","1.0707","1.0589","1.0591","0.0"
"XRPUSDT","2026-07","1783965600","1.0591","1.0631","1.0567","1.0615","0.0"
"XRPUSDT","2026-07","1783969200","1.0615","1.0708","1.0607","1.0674","0.0"
"XRPUSDT","2026-07","1783972800","1.0674","1.0683","1.0591","1.0624","0.0"
"XRPUSDT","2026-07","1783976400","1.0624","1.0625","1.0535","1.0596","0.0"
"XRPUSDT","2026-07","1783980000","1.0596","1.0631","1.0587","1.0587","0.0"
"XRPUSDT","2026-07","1783983600","1.0588","1.0675","1.0577","1.0675","0.0"
"XRPUSDT","2026-07","1783987200","1.0675","1.0706","1.0646","1.0693","0.0"
"XRPUSDT","2026-07","1783990800","1.0693","1.071","1.0651","1.0652","0.0"
"XRPUSDT","2026-07","1783994400","1.0652","1.0675","1.0627","1.0659","0.0"
"XRPUSDT","2026-07","1783998000","1.066","1.0673","1.061","1.0662","0.0"
"XRPUSDT","2026-07","1784001600","1.0661","1.0691","1.0643","1.0682","0.0"
"XRPUSDT","2026-07","1784005200","1.0681","1.0732","1.0675","1.0715","0.0"
"XRPUSDT","2026-07","1784008800","1.0715","1.0716","1.0692","1.0699","0.0"
"XRPUSDT","2026-07","1784012400","1.0699","1.0716","1.0675","1.0689","0.0"
"XRPUSDT","2026-07","1784016000","1.0689","1.0715","1.0674","1.0689","0.0"
"XRPUSDT","2026-07","1784019600","1.0689","1.0707","1.0677","1.0684","0.0"
"XRPUSDT","2026-07","1784023200","1.0684","1.0723","1.0677","1.071","0.0"
"XRPUSDT","2026-07","1784026800","1.0711","1.073","1.0693","1.0725","0.0"
"XRPUSDT","2026-07","1784030400","1.0726","1.0913","1.0705","1.0893","0.0"
"XRPUSDT","2026-07","1784034000","1.0894","1.105","1.0854","1.0991","0.0"
"XRPUSDT","2026-07","1784037600","1.0992","1.105","1.095","1.103","0.0"
"XRPUSDT","2026-07","1784041200","1.103","1.1108","1.101","1.1047","0.0"
"XRPUSDT","2026-07","1784044800","1.1047","1.1086","1.1028","1.1048","0.0"
"XRPUSDT","2026-07","1784048400","1.1047","1.1052","1.0981","1.1044","0.0"
"XRPUSDT","2026-07","1784052000","1.1044","1.1133","1.1033","1.1122","0.0"
"XRPUSDT","2026-07","1784055600","1.1123","1.121","1.1109","1.1153","0.0"
"XRPUSDT","2026-07","1784059200","1.1152","1.1158","1.1096","1.1104","0.0"
"XRPUSDT","2026-07","1784062800","1.1104","1.1112","1.1069","1.108","0.0"
"XRPUSDT","2026-07","1784066400","1.1081","1.1139","1.105","1.1102","0.0"
"XRPUSDT","2026-07","1784070000","1.1103","1.1127","1.109","1.1117","0.0"
"XRPUSDT","2026-07","1784073600","1.1118","1.1123","1.1066","1.1082","0.0"
"XRPUSDT","2026-07","1784077200","1.1083","1.1085","1.1022","1.1033","0.0"
"XRPUSDT","2026-07","1784080800","1.1033","1.1042","1.099","1.0996","0.0"
"XRPUSDT","2026-07","1784084400","1.0995","1.1052","1.0994","1.1042","0.0"
"XRPUSDT","2026-07","1784088000","1.1042","1.1065","1.1013","1.1033","0.0"
"XRPUSDT","2026-07","1784091600","1.1034","1.1071","1.0997","1.1066","0.0"
"XRPUSDT","2026-07","1784095200","1.1067","1.1139","1.1058","1.1074","0.0"
"XRPUSDT","2026-07","1784098800","1.1074","1.1081","1.1018","1.1038","0.0"
"XRPUSDT","2026-07","1784102400","1.1039","1.109","1.1032","1.1079","0.0"
"XRPUSDT","2026-07","1784106000","1.108","1.1125","1.1077","1.1088","0.0"
"XRPUSDT","2026-07","1784109600","1.1087","1.11","1.1061","1.1084","0.0"
"XRPUSDT","2026-07","1784113200","1.1083","1.1094","1.1069","1.1083","0.0"
"XRPUSDT","2026-07","1784116800","1.1084","1.1217","1.1055","1.1211","0.0"
"XRPUSDT","2026-07","1784120400","1.121","1.1293","1.1178","1.1218","0.0"
"XRPUSDT","2026-07","1784124000","1.1219","1.1302","1.1183","1.1258","0.0"
"XRPUSDT","2026-07","1784127600","1.1258","1.1287","1.1207","1.1263","0.0"
"XRPUSDT","2026-07","1784131200","1.1263","1.1272","1.1079","1.114","0.0"
"XRPUSDT","2026-07","1784134800","1.114","1.1196","1.1112","1.1176","0.0"
"XRPUSDT","2026-07","1784138400","1.1176","1.1214","1.1117","1.1125","0.0"
"XRPUSDT","2026-07","1784142000","1.1125","1.1148","1.1088","1.1099","0.0"
"XRPUSDT","2026-07","1784145600","1.1099","1.114","1.1082","1.1114","0.0"
"XRPUSDT","2026-07","1784149200","1.1114","1.1161","1.1106","1.1157","0.0"
"XRPUSDT","2026-07","1784152800","1.1157","1.1192","1.1147","1.1161","0.0"
"XRPUSDT","2026-07","1784156400","1.1162","1.117","1.1121","1.1133","0.0"
"XRPUSDT","2026-07","1784160000","1.1132","1.1164","1.1084","1.1107","0.0"
"XRPUSDT","2026-07","1784163600","1.1107","1.115","1.1058","1.1139","0.0"
"XRPUSDT","2026-07","1784167200","1.1139","1.1173","1.1115","1.117","0.0"
"XRPUSDT","2026-07","1784170800","1.117","1.1178","1.1119","1.1129","0.0"
"XRPUSDT","2026-07","1784174400","1.1129","1.114","1.1109","1.1139","0.0"
"XRPUSDT","2026-07","1784178000","1.114","1.118","1.1134","1.116","0.0"
"XRPUSDT","2026-07","1784181600","1.116","1.1182","1.112","1.1143","0.0"
"XRPUSDT","2026-07","1784185200","1.1144","1.1156","1.1036","1.1062","0.0"
"XRPUSDT","2026-07","1784188800","1.1063","1.1101","1.0996","1.1069","0.0"
"XRPUSDT","2026-07","1784192400","1.1068","1.108","1.1047","1.105","0.0"
"XRPUSDT","2026-07","1784196000","1.1051","1.1094","1.1042","1.1085","0.0"
"XRPUSDT","2026-07","1784199600","1.1085","1.109","1.1053","1.1085","0.0"
"XRPUSDT","2026-07","1784203200","1.1085","1.1105","1.1","1.1016","0.0"
"XRPUSDT","2026-07","1784206800","1.1015","1.1123","1.1013","1.11","0.0"
"XRPUSDT","2026-07","1784210400","1.11","1.1164","1.1083","1.1118","0.0"
"XRPUSDT","2026-07","1784214000","1.1118","1.1182","1.1061","1.1148","0.0"
"XRPUSDT","2026-07","1784217600","1.1148","1.1151","1.1076","1.1091","0.0"
"XRPUSDT","2026-07","1784221200","1.1091","1.1091","1.0888","1.0946","0.0"
"XRPUSDT","2026-07","1784224800","1.0946","1.0959","1.0882","1.0934","0.0"
"XRPUSDT","2026-07","1784228400","1.0934","1.0993","1.0931","1.0973","0.0"
"XRPUSDT","2026-07","1784232000","1.0972","1.0985","1.0952","1.0976","0.0"
"XRPUSDT","2026-07","1784235600","1.0975","1.0989","1.0956","1.098","0.0"
"XRPUSDT","2026-07","1784239200","1.0981","1.0991","1.0897","1.0903","0.0"
"XRPUSDT","2026-07","1784242800","1.0903","1.0912","1.0853","1.0871","0.0"
"XRPUSDT","2026-07","1784246400","1.087","1.0919","1.0829","1.0919","0.0"
"XRPUSDT","2026-07","1784250000","1.0919","1.0956","1.0858","1.0878","0.0"
"XRPUSDT","2026-07","1784253600","1.0878","1.0911","1.0856","1.088","0.0"
"XRPUSDT","2026-07","1784257200","1.0881","1.0949","1.088","1.0925","0.0"
"XRPUSDT","2026-07","1784260800","1.0924","1.0927","1.0876","1.0903","0.0"
"XRPUSDT","2026-07","1784264400","1.0902","1.0906","1.0796","1.0805","0.0"
"XRPUSDT","2026-07","1784268000","1.0805","1.0878","1.0793","1.0872","0.0"
"XRPUSDT","2026-07","1784271600","1.0872","1.0873","1.0825","1.0837","0.0"
"XRPUSDT","2026-07","1784275200","1.0838","1.0861","1.0793","1.0848","0.0"
"XRPUSDT","2026-07","1784278800","1.0849","1.0885","1.0846","1.0851","0.0"
"XRPUSDT","2026-07","1784282400","1.0852","1.0882","1.085","1.0865","0.0"
"XRPUSDT","2026-07","1784286000","1.0864","1.0871","1.0836","1.0847","0.0"
"XRPUSDT","2026-07","1784289600","1.0846","1.0848","1.078","1.0782","0.0"
"XRPUSDT","2026-07","1784293200","1.0781","1.0807","1.0698","1.0803","0.0"
"XRPUSDT","2026-07","1784296800","1.0804","1.0867","1.0803","1.0825","0.0"
"XRPUSDT","2026-07","1784300400","1.0825","1.0835","1.0743","1.0831","0.0"
"XRPUSDT","2026-07","1784304000","1.0832","1.0901","1.0811","1.0863","0.0"
"XRPUSDT","2026-07","1784307600","1.0864","1.0958","1.0864","1.0919","0.0"
"XRPUSDT","2026-07","1784311200","1.0919","1.0942","1.0877","1.0923","0.0"
"XRPUSDT","2026-07","1784314800","1.0923","1.0933","1.0858","1.0913","0.0"
"XRPUSDT","2026-07","1784318400","1.0913","1.0914","1.0867","1.0885","0.0"
"XRPUSDT","2026-07","1784322000","1.0886","1.0913","1.088","1.0885","0.0"
"XRPUSDT","2026-07","1784325600","1.0886","1.0891","1.087","1.0884","0.0"
"XRPUSDT","2026-07","1784329200","1.0883","1.0904","1.0868","1.089","0.0"
"XRPUSDT","2026-07","1784332800","1.0891","1.091","1.088","1.0882","0.0"
"XRPUSDT","2026-07","1784336400","1.0882","1.09","1.0872","1.0884","0.0"
"XRPUSDT","2026-07","1784340000","1.0885","1.0915","1.088","1.0902","0.0"
"XRPUSDT","2026-07","1784343600","1.0902","1.0915","1.089","1.0901","0.0"
"XRPUSDT","2026-07","1784347200","1.0902","1.0903","1.0878","1.088","0.0"
"XRPUSDT","2026-07","1784350800","1.088","1.0897","1.0869","1.0881","0.0"
"XRPUSDT","2026-07","1784354400","1.088","1.0899","1.087","1.0892","0.0"
"XRPUSDT","2026-07","1784358000","1.0893","1.0907","1.088","1.0889","0.0"
"XRPUSDT","2026-07","1784361600","1.0889","1.0918","1.0878","1.0895","0.0"
"XRPUSDT","2026-07","1784365200","1.0894","1.0898","1.0838","1.0861","0.0"
"XRPUSDT","2026-07","1784368800","1.0861","1.088","1.0861","1.087","0.0"
"XRPUSDT","2026-07","1784372400","1.0871","1.0896","1.0863","1.0888","0.0"
"XRPUSDT","2026-07","1784376000","1.0888","1.0911","1.0859","1.0893","0.0"
"XRPUSDT","2026-07","1784379600","1.0893","1.0893","1.0836","1.0859","0.0"
"XRPUSDT","2026-07","1784383200","1.086","1.0894","1.085","1.0889","0.0"
"XRPUSDT","2026-07","1784386800","1.0889","1.0895","1.0858","1.0864","0.0"
"XRPUSDT","2026-07","1784390400","1.0865","1.0909","1.0865","1.0898","0.0"
"XRPUSDT","2026-07","1784394000","1.0899","1.0944","1.0877","1.0935","0.0"
"XRPUSDT","2026-07","1784397600","1.0936","1.0961","1.09","1.0908","0.0"
"XRPUSDT","2026-07","1784401200","1.0909","1.094","1.0905","1.0935","0.0"
"XRPUSDT","2026-07","1784404800","1.0936","1.0968","1.0927","1.0934","0.0"
"XRPUSDT","2026-07","1784408400","1.0935","1.0984","1.0921","1.0938","0.0"
"XRPUSDT","2026-07","1784412000","1.0938","1.0957","1.0917","1.0933","0.0"
"XRPUSDT","2026-07","1784415600","1.0933","1.0939","1.0914","1.0929","0.0"
"XRPUSDT","2026-07","1784419200","1.0929","1.0945","1.0919","1.0945","0.0"
"XRPUSDT","2026-07","1784422800","1.0946","1.0946","1.0926","1.0938","0.0"
"XRPUSDT","2026-07","1784426400","1.0939","1.0999","1.0939","1.097","0.0"
"XRPUSDT","2026-07","1784430000","1.0971","1.0977","1.0928","1.095","0.0"
"XRPUSDT","2026-07","1784433600","1.095","1.0984","1.0933","1.0966","0.0"
"XRPUSDT","2026-07","1784437200","1.0967","1.0979","1.0956","1.0965","0.0"
"XRPUSDT","2026-07","1784440800","1.0965","1.0983","1.0957","1.0963","0.0"
"XRPUSDT","2026-07","1784444400","1.0964","1.0975","1.095","1.0954","0.0"
"XRPUSDT","2026-07","1784448000","1.0955","1.0985","1.095","1.0983","0.0"
"XRPUSDT","2026-07","1784451600","1.0982","1.0993","1.0948","1.0954","0.0"
"XRPUSDT","2026-07","1784455200","1.0955","1.0997","1.094","1.0979","0.0"
"XRPUSDT","2026-07","1784458800","1.098","1.0995","1.0964","1.097","0.0"
"XRPUSDT","2026-07","1784462400","1.0971","1.0971","1.0909","1.0956","0.0"
"XRPUSDT","2026-07","1784466000","1.0956","1.0959","1.0924","1.0943","0.0"
"XRPUSDT","2026-07","1784469600","1.0943","1.1018","1.0926","1.0987","0.0"
"XRPUSDT","2026-07","1784473200","1.0987","1.0995","1.097","1.0978","0.0"
"XRPUSDT","2026-07","1784476800","1.0979","1.0983","1.0942","1.0942","0.0"
"XRPUSDT","2026-07","1784480400","1.0942","1.0966","1.0893","1.0944","0.0"
"XRPUSDT","2026-07","1784484000","1.0945","1.0945","1.0897","1.0925","0.0"
"XRPUSDT","2026-07","1784487600","1.0926","1.0952","1.0917","1.0949","0.0"
"XRPUSDT","2026-07","1784491200","1.0949","1.0981","1.0949","1.097","0.0"
"XRPUSDT","2026-07","1784494800","1.097","1.0973","1.0918","1.0931","0.0"
"XRPUSDT","2026-07","1784498400","1.0931","1.1017","1.0922","1.0975","0.0"
"XRPUSDT","2026-07","1784502000","1.0976","1.0983","1.0937","1.0978","0.0"
"XRPUSDT","2026-07","1784505600","1.0978","1.1065","1.0933","1.0961","0.0"
"XRPUSDT","2026-07","1784509200","1.0962","1.1083","1.0946","1.0967","0.0"
"XRPUSDT","2026-07","1784512800","1.0967","1.1036","1.0962","1.1012","0.0"
"XRPUSDT","2026-07","1784516400","1.1012","1.1021","1.097","1.0999","0.0"
"XRPUSDT","2026-07","1784520000","1.1","1.1004","1.0951","1.096","0.0"
"XRPUSDT","2026-07","1784523600","1.0959","1.0961","1.0865","1.088","0.0"
"XRPUSDT","2026-07","1784527200","1.088","1.0897","1.0835","1.0855","0.0"
"XRPUSDT","2026-07","1784530800","1.0856","1.0909","1.0831","1.0902","0.0"
"XRPUSDT","2026-07","1784534400","1.0903","1.0919","1.0862","1.0882","0.0"
"XRPUSDT","2026-07","1784538000","1.0882","1.0932","1.0871","1.09","0.0"
"XRPUSDT","2026-07","1784541600","1.09","1.095","1.0897","1.0929","0.0"
"XRPUSDT","2026-07","1784545200","1.0928","1.107","1.092","1.1059","0.0"
"XRPUSDT","2026-07","1784548800","1.1058","1.106","1.0981","1.0997","0.0"
"XRPUSDT","2026-07","1784552400","1.0997","1.1012","1.0895","1.0911","0.0"
"XRPUSDT","2026-07","1784556000","1.0911","1.0951","1.0864","1.0934","0.0"
"XRPUSDT","2026-07","1784559600","1.0935","1.1141","1.0933","1.1126","0.0"
"XRPUSDT","2026-07","1784563200","1.1126","1.115","1.1101","1.1142","0.0"
"XRPUSDT","2026-07","1784566800","1.1142","1.1173","1.1106","1.1151","0.0"
"XRPUSDT","2026-07","1784570400","1.1151","1.1207","1.1135","1.1143","0.0"
"XRPUSDT","2026-07","1784574000","1.1142","1.1184","1.1113","1.1167","0.0"
"XRPUSDT","2026-07","1784577600","1.1168","1.1172","1.1128","1.1147","0.0"
"XRPUSDT","2026-07","1784581200","1.1147","1.1186","1.1145","1.1152","0.0"
"XRPUSDT","2026-07","1784584800","1.1152","1.1152","1.1083","1.1098","0.0"
"XRPUSDT","2026-07","1784588400","1.1098","1.1145","1.1095","1.1124","0.0"
"XRPUSDT","2026-07","1784592000","1.1124","1.1178","1.1111","1.1163","0.0"
"XRPUSDT","2026-07","1784595600","1.1162","1.1203","1.1136","1.114","0.0"
"XRPUSDT","2026-07","1784599200","1.114","1.1213","1.112","1.1191","0.0"
"XRPUSDT","2026-07","1784602800","1.1191","1.1258","1.1191","1.1244","0.0"
"XRPUSDT","2026-07","1784606400","1.1244","1.1284","1.1216","1.1265","0.0"
"XRPUSDT","2026-07","1784610000","1.1265","1.1385","1.1257","1.1313","0.0"
"XRPUSDT","2026-07","1784613600","1.1312","1.1369","1.1291","1.1342","0.0"
"XRPUSDT","2026-07","1784617200","1.1342","1.1366","1.1316","1.1362","0.0"
"XRPUSDT","2026-07","1784620800","1.1362","1.1379","1.1329","1.1333","0.0"
"XRPUSDT","2026-07","1784624400","1.1332","1.1365","1.131","1.1347","0.0"
"XRPUSDT","2026-07","1784628000","1.1348","1.1356","1.1297","1.1314","0.0"
"XRPUSDT","2026-07","1784631600","1.1313","1.1372","1.1296","1.1363","0.0"
"XRPUSDT","2026-07","1784635200","1.1364","1.1418","1.1345","1.1418","0.0"
"XRPUSDT","2026-07","1784638800","1.1417","1.145","1.1384","1.1408","0.0"
"XRPUSDT","2026-07","1784642400","1.1409","1.1518","1.1398","1.1488","0.0"
"XRPUSDT","2026-07","1784646000","1.1487","1.1569","1.145","1.1548","0.0"
"XRPUSDT","2026-07","1784649600","1.1548","1.1583","1.1484","1.1507","0.0"
"XRPUSDT","2026-07","1784653200","1.1507","1.1618","1.1482","1.1578","0.0"
"XRPUSDT","2026-07","1784656800","1.1578","1.1642","1.153","1.158","0.0"
"XRPUSDT","2026-07","1784660400","1.1581","1.1646","1.1531","1.157","0.0"
"XRPUSDT","2026-07","1784664000","1.1571","1.1577","1.1486","1.1489","0.0"
"XRPUSDT","2026-07","1784667600","1.1489","1.1489","1.1453","1.1468","0.0"
"XRPUSDT","2026-07","1784671200","1.1468","1.1469","1.1397","1.1421","0.0"
"XRPUSDT","2026-07","1784674800","1.1422","1.1438","1.1383","1.1436","0.0"
"XRPUSDT","2026-07","1784678400","1.1437","1.1478","1.1422","1.1458","0.0"
"XRPUSDT","2026-07","1784682000","1.1458","1.1463","1.1422","1.1442","0.0"
"XRPUSDT","2026-07","1784685600","1.1443","1.1462","1.1407","1.1412","0.0"
"XRPUSDT","2026-07","1784689200","1.1412","1.1417","1.1384","1.1391","0.0"
"XRPUSDT","2026-07","1784692800","1.139","1.1423","1.1385","1.142","0.0"
"XRPUSDT","2026-07","1784696400","1.142","1.1423","1.1332","1.1335","0.0"
"XRPUSDT","2026-07","1784700000","1.1334","1.1343","1.1295","1.1321","0.0"
"XRPUSDT","2026-07","1784703600","1.1322","1.1339","1.1288","1.1309","0.0"
"XRPUSDT","2026-07","1784707200","1.1309","1.136","1.1308","1.1348","0.0"
"XRPUSDT","2026-07","1784710800","1.1347","1.1366","1.1325","1.135","0.0"
"XRPUSDT","2026-07","1784714400","1.1351","1.1397","1.1343","1.1389","0.0"
"XRPUSDT","2026-07","1784718000","1.1389","1.1405","1.1371","1.1387","0.0"
"XRPUSDT","2026-07","1784721600","1.1387","1.1388","1.1334","1.1368","0.0"
"XRPUSDT","2026-07","1784725200","1.1368","1.1439","1.1354","1.1428","0.0"
"XRPUSDT","2026-07","1784728800","1.1428","1.1497","1.1362","1.1422","0.0"
"XRPUSDT","2026-07","1784732400","1.1423","1.156","1.1423","1.1513","0.0"
"XRPUSDT","2026-07","1784736000","1.1514","1.1574","1.1467","1.1534","0.0"
"XRPUSDT","2026-07","1784739600","1.1534","1.1538","1.1442","1.1477","0.0"
"XRPUSDT","2026-07","1784743200","1.1477","1.1486","1.1387","1.1416","0.0"
"XRPUSDT","2026-07","1784746800","1.1416","1.1427","1.1361","1.1373","0.0"
"XRPUSDT","2026-07","1784750400","1.1373","1.1393","1.1342","1.1381","0.0"
"XRPUSDT","2026-07","1784754000","1.1381","1.1426","1.138","1.1426","0.0"
"XRPUSDT","2026-07","1784757600","1.1426","1.143","1.1388","1.1425","0.0"
"XRPUSDT","2026-07","1784761200","1.1426","1.143","1.1362","1.1421","0.0"
"XRPUSDT","2026-07","1784764800","1.1422","1.1452","1.1401","1.1411","0.0"
"XRPUSDT","2026-07","1784768400","1.141","1.1429","1.138","1.1397","0.0"
"XRPUSDT","2026-07","1784772000","1.1396","1.1396","1.134","1.1382","0.0"
"XRPUSDT","2026-07","1784775600","1.1382","1.1384","1.1334","1.1338","0.0"
"XRPUSDT","2026-07","1784779200","1.1337","1.1377","1.1325","1.1361","0.0"
"XRPUSDT","2026-07","1784782800","1.1361","1.1379","1.1334","1.1345","0.0"
"XRPUSDT","2026-07","1784786400","1.1345","1.1371","1.1334","1.1368","0.0"
"XRPUSDT","2026-07","1784790000","1.1368","1.1369","1.1296","1.1338","0.0"
"XRPUSDT","2026-07","1784793600","1.1337","1.1368","1.1326","1.1359","0.0"
"XRPUSDT","2026-07","1784797200","1.1358","1.1373","1.1328","1.1329","0.0"
"XRPUSDT","2026-07","1784800800","1.1329","1.1366","1.1316","1.1349","0.0"
"XRPUSDT","2026-07","1784804400","1.135","1.1363","1.1315","1.1324","0.0"
"XRPUSDT","2026-07","1784808000","1.1324","1.1338","1.1193","1.122","0.0"
"XRPUSDT","2026-07","1784811600","1.122","1.122","1.1111","1.1116","0.0"
"XRPUSDT","2026-07","1784815200","1.1116","1.116","1.1085","1.11","0.0"
"XRPUSDT","2026-07","1784818800","1.1101","1.1145","1.1038","1.1128","0.0"
"XRPUSDT","2026-07","1784822400","1.1128","1.1128","1.1076","1.1086","0.0"
"XRPUSDT","2026-07","1784826000","1.1085","1.1104","1.1006","1.1032","0.0"
"XRPUSDT","2026-07","1784829600","1.1032","1.1066","1.1026","1.1054","0.0"
"XRPUSDT","2026-07","1784833200","1.1055","1.1071","1.1025","1.1046","0.0"
"XRPUSDT","2026-07","1784836800","1.1045","1.1131","1.1045","1.113","0.0"
"XRPUSDT","2026-07","1784840400","1.113","1.1145","1.1093","1.1104","0.0"
"XRPUSDT","2026-07","1784844000","1.1105","1.1134","1.1078","1.1124","0.0"
"XRPUSDT","2026-07","1784847600","1.1124","1.1129","1.1067","1.1077","0.0"
"XRPUSDT","2026-07","1784851200","1.1078","1.1086","1.1038","1.1075","0.0"
"XRPUSDT","2026-07","1784854800","1.1076","1.1108","1.1069","1.1093","0.0"
"XRPUSDT","2026-07","1784858400","1.1094","1.11","1.1048","1.1065","0.0"
"XRPUSDT","2026-07","1784862000","1.1065","1.1124","1.1057","1.1113","0.0"
"XRPUSDT","2026-07","1784865600","1.1113","1.1116","1.1062","1.1071","0.0"
"XRPUSDT","2026-07","1784869200","1.1071","1.1106","1.1061","1.1101","0.0"
"XRPUSDT","2026-07","1784872800","1.1101","1.115","1.1098","1.1137","0.0"
"XRPUSDT","2026-07","1784876400","1.1138","1.1215","1.1107","1.1139","0.0"
"XRPUSDT","2026-07","1784880000","1.114","1.1148","1.1115","1.1118","0.0"
"XRPUSDT","2026-07","1784883600","1.1118","1.1123","1.108","1.1085","0.0"
"XRPUSDT","2026-07","1784887200","1.1085","1.1088","1.1048","1.1072","0.0"
"XRPUSDT","2026-07","1784890800","1.1072","1.1074","1.1017","1.104","0.0"
"XRPUSDT","2026-07","1784894400","1.1039","1.1053","1.0999","1.0999","0.0"
"XRPUSDT","2026-07","1784898000","1.0998","1.1003","1.0888","1.0928","0.0"
"XRPUSDT","2026-07","1784901600","1.0929","1.0936","1.0868","1.093","0.0"
"XRPUSDT","2026-07","1784905200","1.0929","1.0945","1.0885","1.0911","0.0"
"XRPUSDT","2026-07","1784908800","1.0912","1.0921","1.0854","1.0868","0.0"
"XRPUSDT","2026-07","1784912400","1.0867","1.0908","1.0855","1.0891","0.0"
"XRPUSDT","2026-07","1784916000","1.089","1.0891","1.085","1.0873","0.0"
"XRPUSDT","2026-07","1784919600","1.0874","1.091","1.0853","1.0894","0.0"
"XRPUSDT","2026-07","1784923200","1.0894","1.0922","1.0891","1.0909","0.0"
"XRPUSDT","2026-07","1784926800","1.0909","1.0916","1.0886","1.089","0.0"
"XRPUSDT","2026-07","1784930400","1.0889","1.0928","1.0885","1.0919","0.0"
"XRPUSDT","2026-07","1784934000","1.0919","1.0935","1.0908","1.0919","0.0"
"XRPUSDT","2026-07","1784937600","1.0919","1.0965","1.0914","1.0937","0.0"
"XRPUSDT","2026-07","1784941200","1.0938","1.0951","1.0925","1.0937","0.0"
"XRPUSDT","2026-07","1784944800","1.0936","1.0949","1.0915","1.0937","0.0"
"XRPUSDT","2026-07","1784948400","1.0937","1.0943","1.0909","1.0916","0.0"
"XRPUSDT","2026-07","1784952000","1.0915","1.0944","1.0911","1.0934","0.0"
"XRPUSDT","2026-07","1784955600","1.0935","1.094","1.0902","1.0914","0.0"
"XRPUSDT","2026-07","1784959200","1.0913","1.0924","1.0858","1.0897","0.0"
"XRPUSDT","2026-07","1784962800","1.0897","1.0898","1.0871","1.088","0.0"
"XRPUSDT","2026-07","1784966400","1.088","1.0889","1.0855","1.0868","0.0"
"XRPUSDT","2026-07","1784970000","1.0869","1.0898","1.0862","1.0886","0.0"
"XRPUSDT","2026-07","1784973600","1.0887","1.0909","1.0887","1.0909","0.0"
"XRPUSDT","2026-07","1784977200","1.0909","1.0917","1.0892","1.09","0.0"
"XRPUSDT","2026-07","1784980800","1.09","1.0912","1.0892","1.0911","0.0"
"XRPUSDT","2026-07","1784984400","1.0912","1.0935","1.0909","1.0915","0.0"
"XRPUSDT","2026-07","1784988000","1.0914","1.0939","1.0905","1.0936","0.0"
"XRPUSDT","2026-07","1784991600","1.0936","1.1006","1.0935","1.0985","0.0"
"XRPUSDT","2026-07","1784995200","1.0986","1.1035","1.0973","1.1029","0.0"
"XRPUSDT","2026-07","1784998800","1.103","1.108","1.1013","1.1035","0.0"
"XRPUSDT","2026-07","1785002400","1.1036","1.1061","1.1018","1.103","0.0"
"XRPUSDT","2026-07","1785006000","1.1031","1.1034","1.0991","1.1007","0.0"
"XRPUSDT","2026-07","1785009600","1.1006","1.1011","1.0982","1.0984","0.0"
"XRPUSDT","2026-07","1785013200","1.0984","1.1008","1.0973","1.0994","0.0"
"XRPUSDT","2026-07","1785016800","1.0994","1.1012","1.0985","1.1005","0.0"
"XRPUSDT","2026-07","1785020400","1.1005","1.1011","1.0976","1.0977","0.0"
"XRPUSDT","2026-07","1785024000","1.0977","1.1004","1.0971","1.0999","0.0"
"XRPUSDT","2026-07","1785027600","1.0999","1.1008","1.099","1.0999","0.0"
"XRPUSDT","2026-07","1785031200","1.0999","1.1011","1.0986","1.1006","0.0"
"XRPUSDT","2026-07","1785034800","1.1006","1.1023","1.0995","1.1016","0.0"
"XRPUSDT","2026-07","1785038400","1.1016","1.1045","1.0994","1.102","0.0"
"XRPUSDT","2026-07","1785042000","1.102","1.102","1.0989","1.0994","0.0"
"XRPUSDT","2026-07","1785045600","1.0994","1.1007","1.0955","1.1003","0.0"
"XRPUSDT","2026-07","1785049200","1.1004","1.1011","1.098","1.0989","0.0"
"XRPUSDT","2026-07","1785052800","1.0988","1.0998","1.0985","1.0997","0.0"
"XRPUSDT","2026-07","1785056400","1.0997","1.1013","1.0991","1.0998","0.0"
"XRPUSDT","2026-07","1785060000","1.0999","1.1016","1.099","1.1007","0.0"
"XRPUSDT","2026-07","1785063600","1.1007","1.1012","1.1","1.1005","0.0"
"XRPUSDT","2026-07","1785067200","1.1004","1.1029","1.0985","1.0987","0.0"
"XRPUSDT","2026-07","1785070800","1.0987","1.0988","1.0962","1.0977","0.0"
"XRPUSDT","2026-07","1785074400","1.0977","1.1016","1.0961","1.0998","0.0"
"XRPUSDT","2026-07","1785078000","1.0999","1.1053","1.0992","1.1047","0.0"
"XRPUSDT","2026-07","1785081600","1.1047","1.1069","1.1019","1.1031","0.0"
"XRPUSDT","2026-07","1785085200","1.1031","1.1033","1.101","1.102","0.0"
"XRPUSDT","2026-07","1785088800","1.1021","1.1032","1.1008","1.103","0.0"
"XRPUSDT","2026-07","1785092400","1.1031","1.1033","1.1014","1.1023","0.0"
"XRPUSDT","2026-07","1785096000","1.1024","1.1026","1.1008","1.1009","0.0"
"XRPUSDT","2026-07","1785099600","1.1009","1.1057","1.1001","1.1039","0.0"
"XRPUSDT","2026-07","1785103200","1.104","1.114","1.104","1.1126","0.0"
"XRPUSDT","2026-07","1785106800","1.1126","1.1167","1.1102","1.1131","0.0"
"XRPUSDT","2026-07","1785110400","1.1131","1.1134","1.107","1.1088","0.0"
"XRPUSDT","2026-07","1785114000","1.1088","1.1103","1.1025","1.1079","0.0"
"XRPUSDT","2026-07","1785117600","1.108","1.1088","1.1051","1.1057","0.0"
"XRPUSDT","2026-07","1785121200","1.1057","1.1082","1.1041","1.1074","0.0"
"XRPUSDT","2026-07","1785124800","1.1074","1.1099","1.1057","1.1064","0.0"
"XRPUSDT","2026-07","1785128400","1.1065","1.1107","1.1061","1.1104","0.0"
"XRPUSDT","2026-07","1785132000","1.1103","1.1153","1.11","1.111","0.0"
"XRPUSDT","2026-07","1785135600","1.1109","1.1117","1.1066","1.1077","0.0"
"XRPUSDT","2026-07","1785139200","1.1077","1.1081","1.1055","1.1066","0.0"
"XRPUSDT","2026-07","1785142800","1.1065","1.1092","1.1039","1.108","0.0"
"XRPUSDT","2026-07","1785146400","1.108","1.1095","1.1068","1.1078","0.0"
"XRPUSDT","2026-07","1785150000","1.1079","1.11","1.1041","1.1053","0.0"
"XRPUSDT","2026-07","1785153600","1.1052","1.1072","1.0992","1.105","0.0"
"XRPUSDT","2026-07","1785157200","1.105","1.1141","1.1024","1.1076","0.0"
"XRPUSDT","2026-07","1785160800","1.1076","1.1083","1.0856","1.0907","0.0"
"XRPUSDT","2026-07","1785164400","1.0906","1.0919","1.0862","1.0865","0.0"
"XRPUSDT","2026-07","1785168000","1.0865","1.0956","1.0858","1.0936","0.0"
"XRPUSDT","2026-07","1785171600","1.0936","1.096","1.0861","1.094","0.0"
"XRPUSDT","2026-07","1785175200","1.094","1.0949","1.0867","1.0902","0.0"
"XRPUSDT","2026-07","1785178800","1.0902","1.0955","1.0885","1.0924","0.0"
"XRPUSDT","2026-07","1785182400","1.0924","1.0939","1.0891","1.0912","0.0"
"XRPUSDT","2026-07","1785186000","1.0912","1.0919","1.0864","1.0869","0.0"
"XRPUSDT","2026-07","1785189600","1.0868","1.0869","1.0662","1.067","0.0"
"XRPUSDT","2026-07","1785193200","1.067","1.0688","1.0628","1.0661","0.0"
"XRPUSDT","2026-07","1785196800","1.0661","1.0664","1.0584","1.0592","0.0"
"XRPUSDT","2026-07","1785200400","1.0592","1.0624","1.0548","1.0579","0.0"
"XRPUSDT","2026-07","1785204000","1.0578","1.0598","1.0558","1.0576","0.0"
"XRPUSDT","2026-07","1785207600","1.0575","1.0604","1.057","1.0585","0.0"
"XRPUSDT","2026-07","1785211200","1.0585","1.0586","1.0558","1.0566","0.0"
"XRPUSDT","2026-07","1785214800","1.0566","1.061","1.0565","1.058","0.0"
"XRPUSDT","2026-07","1785218400","1.058","1.0607","1.056","1.06","0.0"
"XRPUSDT","2026-07","1785222000","1.0601","1.0605","1.0545","1.0562","0.0"
"XRPUSDT","2026-07","1785225600","1.0561","1.0576","1.0545","1.0566","0.0"
"XRPUSDT","2026-07","1785229200","1.0567","1.0602","1.0554","1.0566","0.0"
"XRPUSDT","2026-07","1785232800","1.0566","1.0577","1.0535","1.0556","0.0"
"XRPUSDT","2026-07","1785236400","1.0556","1.0559","1.0486","1.0494","0.0"
"XRPUSDT","2026-07","1785240000","1.0493","1.0546","1.0486","1.0542","0.0"
"XRPUSDT","2026-07","1785243600","1.0542","1.0559","1.045","1.0508","0.0"
"XRPUSDT","2026-07","1785247200","1.0507","1.0557","1.0465","1.0542","0.0"
"XRPUSDT","2026-07","1785250800","1.0542","1.0679","1.0521","1.0652","0.0"
"XRPUSDT","2026-07","1785254400","1.0653","1.0666","1.062","1.064","0.0"
"XRPUSDT","2026-07","1785258000","1.0639","1.064","1.0554","1.0581","0.0"
"XRPUSDT","2026-07","1785261600","1.0582","1.0606","1.0556","1.058","0.0"
"XRPUSDT","2026-07","1785265200","1.058","1.0633","1.0573","1.0612","0.0"
"XRPUSDT","2026-07","1785268800","1.0613","1.0639","1.0602","1.0637","0.0"
"XRPUSDT","2026-07","1785272400","1.0638","1.0697","1.0637","1.069","0.0"
"XRPUSDT","2026-07","1785276000","1.0691","1.0706","1.063","1.0634","0.0"
"XRPUSDT","2026-07","1785279600","1.0633","1.0699","1.0592","1.069","0.0"
"XRPUSDT","2026-07","1785283200","1.0691","1.0805","1.0691","1.0794","0.0"
"XRPUSDT","2026-07","1785286800","1.0794","1.0811","1.0716","1.0719","0.0"
"XRPUSDT","2026-07","1785290400","1.0719","1.0825","1.0701","1.0794","0.0"
"XRPUSDT","2026-07","1785294000","1.0794","1.081","1.0709","1.0714","0.0"
"XRPUSDT","2026-07","1785297600","1.0714","1.081","1.068","1.0806","0.0"
"XRPUSDT","2026-07","1785301200","1.0805","1.0911","1.0805","1.0858","0.0"
"XRPUSDT","2026-07","1785304800","1.0859","1.0899","1.0829","1.0877","0.0"
"XRPUSDT","2026-07","1785308400","1.0878","1.0905","1.0866","1.0903","0.0"
"XRPUSDT","2026-07","1785312000","1.0903","1.0914","1.085","1.0871","0.0"
"XRPUSDT","2026-07","1785315600","1.0872","1.0937","1.0871","1.0885","0.0"
"XRPUSDT","2026-07","1785319200","1.0885","1.09","1.0862","1.0873","0.0"
"XRPUSDT","2026-07","1785322800","1.0873","1.089","1.084","1.0841","0.0"
"XRPUSDT","2026-07","1785326400","1.0841","1.0843","1.0752","1.078","0.0"
"XRPUSDT","2026-07","1785330000","1.0781","1.0785","1.0709","1.0756","0.0"
"XRPUSDT","2026-07","1785333600","1.0756","1.0765","1.0695","1.0724","0.0"
"XRPUSDT","2026-07","1785337200","1.0724","1.0737","1.0669","1.0683","0.0"
"XRPUSDT","2026-07","1785340800","1.0683","1.0725","1.0662","1.0698","0.0"
"XRPUSDT","2026-07","1785344400","1.0699","1.0807","1.0699","1.0805","0.0"
"XRPUSDT","2026-07","1785348000","1.0805","1.0912","1.0762","1.0869","0.0"
"XRPUSDT","2026-07","1785351600","1.087","1.0898","1.0678","1.0696","0.0"
"XRPUSDT","2026-07","1785355200","1.0696","1.0708","1.0622","1.066","0.0"
"XRPUSDT","2026-07","1785358800","1.0661","1.0788","1.0639","1.0747","0.0"
"XRPUSDT","2026-07","1785362400","1.0748","1.0795","1.0735","1.0742","0.0"
"XRPUSDT","2026-07","1785366000","1.0742","1.0754","1.0708","1.0737","0.0"
"XRPUSDT","2026-07","1785369600","1.0737","1.0771","1.0685","1.0704","0.0"
"XRPUSDT","2026-07","1785373200","1.0705","1.0811","1.07","1.0783","0.0"
"XRPUSDT","2026-07","1785376800","1.0783","1.0805","1.0753","1.0755","0.0"
"XRPUSDT","2026-07","1785380400","1.0755","1.0781","1.0745","1.0753","0.0"
"XRPUSDT","2026-07","1785384000","1.0753","1.0764","1.0729","1.0742","0.0"
"XRPUSDT","2026-07","1785387600","1.0742","1.078","1.0724","1.0764","0.0"
"XRPUSDT","2026-07","1785391200","1.0764","1.0777","1.0722","1.0737","0.0"
"XRPUSDT","2026-07","1785394800","1.0737","1.08","1.0736","1.0769","0.0"
"XRPUSDT","2026-07","1785398400","1.0769","1.0807","1.0751","1.0784","0.0"
"XRPUSDT","2026-07","1785402000","1.0785","1.0831","1.0784","1.081","0.0"
"XRPUSDT","2026-07","1785405600","1.081","1.0827","1.078","1.079","0.0"
"XRPUSDT","2026-07","1785409200","1.0791","1.085","1.0785","1.0838","0.0"
"XRPUSDT","2026-07","1785412800","1.0839","1.0859","1.0816","1.0834","0.0"
"XRPUSDT","2026-07","1785416400","1.0835","1.089","1.0795","1.0854","0.0"
"XRPUSDT","2026-07","1785420000","1.0855","1.0906","1.0816","1.0873","0.0"
"XRPUSDT","2026-07","1785423600","1.0874","1.095","1.0856","1.0922","0.0"
"XRPUSDT","2026-07","1785427200","1.0923","1.094","1.0885","1.09","0.0"
"XRPUSDT","2026-07","1785430800","1.09","1.093","1.0872","1.0911","0.0"
"XRPUSDT","2026-07","1785434400","1.0911","1.0925","1.0848","1.0854","0.0"
"XRPUSDT","2026-07","1785438000","1.0854","1.091","1.0848","1.0898","0.0"
"XRPUSDT","2026-07","1785441600","1.0898","1.0922","1.0852","1.0854","0.0"
"XRPUSDT","2026-07","1785445200","1.0853","1.087","1.084","1.0845","0.0"
"XRPUSDT","2026-07","1785448800","1.0844","1.0891","1.0836","1.0859","0.0"
"XRPUSDT","2026-07","1785452400","1.0859","1.0898","1.0824","1.0829","0.0"
"XRPUSDT","2026-07","1785456000","1.083","1.0853","1.0809","1.0819","0.0"
"XRPUSDT","2026-07","1785459600","1.082","1.09","1.0792","1.0808","0.0"
"XRPUSDT","2026-07","1785463200","1.0808","1.0826","1.079","1.0807","0.0"
"XRPUSDT","2026-07","1785466800","1.0808","1.083","1.0782","1.0817","0.0"
"XRPUSDT","2026-07","1785470400","1.0817","1.0829","1.0809","1.0817","0.0"
"XRPUSDT","2026-07","1785474000","1.0817","1.0833","1.0791","1.0803","0.0"
"XRPUSDT","2026-07","1785477600","1.0804","1.0843","1.0794","1.0803","0.0"
"XRPUSDT","2026-07","1785481200","1.0803","1.0803","1.074","1.0797","0.0"
"XRPUSDT","2026-07","1785484800","1.0796","1.0803","1.0756","1.0774","0.0"
"XRPUSDT","2026-07","1785488400","1.0774","1.0777","1.0711","1.0719","0.0"
"XRPUSDT","2026-07","1785492000","1.0719","1.0751","1.0709","1.0737","0.0"
"XRPUSDT","2026-07","1785495600","1.0737","1.0758","1.0711","1.0724","0.0"
"XRPUSDT","2026-07","1785499200","1.0725","1.0729","1.07","1.0721","0.0"
"XRPUSDT","2026-07","1785502800","1.0721","1.0742","1.0658","1.0662","0.0"
"XRPUSDT","2026-07","1785506400","1.0661","1.0678","1.0571","1.0632","0.0"
"XRPUSDT","2026-07","1785510000","1.0632","1.0653","1.0584","1.0606","0.0"
"XRPUSDT","2026-07","1785513600","1.0606","1.064","1.0601","1.0637","0.0"
"XRPUSDT","2026-07","1785517200","1.0636","1.0712","1.0634","1.0697","0.0"
"XRPUSDT","2026-07","1785520800","1.0697","1.0706","1.0636","1.0653","0.0"
"XRPUSDT","2026-07","1785524400","1.0653","1.0664","1.061","1.0618","0.0"
"XRPUSDT","2026-07","1785528000","1.0618","1.0651","1.0616","1.0621","0.0"
"XRPUSDT","2026-07","1785531600","1.0621","1.0653","1.0594","1.0609","0.0"
"XRPUSDT","2026-07","1785535200","1.0609","1.0644","1.0597","1.062","0.0"
"XRPUSDT","2026-07","1785538800","1.0621","1.0638","1.061","1.0619","0.0"
"XRPUSDT","2026-08","1785542400","1.0619","1.0639","1.0619","1.0631","0.0"
"XRPUSDT","2026-08","1785546000","1.063","1.0654","1.063","1.0651","0.0"
"XRPUSDT","2026-08","1785549600","1.0651","1.0668","1.065","1.0658","0.0"
"XRPUSDT","2026-08","1785553200","1.0658","1.0666","1.0645","1.066","0.0"
"XRPUSDT","2026-08","1785556800","1.0661","1.0674","1.0655","1.067","0.0"
"XRPUSDT","2026-08","1785560400","1.067","1.067","1.0627","1.0641","0.0"
"XRPUSDT","2026-08","1785564000","1.0641","1.0653","1.0632","1.0641","0.0"
"XRPUSDT","2026-08","1785567600","1.0641","1.0642","1.0615","1.062","0.0"
"XRPUSDT","2026-08","1785571200","1.062","1.0629","1.0615","1.0626","0.0"
"XRPUSDT","2026-08","1785574800","1.0626","1.0633","1.0612","1.0613","0.0"
"XRPUSDT","2026-08","1785578400","1.0613","1.0639","1.06","1.0626","0.0"
"XRPUSDT","2026-08","1785582000","1.0627","1.0638","1.0619","1.0638","0.0"
"XRPUSDT","2026-08","1785585600","1.0638","1.0649","1.0634","1.0644","0.0"
"XRPUSDT","2026-08","1785589200","1.0644","1.0649","1.0632","1.0635","0.0"
"XRPUSDT","2026-08","1785592800","1.0635","1.0663","1.0635","1.0662","0.0"
"XRPUSDT","2026-08","1785596400","1.0663","1.0663","1.0629","1.0629","0.0"
"XRPUSDT","2026-08","1785600000","1.0628","1.0646","1.0599","1.0612","0.0"
"XRPUSDT","2026-08","1785603600","1.0612","1.0621","1.057","1.0593","0.0"
"XRPUSDT","2026-08","1785607200","1.0592","1.06","1.0473","1.0533","0.0"
"XRPUSDT","2026-08","1785610800","1.0533","1.0545","1.0515","1.0525","0.0"
"XRPUSDT","2026-08","1785614400","1.0525","1.0564","1.0517","1.0555","0.0"
"XRPUSDT","2026-08","1785618000","1.0556","1.061","1.0555","1.0606","0.0"
"XRPUSDT","2026-08","1785621600","1.0606","1.0622","1.0597","1.0607","0.0"
"XRPUSDT","2026-08","1785625200","1.0608","1.062","1.0595","1.0604","0.0"
"XRPUSDT","2026-08","1785628800","1.0605","1.0627","1.0605","1.0625","0.0"
"XRPUSDT","2026-08","1785632400","1.0625","1.0685","1.0625","1.0663","0.0"
"XRPUSDT","2026-08","1785636000","1.0664","1.0763","1.0663","1.0763","0.0"
"XRPUSDT","2026-08","1785639600","1.0764","1.0804","1.075","1.0774","0.0"
"XRPUSDT","2026-08","1785643200","1.0775","1.084","1.077","1.0819","0.0"
"XRPUSDT","2026-08","1785646800","1.0819","1.0843","1.0805","1.0831","0.0"
"XRPUSDT","2026-08","1785650400","1.0831","1.0859","1.0815","1.0826","0.0"
"XRPUSDT","2026-08","1785654000","1.0826","1.0853","1.082","1.0836","0.0"
"XRPUSDT","2026-08","1785657600","1.0837","1.0846","1.0787","1.0799","0.0"
"XRPUSDT","2026-08","1785661200","1.0799","1.0838","1.0765","1.0828","0.0"
"XRPUSDT","2026-08","1785664800","1.0828","1.0828","1.0794","1.0809","0.0"
"XRPUSDT","2026-08","1785668400","1.0809","1.0826","1.0783","1.0794","0.0"
"XRPUSDT","2026-08","1785672000","1.0795","1.0818","1.0773","1.0775","0.0"
"XRPUSDT","2026-08","1785675600","1.0774","1.0814","1.0773","1.0808","0.0"
"XRPUSDT","2026-08","1785679200","1.0809","1.0832","1.0798","1.0817","0.0"
"XRPUSDT","2026-08","1785682800","1.0817","1.0828","1.0798","1.0801","0.0"
"XRPUSDT","2026-08","1785686400","1.0802","1.0819","1.0776","1.0808","0.0"
"XRPUSDT","2026-08","1785690000","1.0809","1.0832","1.0802","1.0821","0.0"
"XRPUSDT","2026-08","1785693600","1.082","1.087","1.0808","1.0814","0.0"
"XRPUSDT","2026-08","1785697200","1.0813","1.0827","1.08","1.082","0.0"
"XRPUSDT","2026-08","1785700800","1.082","1.0823","1.0802","1.0814","0.0"
"XRPUSDT","2026-08","1785704400","1.0815","1.09","1.0814","1.0868","0.0"
"XRPUSDT","2026-08","1785708000","1.0868","1.0933","1.0855","1.0855","0.0"
"XRPUSDT","2026-08","1785711600","1.0854","1.087","1.0826","1.0869","0.0"
"XRPUSDT","2026-08","1785715200","1.0869","1.0878","1.0802","1.0811","0.0"
"XRPUSDT","2026-08","1785718800","1.081","1.0815","1.0747","1.0755","0.0"
"XRPUSDT","2026-08","1785722400","1.0755","1.0772","1.0731","1.0741","0.0"
"XRPUSDT","2026-08","1785726000","1.074","1.0743","1.0684","1.0713","0.0"
"XRPUSDT","2026-08","1785729600","1.0712","1.0736","1.0701","1.0702","0.0"
"XRPUSDT","2026-08","1785733200","1.0703","1.0729","1.0701","1.0723","0.0"
"XRPUSDT","2026-08","1785736800","1.0724","1.0731","1.0681","1.0683","0.0"
"XRPUSDT","2026-08","1785740400","1.0683","1.0699","1.0663","1.0682","0.0"
"XRPUSDT","2026-08","1785744000","1.0682","1.0688","1.0628","1.0676","0.0"
"XRPUSDT","2026-08","1785747600","1.0675","1.0722","1.0666","1.0716","0.0"
"XRPUSDT","2026-08","1785751200","1.0715","1.0724","1.0683","1.0702","0.0"
"XRPUSDT","2026-08","1785754800","1.0703","1.0705","1.0637","1.0644","0.0"
"XRPUSDT","2026-08","1785758400","1.0645","1.0665","1.0642","1.0661","0.0"
"XRPUSDT","2026-08","1785762000","1.066","1.0765","1.0654","1.0761","0.0"
"XRPUSDT","2026-08","1785765600","1.076","1.0836","1.0728","1.083","0.0"
"XRPUSDT","2026-08","1785769200","1.0829","1.0873","1.0783","1.0839","0.0"
"XRPUSDT","2026-08","1785772800","1.0839","1.0852","1.0791","1.0819","0.0"
"XRPUSDT","2026-08","1785776400","1.082","1.085","1.08","1.0813","0.0"
"XRPUSDT","2026-08","1785780000","1.0812","1.0843","1.0807","1.082","0.0"
"XRPUSDT","2026-08","1785783600","1.0821","1.0832","1.0791","1.0801","0.0"
"XRPUSDT","2026-08","1785787200","1.0802","1.084","1.0791","1.0839","0.0"
"XRPUSDT","2026-08","1785790800","1.0839","1.0842","1.08","1.0802","0.0"
"XRPUSDT","2026-08","1785794400","1.0802","1.0803","1.0743","1.076","0.0"
"XRPUSDT","2026-08","1785798000","1.0759","1.076","1.0732","1.0758","0.0"
"XRPUSDT","2026-08","1785801600","1.0758","1.0765","1.07","1.0705","0.0"
"XRPUSDT","2026-08","1785805200","1.0706","1.0793","1.07","1.0783","0.0"
"XRPUSDT","2026-08","1785808800","1.0784","1.0809","1.075","1.0779","0.0"
"XRPUSDT","2026-08","1785812400","1.0779","1.0788","1.0743","1.0774","0.0"
"XRPUSDT","2026-08","1785816000","1.0774","1.082","1.0762","1.0792","0.0"
"XRPUSDT","2026-08","1785819600","1.0792","1.08","1.0762","1.0763","0.0"
"XRPUSDT","2026-08","1785823200","1.0764","1.0773","1.0728","1.0739","0.0"
"XRPUSDT","2026-08","1785826800","1.0738","1.0796","1.0718","1.0788","0.0"
"XRPUSDT","2026-08","1785830400","1.0788","1.0797","1.074","1.0749","0.0"
"XRPUSDT","2026-08","1785834000","1.075","1.075","1.0724","1.0729","0.0"
"XRPUSDT","2026-08","1785837600","1.073","1.0772","1.0703","1.0752","0.0"
"XRPUSDT","2026-08","1785841200","1.0752","1.0793","1.074","1.0793","0.0"
"XRPUSDT","2026-08","1785844800","1.0792","1.0792","1.0755","1.0765","0.0"
"XRPUSDT","2026-08","1785848400","1.0765","1.0789","1.0716","1.0721","0.0"
"XRPUSDT","2026-08","1785852000","1.0722","1.0771","1.071","1.0762","0.0"
"XRPUSDT","2026-08","1785855600","1.0762","1.0805","1.0723","1.0775","0.0"
"XRPUSDT","2026-08","1785859200","1.0774","1.0776","1.0734","1.0744","0.0"
"XRPUSDT","2026-08","1785862800","1.0744","1.0783","1.0727","1.0738","0.0"
"XRPUSDT","2026-08","1785866400","1.0738","1.0799","1.0738","1.077","0.0"
"XRPUSDT","2026-08","1785870000","1.077","1.0828","1.0762","1.0802","0.0"
"XRPUSDT","2026-08","1785873600","1.0801","1.0803","1.0744","1.078","0.0"
"XRPUSDT","2026-08","1785877200","1.0781","1.0784","1.076","1.0764","0.0"
"XRPUSDT","2026-08","1785880800","1.0764","1.0774","1.0744","1.0761","0.0"
"XRPUSDT","2026-08","1785884400","1.0762","1.079","1.0735","1.0739","0.0"
"XRPUSDT","2026-08","1785888000","1.0738","1.0743","1.0692","1.0703","0.0"
"XRPUSDT","2026-08","1785891600","1.0702","1.0736","1.0684","1.0732","0.0"
"XRPUSDT","2026-08","1785895200","1.0733","1.077","1.0728","1.0741","0.0"
"XRPUSDT","2026-08","1785898800","1.0742","1.075","1.066","1.0677","0.0"
"XRPUSDT","2026-08","1785902400","1.0677","1.068","1.0664","1.0673","0.0"
"XRPUSDT","2026-08","1785906000","1.0672","1.073","1.0669","1.0697","0.0"
"XRPUSDT","2026-08","1785909600","1.0697","1.0709","1.0684","1.0689","0.0"
"XRPUSDT","2026-08","1785913200","1.0689","1.0692","1.0641","1.0673","0.0"
"XRPUSDT","2026-08","1785916800","1.0673","1.068","1.0653","1.0658","0.0"
"XRPUSDT","2026-08","1785920400","1.0657","1.067","1.0647","1.0648","0.0"
"XRPUSDT","2026-08","1785924000","1.0647","1.0648","1.0612","1.0617","0.0"
"XRPUSDT","2026-08","1785927600","1.0617","1.0627","1.0603","1.061","0.0"
"XRPUSDT","2026-08","1785931200","1.061","1.0688","1.0608","1.0637","0.0"
"XRPUSDT","2026-08","1785934800","1.0638","1.0641","1.055","1.0619","0.0"
"XRPUSDT","2026-08","1785938400","1.0618","1.0657","1.0597","1.0653","0.0"
"XRPUSDT","2026-08","1785942000","1.0653","1.0674","1.0605","1.0607","0.0"
"XRPUSDT","2026-08","1785945600","1.0608","1.0694","1.0607","1.0673","0.0"
"XRPUSDT","2026-08","1785949200","1.0674","1.0719","1.0668","1.0705","0.0"
"XRPUSDT","2026-08","1785952800","1.0705","1.0733","1.0687","1.0695","0.0"
"XRPUSDT","2026-08","1785956400","1.0694","1.0721","1.0685","1.07","0.0"
"XRPUSDT","2026-08","1785960000","1.07","1.0727","1.0677","1.0697","0.0"
"XRPUSDT","2026-08","1785963600","1.0698","1.0698","1.0642","1.0651","0.0"
"XRPUSDT","2026-08","1785967200","1.0652","1.0657","1.0623","1.0623","0.0"
"XRPUSDT","2026-08","1785970800","1.0623","1.0635","1.0607","1.0623","0.0"
"XRPUSDT","2026-08","1785974400","1.0623","1.0638","1.0613","1.0627","0.0"
"XRPUSDT","2026-08","1785978000","1.0628","1.0628","1.0533","1.054","0.0"
"XRPUSDT","2026-08","1785981600","1.0539","1.0549","1.0416","1.0472","0.0"
"XRPUSDT","2026-08","1785985200","1.0473","1.0479","1.0415","1.0435","0.0"
"XRPUSDT","2026-08","1785988800","1.0434","1.0485","1.04","1.048","0.0"
"XRPUSDT","2026-08","1785992400","1.048","1.0524","1.048","1.0523","0.0"
"XRPUSDT","2026-08","1785996000","1.0524","1.0524","1.0498","1.0517","0.0"
"XRPUSDT","2026-08","1785999600","1.0518","1.052","1.0483","1.0493","0.0"
"XRPUSDT","2026-08","1786003200","1.0492","1.0584","1.0483","1.0559","0.0"
"XRPUSDT","2026-08","1786006800","1.056","1.0569","1.0418","1.0452","0.0"
"XRPUSDT","2026-08","1786010400","1.0452","1.0476","1.0425","1.0476","0.0"
"XRPUSDT","2026-08","1786014000","1.0477","1.0516","1.0457","1.0504","0.0"
"XRPUSDT","2026-08","1786017600","1.0504","1.0505","1.046","1.0467","0.0"
"XRPUSDT","2026-08","1786021200","1.0467","1.0475","1.0426","1.0458","0.0"
"XRPUSDT","2026-08","1786024800","1.0458","1.0483","1.0425","1.0479","0.0"
"XRPUSDT","2026-08","1786028400","1.0478","1.0543","1.0475","1.0492","0.0"
"XRPUSDT","2026-08","1786032000","1.0493","1.0509","1.0432","1.0461","0.0"
"XRPUSDT","2026-08","1786035600","1.0461","1.0493","1.0405","1.0417","0.0"
"XRPUSDT","2026-08","1786039200","1.0417","1.0431","1.0343","1.036","0.0"
"XRPUSDT","2026-08","1786042800","1.036","1.0391","1.0327","1.0352","0.0"
"XRPUSDT","2026-08","1786046400","1.0352","1.0376","1.0327","1.0335","0.0"
"XRPUSDT","2026-08","1786050000","1.0335","1.0367","1.033","1.0362","0.0"
"XRPUSDT","2026-08","1786053600","1.0362","1.0376","1.035","1.0373","0.0"
"XRPUSDT","2026-08","1786057200","1.0372","1.0373","1.03","1.0351","0.0"
"XRPUSDT","2026-08","1786060800","1.035","1.0369","1.0314","1.0364","0.0"
"XRPUSDT","2026-08","1786064400","1.0365","1.0394","1.0355","1.038","0.0"
"XRPUSDT","2026-08","1786068000","1.0379","1.0381","1.0277","1.0305","0.0"
"XRPUSDT","2026-08","1786071600","1.0304","1.0313","1.0194","1.021","0.0"
"XRPUSDT","2026-08","1786075200","1.021","1.0235","1.0179","1.0204","0.0"
"XRPUSDT","2026-08","1786078800","1.0204","1.0227","1.015","1.0213","0.0"
"XRPUSDT","2026-08","1786082400","1.0212","1.0289","1.0207","1.0262","0.0"
"XRPUSDT","2026-08","1786086000","1.0262","1.0297","1.0249","1.0287","0.0"
"XRPUSDT","2026-08","1786089600","1.0286","1.032","1.0272","1.0313","0.0"
"XRPUSDT","2026-08","1786093200","1.0312","1.0375","1.0312","1.0361","0.0"
"XRPUSDT","2026-08","1786096800","1.0361","1.0376","1.0344","1.0347","0.0"
"XRPUSDT","2026-08","1786100400","1.0347","1.037","1.032","1.0338","0.0"
"XRPUSDT","2026-08","1786104000","1.0339","1.0432","1.0337","1.038","0.0"
"XRPUSDT","2026-08","1786107600","1.038","1.0413","1.0356","1.0361","0.0"
"XRPUSDT","2026-08","1786111200","1.0361","1.0364","1.0257","1.027","0.0"
"XRPUSDT","2026-08","1786114800","1.0271","1.0304","1.0262","1.0279","0.0"
"XRPUSDT","2026-08","1786118400","1.0279","1.0306","1.0155","1.0155","0.0"
"XRPUSDT","2026-08","1786122000","1.0155","1.0189","1.0128","1.0165","0.0"
"XRPUSDT","2026-08","1786125600","1.0166","1.0218","1.0144","1.0183","0.0"
"XRPUSDT","2026-08","1786129200","1.0183","1.0256","1.0183","1.0237","0.0"
"XRPUSDT","2026-08","1786132800","1.0236","1.0267","1.0233","1.0256","0.0"
"XRPUSDT","2026-08","1786136400","1.0256","1.0278","1.022","1.0233","0.0"
"XRPUSDT","2026-08","1786140000","1.0232","1.0237","1.0188","1.0206","0.0"
"XRPUSDT","2026-08","1786143600","1.0206","1.0238","1.0205","1.021","0.0"
"XRPUSDT","2026-08","1786147200","1.021","1.0258","1.0202","1.025","0.0"
"XRPUSDT","2026-08","1786150800","1.025","1.0315","1.0249","1.0301","0.0"
"XRPUSDT","2026-08","1786154400","1.0301","1.0318","1.0296","1.031","0.0"
"XRPUSDT","2026-08","1786158000","1.0309","1.0388","1.0308","1.0373","0.0"
"XRPUSDT","2026-08","1786161600","1.0373","1.0395","1.034","1.0348","0.0"
"XRPUSDT","2026-08","1786165200","1.0349","1.0358","1.0317","1.0333","0.0"
"XRPUSDT","2026-08","1786168800","1.0333","1.0359","1.0328","1.0348","0.0"
"XRPUSDT","2026-08","1786172400","1.0348","1.0351","1.0325","1.0347","0.0"
"XRPUSDT","2026-08","1786176000","1.0347","1.0361","1.0334","1.0359","0.0"
"XRPUSDT","2026-08","1786179600","1.036","1.038","1.0353","1.0358","0.0"
"XRPUSDT","2026-08","1786183200","1.0358","1.0403","1.0355","1.0392","0.0"
"XRPUSDT","2026-08","1786186800","1.0392","1.0402","1.0367","1.0378","0.0"
"XRPUSDT","2026-08","1786190400","1.0379","1.0432","1.0371","1.0411","0.0"
"XRPUSDT","2026-08","1786194000","1.0411","1.0431","1.0403","1.0415","0.0"
"XRPUSDT","2026-08","1786197600","1.0416","1.0458","1.0416","1.0447","0.0"
"XRPUSDT","2026-08","1786201200","1.0448","1.0468","1.0423","1.0453","0.0"
"XRPUSDT","2026-08","1786204800","1.0453","1.0488","1.0453","1.0473","0.0"
"XRPUSDT","2026-08","1786208400","1.0474","1.0479","1.0454","1.0459","0.0"
"XRPUSDT","2026-08","1786212000","1.0459","1.046","1.0417","1.0422","0.0"
"XRPUSDT","2026-08","1786215600","1.0422","1.0437","1.0402","1.0426","0.0"
"XRPUSDT","2026-08","1786219200","1.0425","1.0437","1.0421","1.0425","0.0"
"XRPUSDT","2026-08","1786222800","1.0426","1.0439","1.0423","1.043","0.0"
"XRPUSDT","2026-08","1786226400","1.043","1.0438","1.0387","1.0388","0.0"
"XRPUSDT","2026-08","1786230000","1.0388","1.0398","1.0372","1.0397","0.0"
"XRPUSDT","2026-08","1786233600","1.0396","1.0408","1.0377","1.0397","0.0"
"XRPUSDT","2026-08","1786237200","1.0396","1.0408","1.0355","1.036","0.0"
"XRPUSDT","2026-08","1786240800","1.036","1.0369","1.0342","1.0352","0.0"
"XRPUSDT","2026-08","1786244400","1.0352","1.0384","1.0342","1.037","0.0"
"XRPUSDT","2026-08","1786248000","1.037","1.0393","1.0369","1.0376","0.0"
"XRPUSDT","2026-08","1786251600","1.0377","1.0384","1.0345","1.0364","0.0"
"XRPUSDT","2026-08","1786255200","1.0365","1.0414","1.0361","1.0411","0.0"
"XRPUSDT","2026-08","1786258800","1.0411","1.0416","1.0363","1.0372","0.0"
"XRPUSDT","2026-08","1786262400","1.0371","1.0391","1.031","1.0337","0.0"
"XRPUSDT","2026-08","1786266000","1.0336","1.0358","1.0325","1.0357","0.0"
"XRPUSDT","2026-08","1786269600","1.0356","1.0379","1.0356","1.0369","0.0"
"XRPUSDT","2026-08","1786273200","1.0369","1.0371","1.0353","1.0369","0.0"
"XRPUSDT","2026-08","1786276800","1.0368","1.0377","1.0352","1.037","0.0"
"XRPUSDT","2026-08","1786280400","1.037","1.0407","1.0369","1.0386","0.0"
"XRPUSDT","2026-08","1786284000","1.0385","1.0431","1.0382","1.0424","0.0"
"XRPUSDT","2026-08","1786287600","1.0425","1.044","1.0414","1.0432","0.0"
"XRPUSDT","2026-08","1786291200","1.0432","1.0458","1.0419","1.044","0.0"
"XRPUSDT","2026-08","1786294800","1.044","1.0444","1.0413","1.0413","0.0"
"XRPUSDT","2026-08","1786298400","1.0414","1.0425","1.0392","1.04","0.0"
"XRPUSDT","2026-08","1786302000","1.04","1.0421","1.0398","1.0419","0.0"
"XRPUSDT","2026-08","1786305600","1.0419","1.0423","1.0396","1.042","0.0"
"XRPUSDT","2026-08","1786309200","1.0421","1.045","1.0412","1.043","0.0"
"XRPUSDT","2026-08","1786312800","1.043","1.0478","1.0354","1.0373","0.0"
"XRPUSDT","2026-08","1786316400","1.0372","1.0384","1.0279","1.0299","0.0"
"XRPUSDT","2026-08","1786320000","1.0299","1.0376","1.0279","1.0312","0.0"
"XRPUSDT","2026-08","1786323600","1.0313","1.041","1.0283","1.0377","0.0"
"XRPUSDT","2026-08","1786327200","1.0378","1.0382","1.0286","1.0348","0.0"
"XRPUSDT","2026-08","1786330800","1.0347","1.0363","1.0284","1.0314","0.0"
"XRPUSDT","2026-08","1786334400","1.0314","1.0344","1.0293","1.0316","0.0"
"XRPUSDT","2026-08","1786338000","1.0317","1.0365","1.0313","1.0353","0.0"
"XRPUSDT","2026-08","1786341600","1.0354","1.0386","1.0351","1.0385","0.0"
"XRPUSDT","2026-08","1786345200","1.0386","1.0403","1.0368","1.0374","0.0"
"XRPUSDT","2026-08","1786348800","1.0374","1.0387","1.0315","1.034","0.0"
"XRPUSDT","2026-08","1786352400","1.034","1.0348","1.03","1.0305","0.0"
"XRPUSDT","2026-08","1786356000","1.0305","1.0328","1.03","1.0323","0.0"
"XRPUSDT","2026-08","1786359600","1.0323","1.0345","1.0311","1.0345","0.0"
"XRPUSDT","2026-08","1786363200","1.0345","1.0357","1.0281","1.0289","0.0"
"XRPUSDT","2026-08","1786366800","1.0289","1.0296","1.0234","1.0259","0.0"
"XRPUSDT","2026-08","1786370400","1.0259","1.0323","1.0258","1.027","0.0"
"XRPUSDT","2026-08","1786374000","1.0269","1.0272","1.0211","1.0232","0.0"
"XRPUSDT","2026-08","1786377600","1.0232","1.0254","1.0168","1.0187","0.0"
"XRPUSDT","2026-08","1786381200","1.0187","1.0223","1.0177","1.0199","0.0"
"XRPUSDT","2026-08","1786384800","1.02","1.0209","1.016","1.0178","0.0"
"XRPUSDT","2026-08","1786388400","1.0178","1.0237","1.0174","1.0205","0.0"
"XRPUSDT","2026-08","1786392000","1.0206","1.0213","1.0192","1.0197","0.0"
"XRPUSDT","2026-08","1786395600","1.0197","1.0219","1.0165","1.0172","0.0"
"XRPUSDT","2026-08","1786399200","1.0173","1.0177","1.0051","1.0119","0.0"
"XRPUSDT","2026-08","1786402800","1.0118","1.0137","1.0106","1.0123","0.0"
"XRPUSDT","2026-08","1786406400","1.0123","1.0137","1.0101","1.0132","0.0"
"XRPUSDT","2026-08","1786410000","1.0131","1.0164","1.0113","1.0159","0.0"
"XRPUSDT","2026-08","1786413600","1.0158","1.0168","1.0132","1.0134","0.0"
"XRPUSDT","2026-08","1786417200","1.0134","1.0151","1.0131","1.0147","0.0"
"XRPUSDT","2026-08","1786420800","1.0147","1.0155","1.0131","1.0131","0.0"
"XRPUSDT","2026-08","1786424400","1.0131","1.0139","1.01","1.01","0.0"
"XRPUSDT","2026-08","1786428000","1.0101","1.0119","1.0021","1.0063","0.0"
"XRPUSDT","2026-08","1786431600","1.0064","1.0074","1.0031","1.0048","0.0"
"XRPUSDT","2026-08","1786435200","1.0049","1.0066","1.0025","1.006","0.0"
"XRPUSDT","2026-08","1786438800","1.006","1.0077","1.0046","1.0072","0.0"
"XRPUSDT","2026-08","1786442400","1.0071","1.0072","1.0017","1.0056","0.0"
"XRPUSDT","2026-08","1786446000","1.0057","1.0101","1.0056","1.0081","0.0"
"XRPUSDT","2026-08","1786449600","1.0082","1.0095","1.0042","1.0044","0.0"
"XRPUSDT","2026-08","1786453200","1.0044","1.0101","1.0032","1.0088","0.0"
"XRPUSDT","2026-08","1786456800","1.0087","1.0112","0.9915","0.9945","0.0"
"XRPUSDT","2026-08","1786460400","0.9945","1.0082","0.9938","1.0039","0.0"
"XRPUSDT","2026-08","1786464000","1.0039","1.0109","1.0023","1.0097","0.0"
"XRPUSDT","2026-08","1786467600","1.0097","1.0163","1.0093","1.0144","0.0"
"XRPUSDT","2026-08","1786471200","1.0144","1.0193","1.0083","1.013","0.0"
"XRPUSDT","2026-08","1786474800","1.0129","1.0161","1.0093","1.0154","0.0"
"XRPUSDT","2026-08","1786478400","1.0154","1.0246","1.0154","1.0176","0.0"
"XRPUSDT","2026-08","1786482000","1.0175","1.0267","1.0174","1.0243","0.0"
"XRPUSDT","2026-08","1786485600","1.0244","1.0259","1.0203","1.0213","0.0"
"XRPUSDT","2026-08","1786489200","1.0213","1.0236","1.0187","1.0229","0.0"
"XRPUSDT","2026-08","1786492800","1.0228","1.0233","1.0212","1.0223","0.0"
"XRPUSDT","2026-08","1786496400","1.0223","1.0248","1.0223","1.0229","0.0"
"XRPUSDT","2026-08","1786500000","1.023","1.0253","1.0195","1.0211","0.0"
"XRPUSDT","2026-08","1786503600","1.0212","1.0219","1.0194","1.0202","0.0"
"XRPUSDT","2026-08","1786507200","1.0201","1.0217","1.0193","1.0204","0.0"
"XRPUSDT","2026-08","1786510800","1.0204","1.0232","1.0192","1.0218","0.0"
"XRPUSDT","2026-08","1786514400","1.0217","1.0218","1.0178","1.0198","0.0"
"XRPUSDT","2026-08","1786518000","1.0198","1.0223","1.0181","1.0208","0.0"
"XRPUSDT","2026-08","1786521600","1.0207","1.0213","1.0172","1.0172","0.0"
"XRPUSDT","2026-08","1786525200","1.0172","1.0257","1.017","1.024","0.0"
"XRPUSDT","2026-08","1786528800","1.0241","1.0257","1.0207","1.0213","0.0"
"XRPUSDT","2026-08","1786532400","1.0213","1.0227","1.0203","1.0227","0.0"
"XRPUSDT","2026-08","1786536000","1.0227","1.0262","1.0159","1.0174","0.0"
"XRPUSDT","2026-08","1786539600","1.0174","1.0186","1.0134","1.0149","0.0"
"XRPUSDT","2026-08","1786543200","1.0148","1.0163","1.0081","1.0091","0.0"
"XRPUSDT","2026-08","1786546800","1.0091","1.0128","1.0082","1.0127","0.0"
"XRPUSDT","2026-08","1786550400","1.0127","1.0131","1.0082","1.0088","0.0"
"XRPUSDT","2026-08","1786554000","1.0088","1.0112","1.0066","1.0104","0.0"
"XRPUSDT","2026-08","1786557600","1.0104","1.0127","1.009","1.0093","0.0"
"XRPUSDT","2026-08","1786561200","1.0092","1.0098","1.0068","1.0073","0.0"
"XRPUSDT","2026-08","1786564800","1.0073","1.0107","1.007","1.0092","0.0"
"XRPUSDT","2026-08","1786568400","1.0093","1.0104","1.0029","1.0048","0.0"
"XRPUSDT","2026-08","1786572000","1.0047","1.0079","1.0029","1.0044","0.0"
"XRPUSDT","2026-08","1786575600","1.0043","1.006","1.0009","1.0055","0.0"
"XRPUSDT","2026-08","1786579200","1.0055","1.0077","1.0028","1.0043","0.0"
"XRPUSDT","2026-08","1786582800","1.0043","1.006","1.0019","1.0047","0.0"
"XRPUSDT","2026-08","1786586400","1.0046","1.0073","1.0027","1.0071","0.0"
"XRPUSDT","2026-08","1786590000","1.0071","1.0128","1.007","1.0108","0.0"
"XRPUSDT","2026-08","1786593600","1.0109","1.0124","1.0105","1.0108","0.0"
"XRPUSDT","2026-08","1786597200","1.0109","1.0153","1.0094","1.0135","0.0"
"XRPUSDT","2026-08","1786600800","1.0135","1.015","1.0118","1.0146","0.0"
"XRPUSDT","2026-08","1786604400","1.0147","1.0154","1.0131","1.0131","0.0"
"XRPUSDT","2026-08","1786608000","1.0132","1.0135","1.0117","1.0126","0.0"
"XRPUSDT","2026-08","1786611600","1.0126","1.0131","1.0098","1.0126","0.0"
"XRPUSDT","2026-08","1786615200","1.0126","1.013","1.0063","1.008","0.0"
"XRPUSDT","2026-08","1786618800","1.008","1.0084","1.0031","1.0042","0.0"
"XRPUSDT","2026-08","1786622400","1.0042","1.0076","1.0035","1.0058","0.0"
"XRPUSDT","2026-08","1786626000","1.0059","1.0096","1.0057","1.0065","0.0"
"XRPUSDT","2026-08","1786629600","1.0066","1.0108","1.0041","1.01","0.0"
"XRPUSDT","2026-08","1786633200","1.0101","1.0117","1.003","1.0031","0.0"
"XRPUSDT","2026-08","1786636800","1.0031","1.0076","0.9982","1.005","0.0"
"XRPUSDT","2026-08","1786640400","1.0051","1.0085","1.0044","1.0067","0.0"
"XRPUSDT","2026-08","1786644000","1.0067","1.0106","1.0047","1.009","0.0"
"XRPUSDT","2026-08","1786647600","1.009","1.0106","1.008","1.0104","0.0"
"XRPUSDT","2026-08","1786651200","1.0103","1.0117","1.0089","1.009","0.0"
"XRPUSDT","2026-08","1786654800","1.009","1.0102","1.0077","1.0083","0.0"
"XRPUSDT","2026-08","1786658400","1.0084","1.0121","1.0083","1.0092","0.0"
"XRPUSDT","2026-08","1786662000","1.0091","1.0096","1.008","1.0094","0.0"
"XRPUSDT","2026-08","1786665600","1.0095","1.0122","1.0091","1.0121","0.0"
"XRPUSDT","2026-08","1786669200","1.0122","1.0129","1.0103","1.0116","0.0"
"XRPUSDT","2026-08","1786672800","1.0116","1.0142","1.0114","1.0115","0.0"
"XRPUSDT","2026-08","1786676400","1.0115","1.0121","1.0094","1.0098","0.0"
"XRPUSDT","2026-08","1786680000","1.0098","1.0128","1.0091","1.0091","0.0"
"XRPUSDT","2026-08","1786683600","1.0091","1.01","1.0082","1.0097","0.0"
"XRPUSDT","2026-08","1786687200","1.0097","1.0097","1.0055","1.0056","0.0"
"XRPUSDT","2026-08","1786690800","1.0055","1.0056","1.0035","1.0045","0.0"
"XRPUSDT","2026-08","1786694400","1.0045","1.0071","1.0041","1.0069","0.0"
"XRPUSDT","2026-08","1786698000","1.0069","1.007","1.0011","1.0037","0.0"
"XRPUSDT","2026-08","1786701600","1.0037","1.0041","1.0022","1.0024","0.0"
"XRPUSDT","2026-08","1786705200","1.0025","1.0044","1.0013","1.0024","0.0"
"XRPUSDT","2026-08","1786708800","1.0025","1.0031","1.0","1.001","0.0"
"XRPUSDT","2026-08","1786712400","1.001","1.0054","1.0005","1.0027","0.0"
"XRPUSDT","2026-08","1786716000","1.0028","1.0048","1.0006","1.0013","0.0"
"XRPUSDT","2026-08","1786719600","1.0013","1.0093","1.0009","1.0066","0.0"
"XRPUSDT","2026-08","1786723200","1.0066","1.0074","1.001","1.0021","0.0"
"XRPUSDT","2026-08","1786726800","1.0022","1.0047","0.999","1.001","0.0"
"XRPUSDT","2026-08","1786730400","1.001","1.0034","0.9985","0.9997","0.0"
"XRPUSDT","2026-08","1786734000","0.9997","1.0009","0.9985","0.9989","0.0"
"XRPUSDT","2026-08","1786737600","0.999","1.0","0.9968","0.9988","0.0"
"XRPUSDT","2026-08","1786741200","0.9987","1.0","0.9957","0.9981","0.0"
"XRPUSDT","2026-08","1786744800","0.9981","0.999","0.9862","0.9928","0.0"
"XRPUSDT","2026-08","1786748400","0.9927","0.9996","0.9924","0.9996","0.0"
"XRPUSDT","2026-08","1786752000","0.9996","1.0013","0.9982","1.0006","0.0"
"XRPUSDT","2026-08","1786755600","1.0007","1.0019","0.9997","1.0017","0.0"
"XRPUSDT","2026-08","1786759200","1.0018","1.0062","1.0018","1.0057","0.0"
"XRPUSDT","2026-08","1786762800","1.0057","1.0079","1.0038","1.0046","0.0"
"XRPUSDT","2026-08","1786766400","1.0047","1.0067","1.0042","1.005","0.0"
"XRPUSDT","2026-08","1786770000","1.0051","1.0066","1.0024","1.0044","0.0"
"XRPUSDT","2026-08","1786773600","1.0045","1.0064","1.0036","1.0056","0.0"
"XRPUSDT","2026-08","1786777200","1.0057","1.0059","1.0026","1.0028","0.0"
"XRPUSDT","2026-08","1786780800","1.0028","1.0038","1.001","1.0015","0.0"
"XRPUSDT","2026-08","1786784400","1.0016","1.0029","1.0008","1.0028","0.0"
"XRPUSDT","2026-08","1786788000","1.0029","1.0037","1.002","1.003","0.0"
"XRPUSDT","2026-08","1786791600","1.003","1.0041","1.0021","1.0024","0.0"
"XRPUSDT","2026-08","1786795200","1.0025","1.0028","1.0009","1.0027","0.0"
"XRPUSDT","2026-08","1786798800","1.0028","1.003","1.0016","1.0017","0.0"
"XRPUSDT","2026-08","1786802400","1.0017","1.0027","0.9999","1.0019","0.0"
"XRPUSDT","2026-08","1786806000","1.0018","1.0025","1.0014","1.0022","0.0"
"XRPUSDT","2026-08","1786809600","1.0022","1.0033","1.0015","1.0025","0.0"
"XRPUSDT","2026-08","1786813200","1.0026","1.0036","1.0022","1.0026","0.0"
"XRPUSDT","2026-08","1786816800","1.0025","1.0029","1.0004","1.0023","0.0"
"XRPUSDT","2026-08","1786820400","1.0023","1.0041","1.0023","1.004","0.0"
"XRPUSDT","2026-08","1786824000","1.004","1.0044","1.0032","1.004","0.0"
"XRPUSDT","2026-08","1786827600","1.004","1.0052","1.0036","1.0042","0.0"
"XRPUSDT","2026-08","1786831200","1.0043","1.0068","1.0042","1.0044","0.0"
"XRPUSDT","2026-08","1786834800","1.0043","1.0045","1.0012","1.0028","0.0"
"XRPUSDT","2026-08","1786838400","1.0028","1.0029","1.0014","1.0018","0.0"
"XRPUSDT","2026-08","1786842000","1.0017","1.0022","1.0","1.0013","0.0"
"XRPUSDT","2026-08","1786845600","1.0012","1.0035","1.0","1.0025","0.0"
"XRPUSDT","2026-08","1786849200","1.0024","1.0031","1.0017","1.0021","0.0"
"XRPUSDT","2026-08","1786852800","1.0021","1.0022","1.0006","1.0009","0.0"
"XRPUSDT","2026-08","1786856400","1.0008","1.0011","0.9995","1.0002","0.0"
"XRPUSDT","2026-08","1786860000","1.0003","1.002","0.9995","1.0004","0.0"
"XRPUSDT","2026-08","1786863600","1.0004","1.0027","1.0004","1.0024","0.0"
"XRPUSDT","2026-08","1786867200","1.0024","1.0025","1.0015","1.0016","0.0"
"XRPUSDT","2026-08","1786870800","1.0016","1.0027","1.0","1.0004","0.0"
"XRPUSDT","2026-08","1786874400","1.0003","1.0007","0.9972","1.0002","0.0"
"XRPUSDT","2026-08","1786878000","1.0003","1.0008","0.9993","0.9999","0.0"
"XRPUSDT","2026-08","1786881600","0.9999","1.0012","0.9993","1.0001","0.0"
"XRPUSDT","2026-08","1786885200","1.0001","1.001","1.0","1.0001","0.0"
"XRPUSDT","2026-08","1786888800","1.0","1.0011","1.0","1.0011","0.0"
"XRPUSDT","2026-08","1786892400","1.0011","1.0025","1.001","1.0019","0.0"
"XRPUSDT","2026-08","1786896000","1.002","1.0037","1.0015","1.0028","0.0"
"XRPUSDT","2026-08","1786899600","1.0029","1.0034","1.0006","1.001","0.0"
"XRPUSDT","2026-08","1786903200","1.001","1.001","0.9979","0.9994","0.0"
"XRPUSDT","2026-08","1786906800","0.9993","1.0025","0.999","1.001","0.0"
"XRPUSDT","2026-08","1786910400","1.001","1.0018","0.9983","0.9994","0.0"
"XRPUSDT","2026-08","1786914000","0.9994","1.0001","0.9902","0.9956","0.0"
"XRPUSDT","2026-08","1786917600","0.9956","0.997","0.9915","0.9941","0.0"
"XRPUSDT","2026-08","1786921200","0.994","0.995","0.9914","0.9936","0.0"
"XRPUSDT","2026-08","1786924800","0.9935","0.9943","0.9882","0.9936","0.0"
"XRPUSDT","2026-08","1786928400","0.9935","1.0016","0.9929","0.9989","0.0"
"XRPUSDT","2026-08","1786932000","0.9989","1.0049","0.9978","1.0024","0.0"
"XRPUSDT","2026-08","1786935600","1.0025","1.0034","1.001","1.0026","0.0"
"XRPUSDT","2026-08","1786939200","1.0026","1.004","1.0015","1.0021","0.0"
"XRPUSDT","2026-08","1786942800","1.0021","1.0042","1.001","1.0011","0.0"
"XRPUSDT","2026-08","1786946400","1.0011","1.0074","1.0009","1.006","0.0"
"XRPUSDT","2026-08","1786950000","1.006","1.0067","1.0029","1.0031","0.0"
"XRPUSDT","2026-08","1786953600","1.0031","1.0034","0.9973","0.9982","0.0"
"XRPUSDT","2026-08","1786957200","0.9982","0.9992","0.9966","0.9969","0.0"
"XRPUSDT","2026-08","1786960800","0.9968","1.0025","0.9965","1.0021","0.0"
"XRPUSDT","2026-08","1786964400","1.0021","1.0026","0.9999","1.0004","0.0"
"XRPUSDT","2026-08","1786968000","1.0004","1.0016","0.9971","0.9979","0.0"
"XRPUSDT","2026-08","1786971600","0.9979","1.0039","0.9969","1.0008","0.0"
"XRPUSDT","2026-08","1786975200","1.0009","1.005","0.9982","1.0045","0.0"
"XRPUSDT","2026-08","1786978800","1.0045","1.0086","1.0021","1.0068","0.0"
"XRPUSDT","2026-08","1786982400","1.0068","1.007","1.0028","1.0029","0.0"
"XRPUSDT","2026-08","1786986000","1.003","1.005","1.0002","1.0015","0.0"
"XRPUSDT","2026-08","1786989600","1.0015","1.0033","1.0006","1.0017","0.0"
"XRPUSDT","2026-08","1786993200","1.0016","1.0018","0.9994","1.0015","0.0"
"XRPUSDT","2026-08","1786996800","1.0014","1.005","0.9997","1.0037","0.0"
"XRPUSDT","2026-08","1787000400","1.0038","1.0042","1.0019","1.0021","0.0"
"XRPUSDT","2026-08","1787004000","1.0021","1.0034","1.0","1.0004","0.0"
"XRPUSDT","2026-08","1787007600","1.0004","1.0046","1.0001","1.003","0.0"
"XRPUSDT","2026-08","1787011200","1.0031","1.0048","1.0005","1.0027","0.0"
"XRPUSDT","2026-08","1787014800","1.0027","1.003","0.995","0.9964","0.0"
"XRPUSDT","2026-08","1787018400","0.9964","0.9972","0.9888","0.9907","0.0"
"XRPUSDT","2026-08","1787022000","0.9907","0.9924","0.9893","0.9911","0.0"
"XRPUSDT","2026-08","1787025600","0.9911","0.996","0.99","0.9948","0.0"
"XRPUSDT","2026-08","1787029200","0.9949","0.9973","0.993","0.9952","0.0"
"XRPUSDT","2026-08","1787032800","0.9952","1.0006","0.9941","0.9984","0.0"
"XRPUSDT","2026-08","1787036400","0.9984","0.9991","0.995","0.9965","0.0"
"XRPUSDT","2026-08","1787040000","0.9964","0.9982","0.9923","0.997","0.0"
"XRPUSDT","2026-08","1787043600","0.997","0.9973","0.9947","0.9959","0.0"
"XRPUSDT","2026-08","1787047200","0.996","0.9964","0.9949","0.9962","0.0"
"XRPUSDT","2026-08","1787050800","0.9962","1.0022","0.996","0.9987","0.0"
"XRPUSDT","2026-08","1787054400","0.9987","0.9993","0.9976","0.9978","0.0"
"XRPUSDT","2026-08","1787058000","0.9978","0.9993","0.9959","0.9982","0.0"
"XRPUSDT","2026-08","1787061600","0.9983","1.0067","0.997","1.0011","0.0"
"XRPUSDT","2026-08","1787065200","1.0011","1.0049","1.0005","1.0039","0.0"
"XRPUSDT","2026-08","1787068800","1.004","1.0044","1.0007","1.0024","0.0"
"XRPUSDT","2026-08","1787072400","1.0024","1.0024","1.0003","1.0005","0.0"
"XRPUSDT","2026-08","1787076000","1.0005","1.0027","1.0005","1.0013","0.0"
"XRPUSDT","2026-08","1787079600","1.0013","1.003","1.001","1.0028","0.0"
"XRPUSDT","2026-08","1787083200","1.0027","1.0036","0.9988","1.0002","0.0"
"XRPUSDT","2026-08","1787086800","1.0002","1.0025","1.0002","1.0006","0.0"
"XRPUSDT","2026-08","1787090400","1.0005","1.0024","0.9992","1.0006","0.0"
"XRPUSDT","2026-08","1787094000","1.0006","1.0036","1.0004","1.0019","0.0"
"XRPUSDT","2026-08","1787097600","1.0019","1.0021","0.9963","0.9964","0.0"
"XRPUSDT","2026-08","1787101200","0.9963","1.0003","0.9959","0.9988","0.0"
"XRPUSDT","2026-08","1787104800","0.9988","0.999","0.9977","0.9985","0.0"
"XRPUSDT","2026-08","1787108400","0.9984","1.0014","0.9975","1.0002","0.0"
"XRPUSDT","2026-08","1787112000","1.0001","1.001","0.9995","1.0","0.0"
"XRPUSDT","2026-08","1787115600","1.0","1.0018","0.9992","1.0001","0.0"
"XRPUSDT","2026-08","1787119200","1.0001","1.0053","0.9991","1.0044","0.0"
"XRPUSDT","2026-08","1787122800","1.0044","1.0063","1.0031","1.0035","0.0"
"XRPUSDT","2026-08","1787126400","1.0036","1.0095","1.0032","1.0064","0.0"
"XRPUSDT","2026-08","1787130000","1.0064","1.008","1.0037","1.0041","0.0"
"XRPUSDT","2026-08","1787133600","1.0042","1.0056","1.0033","1.0053","0.0"
"XRPUSDT","2026-08","1787137200","1.0054","1.0067","1.0045","1.0057","0.0"
"XRPUSDT","2026-08","1787140800","1.0058","1.0124","1.0057","1.0112","0.0"
"XRPUSDT","2026-08","1787144400","1.0113","1.0238","1.0102","1.0171","0.0"
"XRPUSDT","2026-08","1787148000","1.0171","1.0348","1.0155","1.0332","0.0"
"XRPUSDT","2026-08","1787151600","1.0332","1.0745","1.0308","1.0678","0.0"
"XRPUSDT","2026-08","1787155200","1.0678","1.0709","1.0639","1.0643","0.0"
"XRPUSDT","2026-08","1787158800","1.0643","1.0649","1.052","1.0618","0.0"
"XRPUSDT","2026-08","1787162400","1.0618","1.07","1.0557","1.0692","0.0"
"XRPUSDT","2026-08","1787166000","1.0693","1.071","1.0643","1.0676","0.0"
"XRPUSDT","2026-08","1787169600","1.0677","1.1043","1.0675","1.0993","0.0"
"XRPUSDT","2026-08","1787173200","1.0993","1.1332","1.0959","1.1325","0.0"
"XRPUSDT","2026-08","1787176800","1.1324","1.1363","1.0997","1.1025","0.0"
"XRPUSDT","2026-08","1787180400","1.1025","1.1062","1.0947","1.106","0.0"
"XRPUSDT","2026-08","1787184000","1.1059","1.1134","1.1044","1.1079","0.0"
"XRPUSDT","2026-08","1787187600","1.108","1.1158","1.1066","1.1118","0.0"
"XRPUSDT","2026-08","1787191200","1.1118","1.1141","1.0989","1.0992","0.0"
"XRPUSDT","2026-08","1787194800","1.0992","1.1004","1.0879","1.0938","0.0"
"XRPUSDT","2026-08","1787198400","1.0939","1.1021","1.0932","1.1","0.0"
"XRPUSDT","2026-08","1787202000","1.1001","1.1102","1.0999","1.1045","0.0"
"XRPUSDT","2026-08","1787205600","1.1045","1.1122","1.1003","1.1115","0.0"
"XRPUSDT","2026-08","1787209200","1.1115","1.1135","1.1077","1.1122","0.0"
"XRPUSDT","2026-08","1787212800","1.1121","1.1561","1.1113","1.1533","0.0"
"XRPUSDT","2026-08","1787216400","1.1533","1.1637","1.1458","1.1495","0.0"
"XRPUSDT","2026-08","1787220000","1.1495","1.1669","1.1474","1.1606","0.0"
"XRPUSDT","2026-08","1787223600","1.1606","1.1962","1.157","1.1907","0.0"
"XRPUSDT","2026-08","1787227200","1.1908","1.1973","1.1776","1.1928","0.0"
"XRPUSDT","2026-08","1787230800","1.1928","1.2233","1.1887","1.2209","0.0"
"XRPUSDT","2026-08","1787234400","1.2208","1.2467","1.215","1.2276","0.0"
"XRPUSDT","2026-08","1787238000","1.2276","1.2647","1.2257","1.2613","0.0"
"XRPUSDT","2026-08","1787241600","1.2612","1.317","1.2521","1.315","0.0"
"XRPUSDT","2026-08","1787245200","1.3149","1.3441","1.3054","1.3103","0.0"
"XRPUSDT","2026-08","1787248800","1.3102","1.3184","1.2287","1.2294","0.0"
"XRPUSDT","2026-08","1787252400","1.2294","1.2398","1.2202","1.2324","0.0"
"XRPUSDT","2026-08","1787256000","1.2324","1.2476","1.2303","1.2437","0.0"
"XRPUSDT","2026-08","1787259600","1.2436","1.2714","1.2427","1.2579","0.0"
"XRPUSDT","2026-08","1787263200","1.2579","1.2659","1.2536","1.2562","0.0"
"XRPUSDT","2026-08","1787266800","1.2562","1.2753","1.2547","1.2681","0.0"
"XRPUSDT","2026-08","1787270400","1.2681","1.2741","1.2588","1.2655","0.0"
"XRPUSDT","2026-08","1787274000","1.2654","1.3027","1.264","1.2963","0.0"
"XRPUSDT","2026-08","1787277600","1.2963","1.3008","1.2817","1.2895","0.0"
"XRPUSDT","2026-08","1787281200","1.2895","1.3194","1.2844","1.3088","0.0"
"XRPUSDT","2026-08","1787284800","1.3088","1.3212","1.2965","1.3147","0.0"
"XRPUSDT","2026-08","1787288400","1.3148","1.3148","1.304","1.3102","0.0"
"XRPUSDT","2026-08","1787292000","1.3102","1.3211","1.2969","1.299","0.0"
"XRPUSDT","2026-08","1787295600","1.2989","1.3219","1.2981","1.3143","0.0"
"XRPUSDT","2026-08","1787299200","1.3143","1.3999","1.3128","1.3997","0.0"
"XRPUSDT","2026-08","1787302800","1.3996","1.43","1.3382","1.4198","0.0"
"XRPUSDT","2026-08","1787306400","1.4197","1.4256","1.3671","1.385","0.0"
"XRPUSDT","2026-08","1787310000","1.3849","1.4043","1.354","1.3573","0.0"
"XRPUSDT","2026-08","1787313600","1.3573","1.3876","1.3471","1.3814","0.0"
"XRPUSDT","2026-08","1787317200","1.3814","1.4245","1.3669","1.4169","0.0"
"XRPUSDT","2026-08","1787320800","1.4169","1.4186","1.3889","1.3999","0.0"
"XRPUSDT","2026-08","1787324400","1.3999","1.4197","1.3955","1.4036","0.0"
"XRPUSDT","2026-08","1787328000","1.4037","1.4077","1.3863","1.3998","0.0"
"XRPUSDT","2026-08","1787331600","1.3998","1.4138","1.375","1.3868","0.0"
"XRPUSDT","2026-08","1787335200","1.3869","1.4","1.3689","1.3782","0.0"
"XRPUSDT","2026-08","1787338800","1.3781","1.3881","1.3622","1.3725","0.0"
"XRPUSDT","2026-08","1787342400","1.3726","1.383","1.3666","1.3748","0.0"
"XRPUSDT","2026-08","1787346000","1.3748","1.4099","1.3715","1.4065","0.0"
"XRPUSDT","2026-08","1787349600","1.4064","1.4518","1.3992","1.445","0.0"
"XRPUSDT","2026-08","1787353200","1.4451","1.4756","1.435","1.4544","0.0"
"XRPUSDT","2026-08","1787356800","1.4543","1.4822","1.4229","1.4599","0.0"
"XRPUSDT","2026-08","1787360400","1.4599","1.5106","1.4567","1.4757","0.0"
"XRPUSDT","2026-08","1787364000","1.4756","1.5562","1.4747","1.5494","0.0"
"XRPUSDT","2026-08","1787367600","1.5495","1.5985","1.5424","1.5637","0.0"
"XRPUSDT","2026-08","1787371200","1.5638","1.6737","1.5532","1.6628","0.0"
"XRPUSDT","2026-08","1787374800","1.6628","1.6999","1.378","1.528","0.0"
"XRPUSDT","2026-08","1787378400","1.528","1.5943","1.5151","1.5787","0.0"
"XRPUSDT","2026-08","1787382000","1.5787","1.6274","1.558","1.5638","0.0"
"XRPUSDT","2026-08","1787385600","1.5638","1.5675","1.4855","1.5287","0.0"
"XRPUSDT","2026-08","1787389200","1.5287","1.5314","1.4898","1.5021","0.0"
"XRPUSDT","2026-08","1787392800","1.5021","1.504","1.4224","1.4843","0.0"
"XRPUSDT","2026-08","1787396400","1.4842","1.5","1.4745","1.4884","0.0"
"XRPUSDT","2026-08","1787400000","1.4884","1.5297","1.4843","1.5025","0.0"
"XRPUSDT","2026-08","1787403600","1.5024","1.5106","1.4888","1.5004","0.0"
"XRPUSDT","2026-08","1787407200","1.5004","1.502","1.4354","1.4519","0.0"
"XRPUSDT","2026-08","1787410800","1.4519","1.4557","1.42","1.4391","0.0"
"XRPUSDT","2026-08","1787414400","1.4392","1.4897","1.4343","1.4809","0.0"
"XRPUSDT","2026-08","1787418000","1.4809","1.4864","1.4651","1.4806","0.0"
"XRPUSDT","2026-08","1787421600","1.4806","1.4986","1.478","1.4893","0.0"
"XRPUSDT","2026-08","1787425200","1.4893","1.5061","1.4833","1.5011","0.0"
"XRPUSDT","2026-08","1787428800","1.5012","1.516","1.4947","1.5019","0.0"
"XRPUSDT","2026-08","1787432400","1.5018","1.5018","1.4518","1.4548","0.0"
"XRPUSDT","2026-08","1787436000","1.4547","1.4757","1.4463","1.4683","0.0"
"XRPUSDT","2026-08","1787439600","1.4684","1.4702","1.4508","1.4619","0.0"
"XRPUSDT","2026-08","1787443200","1.4619","1.5196","1.4618","1.5137","0.0"
"XRPUSDT","2026-08","1787446800","1.5137","1.5142","1.4854","1.4914","0.0"
"XRPUSDT","2026-08","1787450400","1.4913","1.495","1.4716","1.4847","0.0"
"XRPUSDT","2026-08","1787454000","1.4847","1.4938","1.4622","1.4749","0.0"
"XRPUSDT","2026-08","1787457600","1.4749","1.4897","1.4455","1.4548","0.0"
"XRPUSDT","2026-08","1787461200","1.4547","1.4783","1.4392","1.4469","0.0"
"XRPUSDT","2026-08","1787464800","1.447","1.4626","1.4342","1.4445","0.0"
"XRPUSDT","2026-08","1787468400","1.4446","1.4735","1.4397","1.4618","0.0"
"XRPUSDT","2026-08","1787472000","1.4617","1.4849","1.4575","1.4754","0.0"
"XRPUSDT","2026-08","1787475600","1.4754","1.4862","1.4674","1.4774","0.0"
"XRPUSDT","2026-08","1787479200","1.4773","1.5024","1.4752","1.4756","0.0"
"XRPUSDT","2026-08","1787482800","1.4756","1.5035","1.4756","1.4945","0.0"
"XRPUSDT","2026-08","1787486400","1.4944","1.499","1.4834","1.4943","0.0"
"XRPUSDT","2026-08","1787490000","1.4943","1.525","1.4933","1.5205","0.0"
"XRPUSDT","2026-08","1787493600","1.5205","1.5507","1.4573","1.5159","0.0"
"XRPUSDT","2026-08","1787497200","1.5158","1.5177","1.4874","1.4968","0.0"
"XRPUSDT","2026-08","1787500800","1.4969","1.5115","1.4943","1.5075","0.0"
"XRPUSDT","2026-08","1787504400","1.5075","1.5244","1.4994","1.5051","0.0"
"XRPUSDT","2026-08","1787508000","1.505","1.5201","1.5025","1.5088","0.0"
"XRPUSDT","2026-08","1787511600","1.5089","1.5115","1.4885","1.4979","0.0"
"XRPUSDT","2026-08","1787515200","1.498","1.5084","1.4911","1.5013","0.0"
"XRPUSDT","2026-08","1787518800","1.5012","1.5466","1.501","1.5257","0.0"
"XRPUSDT","2026-08","1787522400","1.5258","1.5322","1.5111","1.517","0.0"
"XRPUSDT","2026-08","1787526000","1.517","1.5307","1.5091","1.5204","0.0"
"XRPUSDT","2026-08","1787529600","1.5205","1.5238","1.4817","1.5058","0.0"
"XRPUSDT","2026-08","1787533200","1.5057","1.5066","1.4656","1.4665","0.0"
"XRPUSDT","2026-08","1787536800","1.4664","1.4945","1.4624","1.487","0.0"
"XRPUSDT","2026-08","1787540400","1.487","1.49","1.464","1.4652","0.0"
"XRPUSDT","2026-08","1787544000","1.4651","1.484","1.4649","1.4793","0.0"
"XRPUSDT","2026-08","1787547600","1.4792","1.4879","1.4642","1.4803","0.0"
"XRPUSDT","2026-08","1787551200","1.4802","1.4909","1.4682","1.484","0.0"
"XRPUSDT","2026-08","1787554800","1.4839","1.5033","1.4745","1.4758","0.0"
"XRPUSDT","2026-08","1787558400","1.4759","1.4786","1.4532","1.4603","0.0"
"XRPUSDT","2026-08","1787562000","1.4602","1.4852","1.4594","1.4797","0.0"
"XRPUSDT","2026-08","1787565600","1.4796","1.49","1.4772","1.4839","0.0"
"XRPUSDT","2026-08","1787569200","1.484","1.509","1.4716","1.4974","0.0"
"XRPUSDT","2026-08","1787572800","1.4973","1.5187","1.481","1.5172","0.0"
"XRPUSDT","2026-08","1787576400","1.5173","1.5242","1.4781","1.4907","0.0"
"XRPUSDT","2026-08","1787580000","1.4906","1.5304","1.4886","1.5102","0.0"
"XRPUSDT","2026-08","1787583600","1.5102","1.5292","1.4947","1.5013","0.0"
"XRPUSDT","2026-08","1787587200","1.5013","1.5238","1.4978","1.4995","0.0"
"XRPUSDT","2026-08","1787590800","1.4996","1.5018","1.4629","1.4765","0.0"
"XRPUSDT","2026-08","1787594400","1.4766","1.4905","1.4677","1.4726","0.0"
"XRPUSDT","2026-08","1787598000","1.4727","1.486","1.4661","1.4831","0.0"
"XRPUSDT","2026-08","1787601600","1.483","1.4846","1.4696","1.4795","0.0"
"XRPUSDT","2026-08","1787605200","1.4794","1.4892","1.4763","1.4818","0.0"
"XRPUSDT","2026-08","1787608800","1.482","1.4852","1.4765","1.4782","0.0"
"XRPUSDT","2026-08","1787612400","1.4783","1.4849","1.4669","1.4817","0.0"
"XRPUSDT","2026-08","1787616000","1.4818","1.5163","1.4749","1.5073","0.0"
"XRPUSDT","2026-08","1787619600","1.5073","1.5161","1.4961","1.5097","0.0"
"XRPUSDT","2026-08","1787623200","1.5097","1.5505","1.5042","1.5218","0.0"
"XRPUSDT","2026-08","1787626800","1.5218","1.5328","1.5073","1.5135","0.0"
"XRPUSDT","2026-08","1787630400","1.5134","1.5177","1.5037","1.5139","0.0"
"XRPUSDT","2026-08","1787634000","1.5138","1.5275","1.5116","1.5191","0.0"
"XRPUSDT","2026-08","1787637600","1.5192","1.5207","1.4963","1.5032","0.0"
"XRPUSDT","2026-08","1787641200","1.5031","1.5124","1.474","1.4861","0.0"
"XRPUSDT","2026-08","1787644800","1.486","1.4976","1.4846","1.4904","0.0"
"XRPUSDT","2026-08","1787648400","1.4905","1.4964","1.47","1.4802","0.0"
"XRPUSDT","2026-08","1787652000","1.4802","1.4867","1.4765","1.4847","0.0"
"XRPUSDT","2026-08","1787655600","1.4847","1.4872","1.4775","1.4808","0.0"
"XRPUSDT","2026-08","1787659200","1.4808","1.4834","1.4611","1.4743","0.0"
"XRPUSDT","2026-08","1787662800","1.4743","1.4766","1.4438","1.4577","0.0"
"XRPUSDT","2026-08","1787666400","1.4577","1.479","1.454","1.4731","0.0"
"XRPUSDT","2026-08","1787670000","1.4732","1.4801","1.4644","1.4788","0.0"
"XRPUSDT","2026-08","1787673600","1.4787","1.4836","1.4666","1.4717","0.0"
"XRPUSDT","2026-08","1787677200","1.4718","1.4778","1.4615","1.4762","0.0"
"XRPUSDT","2026-08","1787680800","1.4763","1.4824","1.4721","1.4761","0.0"
"XRPUSDT","2026-08","1787684400","1.4761","1.4783","1.4648","1.4719","0.0"
"XRPUSDT","2026-08","1787688000","1.472","1.4737","1.4418","1.4438","0.0"
"XRPUSDT","2026-08","1787691600","1.4437","1.4498","1.4043","1.4383","0.0"
"XRPUSDT","2026-08","1787695200","1.4383","1.453","1.4378","1.4473","0.0"
"XRPUSDT","2026-08","1787698800","1.4473","1.45","1.4278","1.4343","0.0"
"XRPUSDT","2026-08","1787702400","1.4344","1.4372","1.4235","1.4331","0.0"
"XRPUSDT","2026-08","1787706000","1.433","1.447","1.4321","1.442","0.0"
"XRPUSDT","2026-08","1787709600","1.442","1.4509","1.4373","1.4433","0.0"
"XRPUSDT","2026-08","1787713200","1.4433","1.4457","1.4351","1.4395","0.0"
"XRPUSDT","2026-08","1787716800","1.4395","1.4513","1.4328","1.435","0.0"
"XRPUSDT","2026-08","1787720400","1.435","1.4465","1.425","1.4427","0.0"
"XRPUSDT","2026-08","1787724000","1.4428","1.4472","1.4317","1.4374","0.0"
"XRPUSDT","2026-08","1787727600","1.4373","1.4432","1.4323","1.4328","0.0"
"XRPUSDT","2026-08","1787731200","1.4329","1.4408","1.424","1.4291","0.0"
"XRPUSDT","2026-08","1787734800","1.4291","1.4329","1.4077","1.4096","0.0"
"XRPUSDT","2026-08","1787738400","1.4096","1.435","1.4039","1.4307","0.0"
"XRPUSDT","2026-08","1787742000","1.4308","1.4322","1.4076","1.4119","0.0"
"XRPUSDT","2026-08","1787745600","1.4119","1.4243","1.3955","1.4101","0.0"
"XRPUSDT","2026-08","1787749200","1.41","1.4124","1.3766","1.3944","0.0"
"XRPUSDT","2026-08","1787752800","1.3943","1.3995","1.3697","1.3714","0.0"
"XRPUSDT","2026-08","1787756400","1.3714","1.3807","1.3574","1.3729","0.0"
"XRPUSDT","2026-08","1787760000","1.3729","1.3808","1.3674","1.3749","0.0"
"XRPUSDT","2026-08","1787763600","1.375","1.3967","1.3735","1.3863","0.0"
"XRPUSDT","2026-08","1787767200","1.3864","1.39","1.3779","1.3843","0.0"
"XRPUSDT","2026-08","1787770800","1.3842","1.3882","1.3771","1.3781","0.0"
"XRPUSDT","2026-08","1787774400","1.3781","1.3801","1.3645","1.3794","0.0"
"XRPUSDT","2026-08","1787778000","1.3793","1.4014","1.378","1.4012","0.0"
"XRPUSDT","2026-08","1787781600","1.4011","1.4157","1.3984","1.4032","0.0"
"XRPUSDT","2026-08","1787785200","1.4032","1.4273","1.4002","1.4229","0.0"
"XRPUSDT","2026-08","1787788800","1.4228","1.4228","1.4033","1.404","0.0"
"XRPUSDT","2026-08","1787792400","1.404","1.4169","1.3972","1.4091","0.0"
"XRPUSDT","2026-08","1787796000","1.4092","1.4171","1.4019","1.4054","0.0"
"XRPUSDT","2026-08","1787799600","1.4054","1.413","1.4004","1.407","0.0"
"XRPUSDT","2026-08","1787803200","1.407","1.4103","1.398","1.4031","0.0"
"XRPUSDT","2026-08","1787806800","1.4031","1.4108","1.3926","1.4103","0.0"
"XRPUSDT","2026-08","1787810400","1.4102","1.4103","1.3981","1.4058","0.0"
"XRPUSDT","2026-08","1787814000","1.4057","1.4139","1.4028","1.412","0.0"
"XRPUSDT","2026-08","1787817600","1.4121","1.4417","1.4103","1.4351","0.0"
"XRPUSDT","2026-08","1787821200","1.4352","1.4541","1.4316","1.4359","0.0"
"XRPUSDT","2026-08","1787824800","1.4359","1.444","1.4172","1.4236","0.0"
"XRPUSDT","2026-08","1787828400","1.4235","1.433","1.4199","1.4255","0.0"
"XRPUSDT","2026-08","1787832000","1.4255","1.4346","1.4203","1.4213","0.0"
"XRPUSDT","2026-08","1787835600","1.4214","1.4418","1.4195","1.4384","0.0"
"XRPUSDT","2026-08","1787839200","1.4384","1.4707","1.4358","1.4609","0.0"
"XRPUSDT","2026-08","1787842800","1.461","1.4705","1.4515","1.4659","0.0"
"XRPUSDT","2026-08","1787846400","1.4659","1.474","1.4607","1.4656","0.0"
"XRPUSDT","2026-08","1787850000","1.4656","1.4713","1.4547","1.4584","0.0"
"XRPUSDT","2026-08","1787853600","1.4585","1.4587","1.4355","1.4519","0.0"
"XRPUSDT","2026-08","1787857200","1.4518","1.4575","1.4458","1.4571","0.0"
"XRPUSDT","2026-08","1787860800","1.4571","1.4616","1.4488","1.4547","0.0"
"XRPUSDT","2026-08","1787864400","1.4548","1.4559","1.4453","1.4501","0.0"
"XRPUSDT","2026-08","1787868000","1.4502","1.459","1.4491","1.4537","0.0"
"XRPUSDT","2026-08","1787871600","1.4536","1.4586","1.4504","1.4534","0.0"
"XRPUSDT","2026-08","1787875200","1.4534","1.4547","1.4421","1.4474","0.0"
"XRPUSDT","2026-08","1787878800","1.4474","1.4726","1.4471","1.4504","0.0"
"XRPUSDT","2026-08","1787882400","1.4504","1.4504","1.4247","1.4329","0.0"
"XRPUSDT","2026-08","1787886000","1.4329","1.4362","1.4257","1.4309","0.0"
"XRPUSDT","2026-08","1787889600","1.4309","1.4338","1.42","1.4214","0.0"
"XRPUSDT","2026-08","1787893200","1.4214","1.427","1.4182","1.422","0.0"
"XRPUSDT","2026-08","1787896800","1.422","1.4282","1.422","1.4256","0.0"
"XRPUSDT","2026-08","1787900400","1.4257","1.4259","1.4169","1.4204","0.0"
"XRPUSDT","2026-08","1787904000","1.4204","1.427","1.4184","1.4201","0.0"
"XRPUSDT","2026-08","1787907600","1.4202","1.4207","1.4085","1.4104","0.0"
"XRPUSDT","2026-08","1787911200","1.4104","1.4217","1.4017","1.4216","0.0"
"XRPUSDT","2026-08","1787914800","1.4215","1.4316","1.4193","1.4195","0.0"
"XRPUSDT","2026-08","1787918400","1.4196","1.4238","1.4134","1.4235","0.0"
"XRPUSDT","2026-08","1787922000","1.4235","1.4262","1.4145","1.4188","0.0"
"XRPUSDT","2026-08","1787925600","1.4188","1.442","1.3866","1.4314","0.0"
"XRPUSDT","2026-08","1787929200","1.4314","1.4379","1.4025","1.4034","0.0"
"XRPUSDT","2026-08","1787932800","1.4034","1.4125","1.3729","1.3929","0.0"
"XRPUSDT","2026-08","1787936400","1.3929","1.394","1.3813","1.3884","0.0"
"XRPUSDT","2026-08","1787940000","1.3884","1.3891","1.3633","1.374","0.0"
"XRPUSDT","2026-08","1787943600","1.3741","1.384","1.3733","1.3785","0.0"
"XRPUSDT","2026-08","1787947200","1.3786","1.3868","1.3754","1.3804","0.0"
"XRPUSDT","2026-08","1787950800","1.3805","1.3844","1.3698","1.3723","0.0"
"XRPUSDT","2026-08","1787954400","1.3723","1.3841","1.3708","1.383","0.0"
"XRPUSDT","2026-08","1787958000","1.383","1.3843","1.3805","1.3838","0.0"
"XRPUSDT","2026-08","1787961600","1.3838","1.3894","1.3812","1.3832","0.0"
"XRPUSDT","2026-08","1787965200","1.3832","1.3878","1.3768","1.385","0.0"
"XRPUSDT","2026-08","1787968800","1.3851","1.3873","1.3796","1.3827","0.0"
"XRPUSDT","2026-08","1787972400","1.3827","1.3851","1.3783","1.3795","0.0"
"XRPUSDT","2026-08","1787976000","1.3795","1.3863","1.3788","1.3863","0.0"
"XRPUSDT","2026-08","1787979600","1.3862","1.3928","1.3851","1.3891","0.0"
"XRPUSDT","2026-08","1787983200","1.3892","1.3895","1.377","1.3806","0.0"
"XRPUSDT","2026-08","1787986800","1.3806","1.3866","1.38","1.3828","0.0"
"XRPUSDT","2026-08","1787990400","1.3827","1.3841","1.3785","1.3831","0.0"
"XRPUSDT","2026-08","1787994000","1.383","1.3863","1.3816","1.3839","0.0"
"XRPUSDT","2026-08","1787997600","1.3838","1.3893","1.3793","1.3853","0.0"
"XRPUSDT","2026-08","1788001200","1.3852","1.3869","1.3819","1.3833","0.0"
"XRPUSDT","2026-08","1788004800","1.3833","1.3868","1.381","1.3847","0.0"
"XRPUSDT","2026-08","1788008400","1.3846","1.3877","1.3829","1.3869","0.0"
"XRPUSDT","2026-08","1788012000","1.387","1.4032","1.3859","1.4007","0.0"
"XRPUSDT","2026-08","1788015600","1.4007","1.4012","1.3903","1.3932","0.0"
"XRPUSDT","2026-08","1788019200","1.3932","1.3977","1.3895","1.3919","0.0"
"XRPUSDT","2026-08","1788022800","1.392","1.3949","1.3853","1.3924","0.0"
"XRPUSDT","2026-08","1788026400","1.3923","1.3971","1.3903","1.3942","0.0"
"XRPUSDT","2026-08","1788030000","1.3941","1.4002","1.3932","1.3978","0.0"
"XRPUSDT","2026-08","1788033600","1.3978","1.402","1.3947","1.3976","0.0"
"XRPUSDT","2026-08","1788037200","1.3976","1.4002","1.3913","1.3923","0.0"
"XRPUSDT","2026-08","1788040800","1.3923","1.3955","1.3907","1.3933","0.0"
"XRPUSDT","2026-08","1788044400","1.3932","1.3975","1.3928","1.3964","0.0"
"XRPUSDT","2026-08","1788048000","1.3964","1.3994","1.3928","1.3955","0.0"
"XRPUSDT","2026-08","1788051600","1.3955","1.3956","1.3891","1.3916","0.0"
"XRPUSDT","2026-08","1788055200","1.3916","1.3965","1.3907","1.3936","0.0"
"XRPUSDT","2026-08","1788058800","1.3936","1.3955","1.3911","1.3925","0.0"
"XRPUSDT","2026-08","1788062400","1.3926","1.3946","1.3873","1.3926","0.0"
"XRPUSDT","2026-08","1788066000","1.3925","1.3974","1.3921","1.396","0.0"
"XRPUSDT","2026-08","1788069600","1.396","1.4039","1.3936","1.4015","0.0"
"XRPUSDT","2026-08","1788073200","1.4016","1.4018","1.3913","1.3917","0.0"
"XRPUSDT","2026-08","1788076800","1.3917","1.3944","1.3888","1.3921","0.0"
"XRPUSDT","2026-08","1788080400","1.3921","1.3927","1.3817","1.3864","0.0"
"XRPUSDT","2026-08","1788084000","1.3863","1.3914","1.3846","1.3893","0.0"
"XRPUSDT","2026-08","1788087600","1.3893","1.3929","1.389","1.3924","0.0"
"XRPUSDT","2026-08","1788091200","1.3923","1.4034","1.3916","1.4027","0.0"
"XRPUSDT","2026-08","1788094800","1.4027","1.4109","1.3964","1.4088","0.0"
"XRPUSDT","2026-08","1788098400","1.4087","1.4088","1.4023","1.4037","0.0"
"XRPUSDT","2026-08","1788102000","1.4038","1.4057","1.3946","1.3983","0.0"
"XRPUSDT","2026-08","1788105600","1.3983","1.4258","1.3964","1.4226","0.0"
"XRPUSDT","2026-08","1788109200","1.4225","1.4242","1.4081","1.4192","0.0"
"XRPUSDT","2026-08","1788112800","1.4191","1.4335","1.412","1.4244","0.0"
"XRPUSDT","2026-08","1788116400","1.4244","1.4244","1.4082","1.4112","0.0"
"XRPUSDT","2026-08","1788120000","1.4113","1.4143","1.387","1.3957","0.0"
"XRPUSDT","2026-08","1788123600","1.3958","1.3991","1.3832","1.3954","0.0"
"XRPUSDT","2026-08","1788127200","1.3953","1.4037","1.3817","1.3862","0.0"
"XRPUSDT","2026-08","1788130800","1.3862","1.3875","1.3352","1.3575","0.0"
"XRPUSDT","2026-08","1788134400","1.3575","1.3707","1.3527","1.3652","0.0"
"XRPUSDT","2026-08","1788138000","1.3651","1.3662","1.3429","1.3434","0.0"
"XRPUSDT","2026-08","1788141600","1.3434","1.3575","1.3394","1.3449","0.0"
"XRPUSDT","2026-08","1788145200","1.345","1.3575","1.343","1.3546","0.0"
"XRPUSDT","2026-08","1788148800","1.3546","1.3552","1.3453","1.3515","0.0"
"XRPUSDT","2026-08","1788152400","1.3515","1.3681","1.3496","1.3636","0.0"
"XRPUSDT","2026-08","1788156000","1.3637","1.3679","1.3599","1.3645","0.0"
"XRPUSDT","2026-08","1788159600","1.3644","1.3734","1.3635","1.373","0.0"
"XRPUSDT","2026-08","1788163200","1.3729","1.3788","1.3655","1.3735","0.0"
"XRPUSDT","2026-08","1788166800","1.3734","1.3799","1.3699","1.3726","0.0"
"XRPUSDT","2026-08","1788170400","1.3727","1.3838","1.3678","1.3814","0.0"
"XRPUSDT","2026-08","1788174000","1.3813","1.3819","1.3707","1.3713","0.0"
"XRPUSDT","2026-08","1788177600","1.3713","1.3788","1.3574","1.3622","0.0"
"XRPUSDT","2026-08","1788181200","1.3622","1.3739","1.3599","1.3623","0.0"
"XRPUSDT","2026-08","1788184800","1.3624","1.3814","1.3594","1.3767","0.0"
"XRPUSDT","2026-08","1788188400","1.3768","1.3792","1.3651","1.3727","0.0"
"XRPUSDT","2026-08","1788192000","1.3728","1.3833","1.3681","1.3761","0.0"
"XRPUSDT","2026-08","1788195600","1.3762","1.3873","1.3719","1.3851","0.0"
"XRPUSDT","2026-08","1788199200","1.3851","1.3963","1.3805","1.3861","0.0"
"XRPUSDT","2026-08","1788202800","1.3861","1.3924","1.3843","1.3875","0.0"
"XRPUSDT","2026-08","1788206400","1.3876","1.3949","1.3848","1.387","0.0"
"XRPUSDT","2026-08","1788210000","1.387","1.3915","1.3802","1.3865","0.0"
"XRPUSDT","2026-08","1788213600","1.3865","1.388","1.3794","1.3809","0.0"
"XRPUSDT","2026-08","1788217200","1.3808","1.3808","1.3754","1.3798","0.0"
